Ýlaç Adý;Etken Madde;Kullaným Amacý; Yan Etkiler;Yaþ Aralýðý
Parol;Parasetamol; ateþ düþürücü;Alerjik hijyen, sürüntü;6+
Arveles;Deksketoprofen;Þiddetli aðrýlar;Mide yanmasý;18+
Majezik;Flurbiprofen;Eklem aðrýsý; Karýn aðrýsý;12+
Augmentin;Amoksisilin;Bakteriyel;Ýshal, mantar;12+
Lansor;Lansoprazol;Mide asidi dengeleyici;Baþ aðrýsý;18+
Apranax;Naproksen;Romatizmal aðrýlar, migren;Kramp,Ödem;16+
Coraspin;Asetilsalisilik Asit;kansulandýrýcý;burunkanamasý;18+
Nexium;Ezomeprazol;reflü;Aðýz kuruluðu, uyku hali;12+
Dolorex;Diklofenak;Akut aðrýlar;Baþ dönmesi;14+
Zinnat;Sefuroksim;idrar yolu enf.;kas aðrýsý;3 ay+
Nisan;Naproksen Sodyum;Aðrý kesici; baþ dönmesi;12+
Avelox;Moksifloksasin;solunumyoluenf.;Karýn aðrýsý, çarpýntý;18+
Benexol;B1, B6, B12 vitaminleri;Vitamin eksikliði;Sezonde;12+
Buscopan;Hiyosin-N-butilbromür; midekramp;Aðýz kuruluðu;6+
Cataflam;Diklofenak Potasyum;Travma sonrasý aðrýlar;Gastrit;14+
Cipro;Siprofloksasin;idrar yolu enf.;Eklem aðrýsý;18+
Desyrel;Trazodon;Depresyon;Sersemlik, aðýz kuruluðu;18+
Dexday;Deksketoprofen;Akut kas aðrýlarý;Kusma, uykusuzluk;18+
Dikloflam;Diklofenak Potasyum;Romatizmal aðrýlar;Karaciðer enzimleri;14+
Duphalac;Laktüloz;Kabýzlýk tedavisi;Þiþkinlik, gaz sancýsý;tüm yaþlar
Enfluvir;Oseltamivir;Grip (Ýnfluenza) tedavisi;Baþaðrýsý;1+
Euthyrox;Levotioksin Sodyum;Tiroid hormonu eksikliði;Terleme, titme;tüm yaþlar
Fastjel;Ketoprofen;Kas ve eklem aðrýlarý;Ciltte kýzarýklýk, sürüntü;12+
Bayrak;Metronidazol;Parazit ve bakteri enf.;Metalik tat, iþtahsýzlýk;tüm yaþlar
Gaviscon;Sodyum Aljinat;Reflü ve mide yanmasý;Kabýzlýk (nadiren);12+
Glifor;Metformin;Tip 2 Þeker (Þeker);Ýshal, B12 eksikliði;10+
Kestine;Ebastin;k rinit ve kurdeþen;Uyku hali, baþ aðrýsý;12+
Klamer;Klaritromisin;Sinüzit ve farenjit;Tat alma kalýntýlarý;6 ay+
Lustral;Sertralin;Anksiyete ve depresyon;Terleme, cinsel isteksizlik;18+
Minoset;Parasetamol;Hafif ve orta aðrýlar;Ciltte döküntü;tüm yaþlar
Monurol;Fosfomisin;Yolu;Baþ döndür, iþal;12+
Muscoril;Tiyokolþikosid;Kastici;Mide aðrýsý, sersemlik;16+
Nurofen;Ýbuprofen;Soðuk zaman ve aðrý;Mide ekþimesi, püskürt;12+
Panadol;Parasetamol;Ateþ ve aðrý tedavisi;k reaksiyonlar;tüm yaþlar
Pantpas;Pantoprazol;Gastrit vest tedavisi;Uyku, halsizlik;12+
Passiflora;Çarkýfelek Ekstresi;Huzur ve uyku;Uyuþukluk;12+
Prednol;Metilprednizolon;algýlama ve romatizma;Kilolar,;tüm yaþlar
Prozac;Fluoksetin;Depresyon ve OKB;Ýþtah kaybý, uykusuzluk;18+
Rennie;Kalsiyum Karbonat;Hazýmsýzlýk ve mide yanmamasý;Kas güçsüzlüðü;12+
Seroquel;Ketiapin;Bipolar ve þizofreni;Kilo alýmý, aðýz kuruluðu;18+
Tylolhot;Parasetamol+Psödoefedrin;Grip ve nezle;Çarpýntý, uyuklama;12+
Ventrex;Sefuroksim;yol;Ýshal, kusma;tüm yaþlar
Voltaren;Diklofenak Sodyum;Kireçlenme ve eklem aðrýsý;Sindirim sorunlarý;14+
Xanax;Alprazolam;Panik bozukluðu, anksiyete;Unutkanlýk, denge kaybý;18+
Zaditen;Ketotifen;algýlama ve astým;Aðýz kuruluðu, asabiyet;3+
Zyrtec;Setirizin;Saman nezlesi ve alerji;Yorgunluk, farenjit;2+
Amlocard;Amlodipin;Yüksek tansiyon;Ayak Årndes;18+
Beloc;Metoprolol;ritim bozukluðu;Yavaþ kalp atýþý;18+
Atarax;Hidro;Kaygý bozukluðu;Uyku hali, aðýz kuruluðu;6+
Fucidin;Fusidik Asit;Cilt enf.;Lokal ürünler,;tüm yaþlar
Geralgin-K;Parasetamol + Kafein;Rahatlama aðrýlarý, migren;Kabýzlýk, uyku hali;12+
Hametan;Hamamelis;Yanýk, piþik ve yaralar;Ciltte geçici yanma;tüm yaþlar
Heksoral;Heksetidin;Aðýz dezenfeksiyonu;Tat duyusunda deðiþim;6+
Ýbucold C;Ýbuprofen + C Vitamini;Soðuk algýnlýðý;Aðýz kuruluðu, uykusuzluk;12+
Ýlyadin;Oksimetazolin;Burun týkanýklýðý;Burun içinde kuruluk;6+
Kalmosan;Çinko Oksit;Kaþýntý ;leke oluþumu;tüm yaþlar
Katarin;Parasetamol + Oksolamin;Grip, nezle ;Sersemlik;6+
Lansazol;Lansoprazol;Mide yanmasý;Ýshal, karýn aðrýsý;18+
Levmont;Levotsetirizin;kronik astým;Baþ aðrýsý, yorgunluk;15+
Momecon;Mometazon Furoat;Egzama ve sedef;Kaþýntý, deri incelmesi;2+
Mukovit-C;Asetilsistein + C Vitamini;Balgam söktürücü;Mide yanmasý, kusma;14+
Musfixa;Tiyokolþikosid;Kas spazmý ve aðrýsý;Mide bulanmasý;16+
Nasonex;Mometazon Furoat;alerji;Burun kanamasý, farenjit;2+
Nurofen Soðuk Algýnlýðý;Ýbuprofen + Psödoefedrin;Sinüzit ve týkanýklýk;Çarpýntý, asabiyet;12+
Otrivine;Ksilometazolin;Akut rinit ve sinüzit;Yanma hissi, hapþýrma;12+
Panto;Pantoprazol;Reflü ve mide;Baþ dönmesi, gaz sancýsý;12+
Perebron;Oksolamin Fosfat;Öksürük ve solunum iltihabý;Mide hassasiyeti;2+
Piyeloseptil;Nitrofurantoin;idrar yolu enf.;idrarda koyulaþma;12+
Rantudil;Etodolak;eklem aðrýsý;Sindirim güçlüðü;18+
Saneloc;Metoprolol;Hipertansiyon;Yorgunluk, soðuk eller;18+
Sipraktin;Siproheptadin;algýlama ve iþtah açýcý;Belirgin uyku hali;2+
Spazm;Otilonyum Bromür;Ýrritabl sendromu;Karýn aðrýsý (nadir);18+
Stafine;Sodyum Fusidat;Deri enf.;kýzarýklýk,yanma;tüm yaþlar
Strepsils;Amilmetakresol;Boðaz aðrýsý;Dilde uyuþma;6+
Tanflex;Benzidamin;Boðaz aðrýsý;Aðýzda uyuþma;6+
Tantum Verde;Benzidamin;Diþ eti ve yutak diþ;Hafif yanma hissi;6+
Tebokan;Ginkgo Biloba;Hafýza kaybý, baþ dönmesi;Baþ aðrýsý, çarpýntý;18+
Teraline;Terbutalin;Astý ve yarat kramplarý;Titreme, kas kramplarý;12+
Theraflu;Parasetamol;Grip, ateþ ve týkanýklýk;Uyuklama, aðýz kuruluðu;12+
Tranko Buscas;Medazepam + Hiyosin;Karýn aðrýlarý (psikosomatik);Görme bulanýklýðý;18+
Tritace;Ramipril;Yüksek tansiyon;Kuru temizleme, baþa dönme;18+
Uropan;Oksibutinin;kaçýrma tedavisi;Kabýzlýk, görme odaðýlýðý;5+
Vaxoral;Bakteri Lizatlarý;Baðýþýklýk sistemi desteði;Öksürük;4+
Ventolin;Salbutamol;Astým krizi, nefes darlýðý;El titremesi, çarpýntý;tüm yaþlar
Visine;Tetrizolin;Gözde ve yanma;Gözde geçici yanma;2+
Xyzal;Levosetirizin;alerji;Yorgunluk, baþ aðrýsý;2+
Zaditen SRO;Ketotifen;bahar alerjisi;Aðýz kuruluðu, asabiyet;3+
Zebinix;Esikarbazepin;Epilepsi (Sara) nöbetleri;Sersemlik;6+
Zitromax;Azitromisin;boðaz enf.;Ýshal, karýn aðrýsý;tüm yaþlar
Zoretanin;Ýzotretinoin;Þiddetli akne (sivilce);Dudak ve cilt kuruluðu;12+
Zovirax;Asiklovir;Uçuk tedavisi;ciltte yanma;tüm yaþlar
Zytiga;Abirateron Asetat;Prostat kanseri tedavisi;tansiyon,karaciðer fonk.düþmesi;18+
Aknetrent;Ýzotretinoin;sivilce tedavisi;Göz kuruluðu;12+
Aldara;Ýmikimod;Siðil tedavisi;Kýzarýklýk;12+
Amoklavin;Amoksisilin;Diþ ve boðaz aðrýsý;Ýshal, bulantý;tüm yaþlar
Yardým;Asetilsistein;Balgam söktürücü;Karýn aðrýsý, kusma;2+
Avamys;Flutikazon Furoat;burun alerjisi;Burun kanamasý;2+
Bactrim;Sülfametoksazol;solunum enf.;Döküntü;2 ay+
Benical;Parasetamol;Soðuk algýnlýðý;Baþ dönmesi, sersemlik;12+
Cefaks;Sefuroksim;KBB yolu enf.;Ýshal;3 ay - 12 yaþ
Aclasta;Zoledronik Asit;Kemik erimesi (Osteoporoz);Ateþ, kas aðrýsý;18+
Adalat Crono;Nifedipin;Yüksek tansiyon, göðüs aðrýsý;Baþ aðrýsý, ödem;18+
Advantan;Metilprednizolon;Egzama ve baharatlý deri;Kaþýntý, yanma;Her Yaþ
Aerius;Desloratadin;Saman nezlesi ve alerji;Aðýz kuruluðu, yorgunluk;1+
Akineton;Biperiden;Parkinson ve titreme;Uyku hali, aðýz kuruluðu;18+
Aldactone;Spironolakton;Ödem ve yüksek tansiyon;Mide bulaþmasýsý, kramp;18+
Alfoxil;Amoksisilin;Diþ ve boðaz;Ýshal, gelin;Her Yaþ
Allegra;Feksofenadin;Mevsimseller;Baþ aðrýsý, uykululuk;12+
Allerset;Setirizin;k-k ve rinit;Yorgunluk, sersemlik;2+
Allo-P;Allopurinol;Gut kullanýmý ve taþ;Ciltteler;18+
Amaryl;Glimepirid;Tip 2 (Þeker);Kan Þekerleri;18+
Amisülpirid;Solian;Þizofreni ve psikoz;Kilolar, uyku;18+
Androcur;Siproteron Asetat;Hiperdollenme ve hormon;Karaciðer enzimleri;18+
Anestofil;Lidokain;Doðal uyumturma (krem);Hafif;Her Yaþ
Angeliq;Estradiol;Menopozlarý;Meme'ler;45+
Antepsin;Sukralfat;Mide siðil ve gastrit;Kabýzlýk, gaz;14+
Aptamil;Besin Takviyesi;Bebek bakýmý;Nadiren gaz;0-2 yaþ
Arava;Leflunomid;Romatoid artrit;Ýshal, saç.;18+
Arkoxia;Etorikoksib;Eklem ve aðrý;Tansiyon;16+
Aredia;Pamidronat;Kemikler;Kavrama benzeri;18+
Aricept;Donepezil;Alzheimer hastalýðý;Ýshal, kas kramplarý;60+
Arimidex;Anastrozol;Meme kanseri tedavisi;Sýcak basmasý, ekleme yaþý;18+
Aromasin;Eksemestan;Hormon duyarlý kanser;Terleme, yorgunluk;18+
Arthrotec;Diklofenak;Romatizmal aðrýlar;Mide aðrýsý, ishal;18+
Asacol;Mesalazin;Ülseratif kolit;Baþ aðrýsý, bulama;18+
Saldýrý;Kandesartan;Hipertansiyon (Tansiyon);Baþ dönme, halsizlik;18+
Ataspin;Asetilsalisilik Asit;Aðrý ve kan sulandýrýcý;Mide-i;16+
Ativan;Lorazepam;Kaygý ve uykusuzluk;Unutkanlýk, sersemlik;18+
Atrovent;Ýpratropium;Koah ve astým detaylarý;Öksürük, aðýz kuruluðu;6+
Avodart;Dutasterid;Prostat büyümesi;Cinsel isteksizlik;18+ (Erkek)
Azarga;Brinzolamid;Göz tansiyonu (Göz damlasý);Bulanýk Görüþ;18+
Azitro;Azitromisin;Akut es enf.;Karýn aðrýsý, kusma;Her Yaþ
Bactroban;Mupirosin;Cilt (Pomad);Uygulama yerinde yanma;Her Yaþ
Baraclude;Entekavir;Kronik Hepatit B;Baþ aðrýsý, halsizlik;18+
Becotide;Beklometazon;Astým spreyi;Ses yayýlýmý, boðazda mantar;4+
Benexol B12;Vitamin Kompleksi;Sinir sistemi saðlýðý;da koku/renk deðiþimi;12+
Bepantol;Dekspantenol;Cilt yenileme ve piþik;Yok denecek kadar az;Her Yaþ
Betaserc;Betahistin;Baþ dönmesi (Vertigo);Mide;18+
Bisolvon;Bromheksin;Balgam söktürücü;Karýn aðrýsý;2+
Brevoksil;Benzoil Peroksit;Akne ve sivilce;Ciltte kuruluk ve soyulma;12+
Brilinta;Tikagrelor;Kalp krizi geçiriyorsunuz;Nefes darlýðý, morarma;18+
Brufen;Ýbuprofen;Romatizmal aðrýlar;Mide yanmasý;12+
Calpol;Parasetamol;Bebek/Çocuk ateþi düþürücü;Nadiren;0-12 yaþ
Cardura;Doksazosin;Prostat ve deri;Halsizlik, baþ dönüyor;18+
Kasodeks;Bikalutamid;Prostat;Göðüsler;18+ (Erkek)
Celebrex;Selekoksib;Osteoartrit aðrýlarý;Þiþkinlik, uykusuzluk;18+
Cipralex;Essitalopram;Depresyon ve anksiyete;Terleme, çiðneme;18+
Cipram;Sitalopram;Panik bozukluðu;Aðýz kuruluðu, uyku hali;18+
Climara;Estradiol;Hormon replasman (Bant);Baþ aðrýsý, lekelenme;45+
Ortak Diovan;Valsartan;Rahatlatýcý yüksek duvar;Baþ döndür, yorgunluk;18+
Colchicum-Dispert;Kolþisin;Gut ataðý ve FMF tedavisi;Ýshal, kusma;18+
Kombine Vent;Salbutamol + Ýpratropium;KOAH ve çürüme astým;Çarpýntý, kiþilerin;12+
Konser;Metilfenidat;DEHB (Dikkat eksikliði);Ýþtah kaybý, uykusuzluk;6 - 65 yaþ
Controloc;Pantoprazol;Mide ailesi,;Baþ aðrýsý, diyare;12+
Cordaron;Amiodaron;Ciddi;Iþýða yoðunluðu, sýzýntýsý;18+
Cozaar;Losartan;Hipertansiyon tedavisi;Baþ döndür, yorgunluk;18+
Kreon;Pankreatin;Sindirim enzim eksikliði;Karýn aðrýsý, þiþkinlik;Her Yaþ
Crestor;Rosuvastatin;Yüksek kolesterol;Kaþaðý, þeker artýþý;10+
Siklo-Progynova;Estradiol;Hormon replasmaný;Ara kanama, ödem;45+
Cymbalta;Duloksetin;Depresyon ve nöropatik aðrý;Aðýz kuruluðu, bu;18+
Daflon;Diosmin + Hesperidin;Hemoroid ve varis tedavisi;Mide;18+
Dalacin C;Klindamisin;Ciddi;Karýn kramplarý, yana;Her Yaþ
Dalfaz;Alfuzosin;Ýyi huylu prostat büyümesi;Baþ dönme, halsizlik;18+ (Erkek)
Dederil;Difenhidramin;lensler ve uyku desteði;Sersemlik, aðýz kuruluðu;12+
Deltacortril;Prednizolon;Huzurlu ödem ve alerji;Kilo verme, mide yanmasý;Her Yaþ
Depakin;Valproik Asit;Epilepsi ve bipolar;Saç dökülmesi, kilo deðiþimi;Her Yaþ
Dermovate;Klobetazol Propionat;Huzurlu sedef ve egzama;Deri incelmesi (uzun kullaným);12+
Desiferol;D3 Vitamini;D vitamini;Fazla dozda stoklýk;Her Yaþ
Detrusitol;Tolterodin;Aþýrý aktif;Aðýz kuruluðu, daðýtlýk;18+
Diaformin;Metformin;Ýpucu 2;Karýn aðrýsý, metalik tat;10+
Diamox;Asetazolamid;Göz insaný (Glokom);Karýncalanma, aðýz kaybý;18+
Diane 35;Siproteron + Etinilestradiol;Þiddetli akne ve PKOS;Baþ aðrýsý, bulama;15+
Diazem;Diazepam;Kaygý ve kas spazmý;Uyku hali, denge izleri;18+
Differin;Adapalen;Sivilce (Akne) tedavisi;Ciltte kuruluk, yanma;12+
Digoksin;Digoksin;Kalp;Ýþtahsýzlýk, görme bozukluðu;Her Yaþ
Dilatrend;Karvedilol;Tansiyon ve kalp;Halsizlik, düþük nabýz;18+
Diprospan;Betametazon;Þiddetli romatizma (Enj.);Uyku sorunlarý, terleme;18+
Ditropan;Oksibutinin;bu;Görme bulanýklýðý;5+
Diovan;Valsartan;Hipertansiyon;Baþ döndür, baharat;18+
Doflam;Diklofenak;Kas ve robot aðrýsý;Mide aðrýsý;14+
Dogmatil;Sülpirid;Vertigo ve anksiyete;Kilolar, uyku;18+
Dostinex;Kabergolin;Prolaktin hormonu fazlalýðý;Baþ dönme, kusma;18+
Doxafin;Desloratadin;Bilinen þurubu;Yorgunluk, aðýz kuruluðu;1+
Dramamin;Dimenhidrinat;Yol tutmasý ve bu tutma;Uyku hali, sersemlik;2+
Duremes;Karbetosin;Doðum sonrasý kanama;Titreme, baþ aðrýsý;Çocuk kadýn
Durogesic;Fentanil;Þiddetli kronik aðrý (Bant);Kabýzlýk, uyku hali;18+
Dymista;Azelastin + Flutikazon;Rahatlýklý rinit;Burun kanamasý, tat bozukluðu;12+
Ebetrexat;Metotreksat;Sedef ve romatizma;Aðýz yaralarý, bulama;18+
Ebixa;Memantin;Orta/Aðýr Alzheimer;Baþ aðrýsý, daðýtlýk;60+
Ekonazol;Ekalin;Mantar;Uygulama yerinde yanma;Her Yaþ
Efeksor;Venlafaksin;Depresyon ve panik atak;Terleme, aðýz kuruluðu;18+
Efermag;Magnezyum;Magnezyum;Ýshal (fazla dozda);Her Yaþ
Eklips;Kandesartan;Tansiyon ilacý;Üst solunum yolu;18+
Elavil;Amitriptilin;Kronik aðrý ve depresyon;Uyku hali, uykuluk;18+
Elecon;Mometazon;k deri hastalýklarý;Kaþýntý, yanma;2+
Eliquis;Apiksaban;Pýhtý'nýn;Kanama'nýn;18+
Elmiron;Pentozan Poli -at;Mesane aðrýsý sendromu;Saç Yak (hafif);18+
Elocon;Mometazon Furoat;Egzama ve kalýnlýk;Ciltte renk deðiþimi;2+
Eloksatin;Oksaliplatin;Kolon kanseri tedavisi;El-ayak uyuþmasý;18+
Emedur;Trimetobenzamid;Buing ve kusma;Baþ döndür, iþal;12+
Emla;Lidokain + Prilokain;Bölgesel Uyumsuzluk (Krem);Geçici solgunluk, kýzarýklýk;Her Yaþ
Endol;Ýndometasin;Rahatsýzlýk ve aðrý;Mide aðrýsý, baþ dönmesi;14+
Enfluvir;Oseltamivir;Domuz gribi ve influenza;Bus, kusma;1+
Engerix-B;Hepatit B Aþýsý;Baðýþýklama;Bu yer aðrý;Her Yaþ
Enisyl;L-Lizin;Baðýþýklýk desteði;Nadiren mide bulamasý;Her Yaþ
Entocort;Budesonid;Crohn hastalýðý;Çarpýntý, kas kramplarý;18+
Epanutin;Fenitoin;Sara (Epilepsi) nöbetleri;Diþ eti büyüklüðü, sersemlik;Her Yaþ
Episante;Fenitoin;Nöbet taraftarlarý;Baþ dönme, renklik;Her Yaþ
Eprevit;E vitamini;E vitamini;Fazla dozda bu;Her Yaþ
Ereles;Etanersept;Romatoid artrit;G yeri;2+
Erkeksin;Bitkisel Ekstre;Takviye düzenleyici gýda;Baþache (bazýlarýnda);18+
Erycin;Eritromisin;Bakteriyel;Karýn aðrýsý, ishal;Her Yaþ
Esidrex;Hidroklortiyazid;Ödem ve kýrsal;Sývý kaybý, halsizlik;18+
Eskazol;Albendazol;Baðýrsak kurtlarý;Karýn aðrýsý, baþ aðrýsý;2+
Esmocard;Esmolol;Acil durum;Tansiyon;18+
Espumisan;Simetikon;Gaz sancýsý ve þiþkinlik;Yok denecek kadar az;Her Yaþ
Estrofem;Östradiol;Östrojen eksikliði;Meme ayarý, ödem;Çocuk kadýn
Etol Kalesi;Etodolak;Kireçlenme ve aðrý;Mide yanmasý, gaz;18+
Excedrin;Parasetamol+Aspirin+Kafein;Migren ve þiddetli aðrý;Uykusuzluk, mide aðrýsý;18+
Exelon;Rivastigmin;Demans ve Alzheimer;Ýþtahsýz, bu;60+
Exforge;Amlodipin + Valsartan;Dirençli dokuma;Baþ dönüyor, ödem;18+
Exoderil;Naftifin;Deri mantarý (Krem);Ciltte kuruluk, yanma;Her Yaþ
Expansyl;Fenilefrin;Göz muayenesi (Damla);Ýþaða Sal;Her Yaþ
Ekspertizör;Guaifenesin;Öksürk ve balgam;Mide bu ýsýtmasý;6+
Ezetrol;Ezetimib;Kolesterol düþürücü;Ýshal, yorgunluk;10+
Faktif;Gemifloksasin;Zatürre ve musit;Döküntü, baþ dönüyor;18+
Famodin;Famotidin;Mide yanmasý ve toza;Baþ aðrýsý, daðýtlýk;12+
Fansidar;Sülfadoksin;Sýtma tedavisi;Cilt kapaðý;Her Yaþ
Farlutal;Medroksiprogesteron;Adet Düzenliði;Kilo deðiþimi, lekelenme;18+
Farhex;Klorheksidin;Aðýz ve boðaz spreyi;Tat deðiþikliði;6+
Fasigyn;Tinidazol;Amip ve parazit enf.;Metalik tat, iþtahsýzlýk;Her Yaþ
Febuxostat;Adenürik;Kronik iyi hastalýklar;Karaciðer enzimleri;18+
Felden;Piroksikam;Romantikleþme;Mide aðrýsý, baþ dönmesi;18+
Femsyn;Bitkisel Ekstre;Menopoz desteði;Nadiren mide bulamasý;45+
Fenasit;Parasetamol;Ateþ ve aðrý;Kaþýntý;Her Yaþ
Fenistil;Dimetinden Maleat;Kaþýntý ve alerji (Jel);Hafif kuruluk;Her Yaþ
Fentanil;Fentanil;Ameliyat anestezisi;O'nunla birlikte yürümesi;Her Yaþ
Ferro Sanol;Demir (II);Demir;Siyah miktarlarý, mide aðrýsý;Her Yaþ
Feveran;Ýbuprofen;Çocuk ateþ yakýcý;Mide-i;6 ay+
Fexadyne;Feksofenadin;k;Baþ aðrýsý;12+
Fito;Triticum Vulgare;Cilt yaralarý ve yanýklar;Yok;Her Yaþ
Flamazin;Gümüþ Sülfadiazin;Aðýr yanýklar (Krem);Ciltte renk deðiþimi;Her Yaþ
Fliksidot;Flutikazon;As hissi kontrolü (Fýsfýs);Ses tutmalýðý;4+
Flubiprofen;Majezik muadili;Boðaz;Karýn aðrýsý;12+
Fluimusil;Asetilsistein;Yoðun balgam söktürücü;Otobüs;2+
Flurend;Flurbiprofen;Aðýz çalkalama suyu;Aðýzda yaþanma;12+
Fluzol;Flukonazol;Vajinal/Deri mantarý;Karýn aðrýsý;18+
Foradil;Formoterol;Bronþistikici;El titremesi, çarpýntý;6+
Forziga;Dapagliflozin;ve kalp;Yolu;18+
Fosamax;Alendronat;Kemikerisi;Sýrt aðrýsý, mide yanmamasý;18+
Fostimon;Ürofolitropin;Kýsýrlýk tedavisi (FSH);Baþlamak, karýn þiþkinliði;18+
Fraktal;Fluvastatin;Kolesterol düþürücü;Hazýmlýk, uykusuzluk;18+
Fraxiparin;Nadroparin;Pýhtýlaþmayý;Yerinde Morarma;18+
Frenag;Naproksen;Aðrý ve Aðrý (Jel);Hafif;12+
Frisium;Klobazam;Rahatlatýcý darbe ve aðrý;Uyku hali, aðýz kuruluðu;6+
Froben;Flurbiprofen;Romatizmal aðrýlar;Mide yanmasý;12+
Fucithalmik;Fusidik Asit;Göz;Gözde geçici yanma;Her Yaþ
Fuggy;Ýzokonazol;Cilt mantarý (Krem);Tahriþ;Her Yaþ
Fulsac;Fluoksetin;Depresyon ve yeme;Ýþtahsýz, titime;18+
Fungizone;Amfoterisin B;Ciddi mantar enf.;Ateþ, time;18+
Furacin;Nitrofürezon;Yara ve yanýk (Merhem);Cilt kapaðý;Her Yaþ
Furadantin;Nitrofurantoin;Yolu;da renk deðiþikliði;12+
Furobel;Furosemid;Ödem ve kýrsal;Sývý ve tuz kaybý;18+
Fusidas;Fusidik Asit;Bakteriyel deri enf.;Kýzarýklýk;Her Yaþ
Gabantin;Gabapentin;Sinir aðrýsý ve nöbet;Sersemlik, yorgunluk;12+
Galgifit;Bitkisel Ekstre;Sindirim sistemi desteði;Yok;18+
Galvus;Vildagliptin;Ýpucu 2;Baþ dönüyor, titime;18+
Gamunex;Ýmmün Globulin;Baðýþýklýk sistemi desteði;Baþ aðrýsý, ateþ;Her Yaþ
Gastropax;Magnezyum Karbonat;Mide yanmasý ve gaz;Ýshal;12+
Gelonida;Parasetamol + Kodein;Rahatlatýcý aðrýlar;Kabýzlýk, uyku hali;12+
Gemsitabin;Gemsitabin;Akciðer/Pankreas hastalýðý;Bu, halsizlik;18+
Genotropin;Somatropin;Büyüme hormonu;Eklem aðrýsý;2+
Gentagut;Gentamisin;Göz/Kulak gözü;Geçici yanma;Her Yaþ
Gerica;Pregabalin;Nöropatik aðrý;Konsantrasyon.;18+
Gyno-Lomexin;Fentikonazol;Vajinal mantar;Hafif yanma;18+
GlucaGen;Glukagon;Þiddetli kan þekeri düþüþü;Otobüs;Her Yaþ
Glucobay;Akarboz;Diyabet kontrolü;Gaz ve þiþkinlik;18+
Glukofaj;Metformin;Þeker Hastalýðý (Diyabet);Karýn aðrýsý;10+
Glurenorm;Glikidon;Ýnsülin dýþý diyabet;Kaþýntý;18+
Gonal-F;Follitropin Alfa;Yumurta geliþimi;Baþ aðrýsý;18+
Gopten;Trandolapril;Tansiyon ve kalp;Kuru;18+
Grisovin;Griseofulvin;Deri/Saç/Týrnak mantarý;Ýþaða Sal;2+
Gynoflor;Laktobasil;Vajinal flora;Akýntý (geçici);18+
Haldol;Haloperidol;Þizofreni ve tics;Kas sertliði;18+
Haldol Dekanoat;Haloperidol;Uzun etkili psikoz tedavisi;Huzur;18+
Heptavir;Lamivudin;Hepatit B tedavisi;Halsizlik;18+
Herbalsin;Bitkisel karýþým;Öksürk þurubu;Yok;4+
Hirudoid;Mukopolisakkarit;Morluk ve ödem (Jel);Nadiren;Her Yaþ
Humalog;Ýnsülin Lispro;Diyabet (Hýzlý etkili);Þekerler;Her Yaþ
Humulin-N;Ýnsülin (NPH);Diyabet (Orta etkili);tarzý þiþlik;Her Yaþ
Hiyalgan;Sodyum Hyaluronat;Diz oluþumu (Enj.);Eklem sertliði;18+
Hycamtin;Topotekan;Yumurtalýk kanseri;Kanlýk, saç.;18+
Hydergine;Ergoloit Mesilat;Yaþlýlýkta zihinsel gerileme;Otobüs;60+
Hidra;Hidroksiüre;Kancýlar/Kanser;Aðýz yaralarý;18+
Hidrokortizon;Hidrokortizon;Cilt Yaný (Pomad);Ýncelme'yi aþaðýlamak;Her Yaþ
Hylose;Hipromelloz;Göz kuruluðu (Suni hayali);Bulanýk Görüþ;Her Yaþ
Hytrin;Terazosin;Tansiyon ve prostat;Burun týkanýklýðý;18+
Hyzaar;Losartan + Hidroklortiyazid;Yüksek;Baþ dönüyor;18+
Ýberogast;Bitkisel Ekstre;Mide/Baðýrsak hastalýðý;Yok;12+
Ýbumetin;Ýbuprofen;Baþ ve diþ aðrýsý;Mide yanmasý;12+
Ýbuofen;Ýbuprofen;Çocuklar için ateþ ve aðrý;Mide-i;6 ay+
Ýbucold;Ýbuprofen + Psödoefedrin;Soðuk kiþisel ve sinüzit;Uykusuzluk, aðýz kuruluðu;12+
Ýburamin Sýfýr;Ýbuprofen + Klorfeniramin;Grip ve nezle aðrýsý;Sersemlik, bu;2+
Ýdarubicin;Ýdarubisin;Lösemi tedavisi;Saçlar,;18+
Ifex;Ýfosfamid;Çeþitli kanser türleri;Kanlý tuvalet, buji;18+
Ýlvico;Parasetamol + Kafein;Soðuk;Çarpýntý, uyku hali;12+
Ýmex;Tetrasiklin Hidroklorür;Akne ve sivilce (Krem);Ciltte hafif kuruluk;12+
Göçmen;Sumatriptan;Migren ataklarý;Göðüsleri hissi;18+
Ýmodium;Loperamid;Ýshal tedavisi;Kabýzlýk, karýn þiþkinliði;12+
Ýmuran;Azatioprin;Baðýþýklýk baskýlama;Enfeksiyonlar;18+
Inderal;Propranolol;Çarpýþma ve heyecan kontrolü;El ve ayaklarda soðukluk;18+
Ýnfex;Sefpodoksim;Üst solunum yolu enf.;Ýshal, karýn aðrýsý;Her Yaþ
Þiþmiþ;Diklofenak Sodyum;Gözü Yak (Damla);Gözde ýsý yanma;Her Yaþ
Ýnhibe;Silazapril;Hipertansiyon;Kuru;18+
Inspra;Eplerenon;Kalp;Potasyum;18+
Yalýtýmlý;Ýnsülin (NPH);Diyabet kontrolü;Kan Þekerleri;Her Yaþ
Ýntron A;Ýnterferon Alfa;Viral hepatit ve kanser;Kavrama benzeri;18+
Invanz;Ertapenem;Rahatlama;Damar yolu dizisi;3 ay+
Invega;Paliperidon;Þizofreni tedavisi;Hareketler;18+
Iopamiro;Ýopamidol;Röntgen kontrastý;sýcaklýk hissi;Her Yaþ
Ýpratropium;Atrovent muadili;Kronikit;Aðýz kuruluðu;6+
Irbesartan;Karvea muadili;Yüksek;Baþ dönüyor;18+
Iressa;Gefitinib;Bu;Ýshal, gelin;18+
Ýrriton;Ýrimesartan;Hipertansiyon;Halsizlik;18+
Isentress;Raltegravir;HIV tedavisi;Baþ aðrýsý, bulama;Her Yaþ
Ismo;Ýzosorbid Mononitrat;Kalp damar týkanýklýðý;Baþ aðrýsý (geçici);18+
Ýzoptin;Verapamil;Ritim;Kabýzlýk;18+
Ýzopto-Karpin;Pilokarpin;Göz;Bulanýk Görüþ;18+
Ýzoserbit;Ýzordil muadili;Göðüs aðrýsý (Anjina);Tansiyon;18+
Ýzotreksin;Ýzotretinoin + Eritromisin;Rahatsýz edici sivilce jeli;Ciltte;12+
Ýsmet;Metformin + Sitagliptin;Diyabet;Burun akýntýsý;18+
Itraspor;Ýtrakonazol;Mantar;Mide bu ýsýtmasý;18+
Ývelip;Lipit Emülsiyonu;Damar yollarý beslenme;Ateþ;Her Yaþ
Jacavi;Ruksolitinib;Kanlar;Kansýz;18+
Janumet;Sitagliptin + Metformin;Ýpucu 2;Karýn aðrýsý;18+
Januvia;Sitagliptin;Þeker hastalýðý;Boðaz aðrýsý;18+
Jevtana;Kabazitaksel;Prostat;Ýshal, halsizlik;18+
Jitidopa;Levodopa;Parkinson hastalýðý;kendisiz hareketler;18+
Jodid;Potasyum Ýyodür;Guatr'ýn;Metalik tat;Her Yaþ
Jolessa;Hormon Karýþýmý;Doðum;Ara kanama;Çocuk kadýn
Jevtana;Kabazitaksel;Kemoterapi ilaçlarý;Otobüs;18+
K-Önleyici;K1 Vitamini;Kanama'nýn;Nadiren alerji;Her Yaþ
Kaba;Gabapentin;Nöropatik aðrý;Uyku hali;12+
Kadcyla;Trastuzumab Emtansin;Meme'ler;Kaspa;18+
Kaletra;Lopinavir + Ritonavir;Antiviral tedavi;Ýshal;Her Yaþ
Kalinor;Potasyum Sitrat;Potasyum;Mide yanmasý;Her Yaþ
Kalimin;Piridostigmin;Kas güçsüzlüðü;Terleme;18+
Kamfolin;Mentol + Metil Salisilat;Kas aðrýsý (Pomad);Yanma hissi;12+
Kanamisin;Kanamisin;Antibiyotik;Ýþitme kaybý (düþünülmüþ doz);Her Yaþ
Kandizol;Flukonazol;Mantar tedavisi;Baþ aðrýsý;18+
Kansen;Klotrimazol;Mantar;Kaþýntý, boyalý;Her Yaþ
Kaopectate;Atapulgit;Ýshal ve karýn kramplarý;Kabýzlýk;12+
Kapanol;Morfin Sülfat;Rahatsýz edici kronik aðrý;Uyku hali, uykuluk;18+
Karvezide;Ýrbesartan + HCTZ;Hipertansiyon (Tansiyon);Baþ döndür, yorgunluk;18+
Keflex;Sefaleksin;Bakteriyel;Mide bulaþmasýsý, ishal;Her Yaþ
Kenacort-A;Triamsinolon;algýlama ve yatýþtýrma (Pomad);Ýncelme'yi aþaðýlamak;Her Yaþ
Keppra;Levetirazetam;Epilepsi (Sara) nöbeti;Uyuklama, halsizlik;1 ay+
Ketoral;Ketokonazol;Kepek ve mantar (Þampuan);Saçta kuruluk;Her Yaþ
Kinzy;Solifenasin;Aþýrý aktif;Aðýz kuruluðu, daðýtlýk;18+
Kivexa;Abakavir + Lamivudin;HIV tedavisi;Baþ aðrýsý, halsizlik;18+
Klavunat;Amoksisilin + Klavulanik;Antibiyotik;Ýshal,þkinlik;Her Yaþ
Kliogest;Estradiol + Noretisteron;Menopoz;Meme aðrýsý;45+
Klyax;Sodyum Fosfat;Kabýzlýk (Lavman);Karýn kramplarý;Her Yaþ
Kombiglyze;Saksagliptin + Metformin;Ýpucu 2;Karýn aðrýsý;18+
Konazol;Ketokonazol;Mantar ve mantar;Deride yanma hissi;Her Yaþ
Kontil;Pirantel Pamoat;Buketkingi;Karýn aðrýsý;2+
Kreon 25000;Pankreatin;Enzim;Gaz, iþal;Her Yaþ
Kwellada;Permetrin;Uyuz ve bit tedavisi;Kaþýntý (geçici);2 ay+
Kytril;Granisetron;Kemoterapi buingsý;Kabýzlýk, baþ aðrýsý;2+
Lacipil;Lasidipin;Yüksek;Baþ aðrýsý, ödem;18+
Laktuloz;Laktüloz;Kabýzlýk þurubu;Þiþkinlik;Her Yaþ
Lamictal;Lamotrijin;Epilepsi ve bipolar;Cilt kapaðý;2+
Lamisil;Terbinafin;Ayak mantarý (Krem);Kýzarýklýk, kýz;12+
Lanoxin;Digoksin;Kalp;Ýþtah kaybý;Her Yaþ
Lantus;Ýnsülin Glargin;Þeker hastalýðý;Þekerler;2+
Laroxyl;Amitriptilin;Depresyon ve sinir aðrýsý;Uyku hali;18+
Lasix;Furosemid;Ödem söktürücü;Kaybý;18+
Latuda;Lurasidon;Þizofreni ve bipolar;Hareketler;18+
Leksapro;Essitalopram;Depresyon ilaçlarý;Bu, terleme;18+
Lepidra;Repaglinid;Ýpucu 2;Kan Þeker Düþüklüðü;18+
Lercadip;Lercanidipin;Tansiyon ilacý;Ayak gardengsi;18+
Lescol;Fluvastatin;Kolesterol.;Karýn aðrýsý;18+
Letrozol;Femara muadili;Meme'ler;Sýcak basmasý;18+
Leukeran;Klorambusil;Kan Kanserleri;Bu, kansýzlýk;18+
Levemir;Ýnsülin Detemir;yönetim;Lokal þiþlik;2+
Levitra;Vardenafil;Sertleþtirme;Yüz kýzarmasý;18+ (Erkek)
Lex;Bisakodil;Kabýzlýk (Tablet);Karýn kramplarý;6+
Lexotan;Bromazepam;Rahatlayýn;Kasýnsý, uyku;18+
Terazi;Klordiazepoksit + Klidinyum;Huzursuz;Aðýz kuruluðu;18+
Linagliptin;Trajenta muadili;Þeker hastalýðý;Burun akýntýsý;18+
Lioresal;Baklofen;Kas sertliði (Spazm);Baþ dönüyor;18+
Lipantil;Fenofibrat;Yüksek trigliserid;Kaspa;18+
Lipitor;Atorvastatin;Kolesterol düþürücü;Eklem aðrýsý;10+
Lipozik;Karbomer;Göz kuruluðu (Jel);Bulanýk Görüþ;Her Yaþ
Sývý;Polivinil Alkol;Suni;Gözde yanma;Her Yaþ
Lisinopril;Zestril muadili;Kalp fonksiyonu/Tansiyon;Kuru;6+
Lodine;Etodolak;Aðrý ve aðrý;Gastrit;18+
Logimax;Felodipin + Metoprolol;Hipertansiyon;Baþ aðrýsý, yorgunluk;18+
Lomexin;Fentikonazol;Cilt mantarý;Yanma hissi;Her Yaþ
Lopermid;Loperamid;Ýshal Kesici;Kabýzlýk;12+
Lopid;Gemfibrozil;Yað (Lipid) söndürücü;Karýn aðrýsý;18+
Lopresor;Metoprolol Tartrat;Kalp çarpýntýsý;Yorgunluk;18+
Loratadin;Claritine muadili;Mevsimsel maske;Uyku hali (nadiren);2+
Lorazepam;Ativan muadili;Panik atak ve aðýrlýk;Unutkanlýk;18+
Lortab;Parasetamol + Hidrokodon;Çok yumuþak aðrýlar;Sersemlik, daðýtlýk;18+
Losec;Omeprazol;Mide asidi baskýlama;Gaz, baþ aðrýsý;1+
Lotemax;Loteprednol;Göz;Gözlerinizi koruyun;18+
Lotensin;Benazepril;Yüksek;Baþ dönüyor;18+
Lotrel;Amlodipin + Benazepril;Hipertansiyon;Kuru tabak, ödem;18+
Lovan;Fluoksetin;Depresyon ve bulimia;Uyku;18+
Lovastatin;Mevacor muadili;Kolesterol tedavisi;Kas kramplarý;18+
Loxitane;Loksapin;Þizofreni;Aðýz kuruluðu;18+
Lucentis;Ranibizumab;Gözde damar büyümesi;Göz içi kanama;18+
Lumigan;Bimatoprost;Göz;Kirpiklerde uzama;18+
Lümenal;Fenobarbital;Nöbet ve uyku tulumu;Uyuklama;Her Yaþ
Luminaletten;Fenobarbital;Bebeklerde nöbet tutma;Sersemlik;0+
Lunesta;Eszopiklon;Uykusuzluk tedavisi;Aðýzda acý tat;18+
Lupron;Löprolid;Prostat;Sýcak basmasý;18+
Luvox;Fluvoksamin;Obsesif kompulsif bozukluk;Bu, uyku hali;8+
Lyrica;Pregabalin;Sinir aðrýsý ve kaþýntý;Baþ döndür, kilo ver;18+
Maalox;Antiasit Karýþým;Mide yanmasý;Kabýzlýk veya iþal;12+
MabThera;Rituksimab;Lenfoma ve romatizma;Enfeksiyon riski;18+
Makrodantin;Nitrofurantoin;Yolu;bizim deðiþikliðimiz;12+
Madopar;Levodopa + Benserazid;Parkinson hastalýðý;kendisiz hareketler;18+
Magosit;Magnezyum Oksit;Magnezyum;Ýshal;Her Yaþ
Magnezyum Sülfat;Epsom Tuzu;Magnezyum;Kaybý;Her Yaþ
Maltofer;Demir (III) Hidroksit;Kansýzlýk (Anemi);Kabýzlýk, siyah boyalý;Her Yaþ
Mano;Mannitol;Beyin ödemi düþürücü;Su his;Her Yaþ
Maprotilin;Ludiomil muadili;Depresyon;Uyuklama;18+
Marcaine;Bupivakain;yürüyüþ anestezi;Tansiyon;Her Yaþ
Mardin;Desloratadin;Saman nezlesi;Yorgunluk;1+
Marevan;Varfarin;Kan sudur;Kanama'nýn;18+
Marincap;Omega 3 (Balýk Yaðý);Kalp saðlýðý desteði;Balýks'ýn;Her Yaþ
Maxalt;Rizatriptan;Migren ataðý;Baþ döndür, yorgunluk;18+
Maxicid;Famotidin;Mide asidi bildir;Baþ aðrýsý;12+
Maxidex;Deksametazon;Göz;Bulanýk Görüþ;Her Yaþ
Maksimum;Sefepim;Aðýr;Ýshal;Her Yaþ
Maxitrol;Neomisin + Polimiksin;Göz/Kulak gözü;Geçici yanma;Her Yaþ
Mediglisin;Metformin;Þeker hastalýðý;Karýn aðrýsý;10+
Medrol;Metilprednizolon;Ýltihap ve matik;Kilo;Her Yaþ
Mefen;Mefenamik Asit;Adet sancýsý ve aðrý;Mide yanmasý;14+
Meflokin;Lariam muadili;Sýtma;Kabus'un;Her Yaþ
Melfalan;Alkeran muadili;Çoklu Miyelom;Kansýz;18+
Melleril;Tiyoridazin;Þizofreni;Aðýz kuruluðu;18+
Meloksikam;Melox muadili;Kireçlenme aðrýsý;Karýn aðrýsý;16+
Meltam;Melatonin;Uyku;Sersemlik;18+
Menopur;Menotropin;Kýsýrlýk tedavisi;Baþ aðrýsý;18+
Memem;Meropenem;Aðýr hastane enf.;Damar aðrýsý;3 ay+
Mestinon;Piridostigmin;Kas zayýflýðý;Terleme;18+
Metpamid;Metoklopramid;Buing ve kusma;Uyku hali;18+
Mevacor;Lovastatin;Kolesterol düþürücü;Kas kramplarý;18+
Meksika;Meksiletin;Ciddi;Titreme, baþ dönüyor;18+
Miacalcic;Kalsitonin;Kemik erimesi (Burun spreyi);Burun-i;18+
Micardis;Telmisartan;Hipertansiyon (Tansiyon);Sýrt;18+
Mikrogynon;Hormon Karýþýmý;Doðum;Bulama, lekelenme;Çocuk kadýn
Mictonorm;Propiverin;parçacýklarýnýn aþýrý aktifliði;Aðýz kuruluðu;12+
Midazolam;Dormicum muadili;Yatý'nýn (Sedasyon);Unutkanlýk;Her Yaþ
Mifepriston;Mifeprex;Progesteron blokajý;Kanama, kramplar;18+
Göçmenler;Frozatriptan;Migren ataklarý;Yorgunluk;18+
Minipress;Prazosin;Tansiyon ve kalp;Bayýlma hissi;18+
Minirin;Desmopresin;Gece altsma;Baþ aðrýsý;5+
Minitran;Nitrogliserin;Göðüs aðrýsý (Bant);Baþ aðrýsý;18+
Minosin;Minosiklin;Sivilce ve düþman;Baþ dönüyor;12+
Minoksidil;Minox muadili;Saç tedavisi;Ciltte;18+
Miol;Tiyokolþikosid;Kastici;Mide aðrýsý;18+
Mirapeksin;Pramipeksol;Huzursuz bacak sendromu;Uyku hali;18+
Mircera;Metoksi polietilen;Böbreðe baðlý kansýz;Tansiyon;18+
Mirtazapin;Remeron muadili;Depresyon;Ýþtah;18+
Misoprostol;Cytotec muadili;Mide koruma/Doðum baþlatma;Karýn aðrýsý;18+
Mivakron;Mivakuryum;Kas Türkiyeci (Ameliyat);Yüzde kýzarma;Her Yaþ
Mobis;Meloksikam;Eklem-it;Karýn þiþkinliði;16+
Modafinil;Modiodal muadili;Narkolepsi (Aþýrý uyku);Sinirlilik;18+
Moduretic;Amilorid + HCTZ;Ödem ve kýrsal;Halsizlik;18+
Molcef;Þefiksim;Üst solunum yolu enf.;Ýshal;Her Yaþ
Molix;Parasetamol;Çocuk ateþ yakýcý;Kaþýntý;0-12 yaþ
Mometazon;Nasonex muadili;k rinit (Burun spreyi);Burun kanamasý;2+
Monodoks;Doksisiklin;Cilt ve cilt yollarý enf.;Güneþ;12+
Monoket;Ýzosorbid Mononitrat;Kalp damar saðlýðý;Baþ aðrýsý;18+
Monurol;Fosfomisin;Akut sistit (Ýdrar yolu);Ýshal;12+
Morfin;Morfin;Çok yumuþak aðrýlar;O'nunla birlikte yürümesi;Her Yaþ
Motilium;Domperidon;Bu ve þiþkinlik;Aðýz kuruluðu;12+
Movicox;Meloksikam;Romatizmal aðrýlar;Hazýmsýz;16+
Movicol;Makrogol;Kronikizm;Karýn sesleri;Her Yaþ
Moxiflox;Moksifloksasin;Zatürre ve sinüzit;Otobüs;18+
Mukain;Oksitakain;Gastrit ve mide yanmasý;Kabýzlýk;12+
Mukofalk;Psyllium;Bu;Gaz;Her Yaþ
Mukovit-C;Asetilsistein + C Vitamini;Balgamlý parçalarý;Karýn aðrýsý;2+
Mundisal;Salisilat;Diþ eti ve aðýz yaralarý;Geçici yanma;Her Yaþ
Muscoril;Tiyokolþikosid;Kas spazmlarý;Ýshal;18+
Mustine;Klormetin;Hodgkin hastalýðý;Kusma;18+
Mutan;Fluoksetin;Depresyon;Terleme;18+
Myambutol;Etambutol;Tüberküloz (Verem);Görme bulanýklýðý;13+
Mikamin;Mikafungin;Ciddi mantar enf.;Ateþ;Her Yaþ
Mikostatin;Nistatin;Aðýzda pamukçuk;Otobüs;0+
Mydfrin;Fenilefrin;Göz sallama;Ýþaða Sal;Her Yaþ
Mydriacyl;Tropikamid;Göz muayenesi;Zaman kaybý;Her Yaþ
Myfortic;Mikofenolat;Organ nakli sonrasý;Enfeksiyon riski;18+
Mylanta;Antiasit;Mide ekþimesi;Ýshal;12+
Myleran;Busulfan;Kan Kanseri (Lösemi);Öksürek;18+
Mysoline;Primidon;Sara (Epilepsi) nöbeti;Baþ dönüyor;Her Yaþ
Nalcrom;Sodyum Kromoðlikat;Gýda maskesi;Nadiren eklem aðrýsý;2+
Naltrexone;Naltrekson;Alkol ve madde maddesi;Uykusuzluk, baþ aðrýsý;18+
Namenda;Memantin;Alzheimer tedavisi;Baþ döndür, tüyleri;60+
Naprosin;Naproksen;Romatizmal aðrýlar;Mide yanmasý, ödem;16+
Narcan;Nalokson;Aþýrý doz opioid zehirlenmesi;Tansiyon;Her Yaþ
Nardil;Fenelzin;Rahatsýz edici depresyon;Baþ döndür, uyku hali;18+
Nasacort;Triamsinolon;Alerjik burun türleri;Burun kuruluðu;6+
Nasalcrom;Sodyum Kromoðlikat;Saman nezlesi (Burun spreyi);Hapþýrma;2+
Nasarel;Flunisolid;Mevsimsel maske;Burun kanamasý;6+
Nasonex;Mometazon Furoat;Burun polipleri ve alerji;Baþ aðrýsý;2+
Navane;Tiyotiksen;Psikotik bozukluklar;Kas sertliði;18+
Göbek baðý;Vinorelbin;Akciðer ve meme kanseri;Kansýzlýk, bus;18+
Nebilet;Nebivolol;Hipertansiyon ve kalp yetm.;Yorgunluk, baþ aðrýsý;18+
Nebcin;Tobramisin;Ciddi;Ýþitme kaybý (nadir);Her Yaþ
Nefazodon;Serzone muadili;Depresyon;Aðýz kuruluðu, görünümü görme;18+
Negram;Nalidiksik Asit;Yolu;Ýþaða Sal;12+
Nembutal;Pentobarbital;Uykusuzluk ve Yatýþtýrýcý;baský;Her Yaþ
Neo-Synephrine;Fenilefrin;Burun týkanýklýðý spreyi;Yanma hissi;6+
Neoral;Siklosporin;Organ nakli reddini takviyesi;Diþ eti büyümesi;Her Yaþ
Nörontin;Gabapentin;Sinir aðrýsý (Nöropati);Uyku hali, baþ dönme;12+
Nexavar;Sorafenib;Karaciðer ve Kanser;El-ayak sendromu;18+
Nexium;Ezomeprazol;Reflü ve mide;Baþ aðrýsý, daðýtlýk;12+
Niaspan;Niasin (B3 Vitamini);Yüksek kolesterol;Yüzde kýzarma (Flushing);18+
Nicorette;Nikotin;Sigara býrakma desteði;Boðazi;18+
Nifedipin;Adalat muadili;Kalp damar sistemi;Ayaklarda þiþme;18+
Nifurantin;Nitrofurantoin;Yolu;Sitemizde koyulaþma;12+
Nilandron;Nilutamid;Prostat;Ýþgala uyum parçalarý;18+ (Erkek)
Nimotop;Nimodipin;Beyin damar kanamasý sonrasý;Tansiyon;18+
Nipride;Nitroprussid;Acil bakým uygulayýcýsý;Terleme, baþ aðrýsý;Her Yaþ
Nizoral;Ketokonazol;Rahatlý mantar enf.;Karaciðer enzimleri;Her Yaþ
Nolvadex;Tamoksifen;Meme Kanseri;Sýcak basmasý;18+
Norvasc;Amlodipin;Yüksek;Ayak tutucu ödemi;18+
Norvir;Ritonavir;HIV tedavisi (Antiviral);Tat duyusu güya;Her Yaþ
Novalgin;Metamizol Sodyum;Rahatlý aðrý ve ateþ;k þok (nadir);Her Yaþ
Novolog;Ýnsülin Aspart;Þeker Hastalýðý (Hýzlý);Kan Þekerleri;Her Yaþ
Novosef;Seftriakson;Menenjit ve aðýr enf.;Ýshal;Her Yaþ
Nozinan;Levomepromazin;Þiddetli uykusuzluk ve aðrý;Tansiyon;18+
Nurofen;Ýbuprofen;Baþ ve kas aðrýsý;Mide aðrýsý;12+
Nuvigil;Armodafinil;Uyku apnesi / Narkolepsi;Baþ aðrýsý, uyku;18+
Nistatin;Mycostatin muadili;Mantar;Ýshal;Her Yaþ
Oceral;Oksikonazol;Deri mantarý (Krem);Hafif yanma;Her Yaþ
Oktreotid;Sandostatin muadili;Çocuk hormon fazlalýðý;Safra taþý riski;18+
Ocuflox;Ofloksasin;Göz;Gözde yanma;Her Yaþ
Oflocan;Ofloksasin;Bakteriyel;Ýshal;18+
Olmetec;Olmesartan;Hipertansiyon;Baþ dönüyor;18+
Oluminant;Barisitinib;Romatoid artrit;Üst solunum yolu enf.;18+
Olysio;Simeprevir;Hepatit C;Ýþaða Sal;18+
Omez;Omeprazol;Mide asidi dengeleyici;Karýn aðrýsý;1+
Omnicef;Sefdinir;Kulak ve boðaz enf.;Ýshal;6 ay+
Omnipaque;Ýoheksol;Tomografi kontrastý;sýcaklýk basmasý;Her Yaþ
Onbrez;Ýndakaterol;KOAH (Nefes);Öksürük, boðazý;18+
Oncaspar;Pegaspargaz;Akut lenfoblastik lösemi;Karaciðer enzimleri;Her Yaþ
Ondansetron;Zofran muadili;Þiddetli kusmanýn;Kabýzlýk, baþ aðrýsý;6 ay+
Onglyza;Saksagliptin;Ýpucu 2;Burun akýntýsý, baþ aðrýsý;18+
Onivye;Ýrinotekan;Pankreas kanseri;Ýshal, halsizlik;18+
Opatanol;Olopatadin;k konjonktivit (Göz);Gözde yanma, batma;3+
Opdivo;Nivolumab;Cilt ve akciðer kanseri;Yorgunluk,;18+
Opsumit;Masitentan;Pulmoner hipertansiyon;Kansýzlýk, baþ aðrýsý;18+
Optikrom;Sodyum Kromoðlikat;Göz maskesi;Buyurun;4+
Optik;Suni Gözyaþý;Göz kuruluðu ve yanma;Yok denecek kadar az;Her Yaþ
Oracefal;Sefadroksil;Boðaz ve deri;Mide bu ýsýtmasý;Her Yaþ
Oradexon;Deksametazon;Huzurlu ödem ve alerji;Ýþtah artýþý, ödem;Her Yaþ
Oramorph;Morfin Sülfat;Þiddetli aðrý;Kabýzlýk, uyku hali;18+
Orap;Pimozid;Tourette sendromu / Tikler;Titreme, sersemlik;12+
Orencia;Abatasept;Romatoid artrit;Baþaða, boðaz aðrýsý;6+
Orfadin;Nitisinon;Kalitsal metabolik hastalýk;Gözde;Her Yaþ
Orgalutran;Ganireliks;Tüp bebek tedavisi;Yerinde Kýzarma;18+
Oris;Desloratadin;Saman nezlesi ve alerji;Yorgunluk;1+
Orlistat;Xenical muadili;Obezite (Zayýflama desteði);Yaðlýtlama;18+
Oronazol;Ketokonazol;Sistemik mantar enf.;Bus, kusma;Her Yaþ
Orovit;Vitamin Kompleksi;Vitaminler;Nadiren mide bulamasý;Her Yaþ
Orudis;Ketoprofen;Eklem ve kas aðrýsý;Mide yanmasý;18+
Oruvail;Ketoprofen (Yavaþ Talent);Þiddetli romatizma;Karýn aðrýsý;18+
Oseflu;Oseltamivir;Grip (Ýnfluenza);Kusma, mide aðrýsý;1+
Osmolak;Laktüloz;Kabýzlýk (Laksatif);Gaz ve þiþkinlik;Her Yaþ
Osteocare;Kalsiyum + Magnezyum;Kemik saðlýðý desteði;Kabýzlýk (fazla dozda);Her Yaþ
Otomisin;Antibiyotikli Damla;Dýþ kulak yolu;Kulakta;Her Yaþ
Otopam;Ofloksasin;Kulak;Geçici dövmeler;1+
Otrivin;Ksilometazolin;Burun týkanýklýðý spreyi;Burun içinde kuruluk;12+
Ovitrelle;Koriyonik Gonadotropin;Yumurtlama tetikleyici;Karýn aðrýsý;18+
Oxale;Oksaliplatin;Kemoterapi ilaçlarý;El ve ayakta uyuþma;18+
Oksamin;Fluvoksamin;týkantýlý bozukluk (OKB);Uyku hali;8+
Oxaydo;Oksikodon;Rahatsýz edici aðrý yönetimi;Baþ çevirme, terleme;18+
Oxford ve Bridge;Oksibutinin;kaçýrma tedavisi;Aðýz kuruluðu;5+
Oxepa;Beslenme Takviyesi;Yoðun bakým beslenmesi;Nadiren ishal;Her Yaþ
Oksezon;Oksikonazol;Deri mantarý kremi;Hafif yanma hissi;Her Yaþ
Oksoralen;Metoksalen;Sedef hastalýðý (PUVA);Mide bu ýsýtmasý;12+
Oxy-Kuntze;Oksikodon;Uzun mesafenin aðrýsý;Kabýzlýk;18+
OxyContin;Oksikodon (Kontrollü);Kanser aðrýsý;Uyuklama;18+
OxyNorm;Oksikodon (Hýzlý etkili);Rahatsýz edici an aðrýlar;Sersemlik;18+
Özempik;Semaglutid;ve kilo verdi;Bus, kusma;18+
Hýzlandýrýcý;Amiodaron;Kalp ritimleri;Ýþaða Ör;18+
Palexia;Tapentadol;Rahatsýz edici kronik aðrý;Baþ döndür, uyku hali;18+
Paliperidon;Invega muadili;Þizofreni yönetimi;Huzur;18+
Palyom;Palonosetron;Kemoterapi buingsý;Baþ aðrýsý;18+
Panadol;Parasetamol;Hafif ve orta aðrýlar;Nadiren;Her Yaþ
Pangrol;Pankreatin;Sindirim enzimi support;Þiþkinlik;Her Yaþ
Panocer;Pantoprazol;Gastrit ve mide koruma;Baþ aðrýsý;12+
Panref;Pantoprazol;Mide yanmasý ve reflü;Ýshal;12+
Pantelin;Propantelin;Aþýrý terleme ve spazm;Görme bulanýklýðý;18+
Pantoloc;Pantoprazol;Mide koruyucu, asit dengeleyici;Baþ aðrýsý, iþal;12+
Pantosol;Pantoprazol;Gastrit ve onikiparmak baðýrsaðý ülseri;Uykular;12+
Papaverin;Papaverin;Damar geniþletici ve spazm giderici;Yüzde kýzarma, terleme;Her Yaþ
Paraserol;Parasetamol;Ateþ ve hafif aðrýlar;Nadiren;Her Yaþ
Paradin;Parasetamol + Kafein;Migren ve þiddetli baþ aðrýsý;Uykusuzluk, uyutma;12+
Parafon;Klorzoksazon + Parasetamol;Bel aðrýsý ve kas spazmý;Baþ döndü, sersemlik;18+
Paranoks;Parasetamol (Fitil);Bebek ve çocuklarda ateþ/aðrý;Rezakal tahriþ;0 - 12 yaþ
Pariet;Rabeprazol;Reflü ve mide yanmasý;Karýn aðrýsý, gaz;12+
Parlodel;Bromokriptin;Parkinson ve hormon dengesizliði;Bu, daðýtlýk;18+
Parnate;Tranilsipromin;Rahatsýz edici depresyon tedavisi;Uykusuzluk, aðýz kuruluðu;18+
Paroksetin;Paxil muadili;Sosyal fobi ve anksiyete;Terleme, cinsel isteksizlik;18+
Passiflora;Çarkýfelek Çiçeði Ekstresi;Hafif uyku ve stres;Yok denecek kadar az;Her Yaþ
Paxera;Paroksetin;Panik atak ve OKB;Esneme, uyku hali;18+
Paxil;Paroksetin;Depresyon yönetimi;Mide bu ýsýtmasý;18+
Pektasol;Pekin;Ýshal durdurucu (doðal içerik);Yok;Her Yaþ
Pektol;Guaifenesin;Balgam söktürücü þurup;Nadiren mide bulamasý;6+
Pediatus;Parasetamol + Guaifenesin;Çocuk soðuk;Sersemlik;2+
Pegasys;Peginterferon Alfa-2a;Hepatit B ve C tedavisi;Kavrama benzeri;18+
Pekin;Pektol muadili;Bu;Gaz;Her Yaþ
Penadur;Benzatin Penisilin;Boðaz enfeksiyonu (Depo iðne);Bu yer aðrý;Her Yaþ
Kalem-Os;Fenoksimetilpenisilin;Bakteriyel boðaz;Ýshal, gelin;Her Yaþ
Pentasa;Mesalazin;Crohn venatif kolit;Baþ aðrýsý,;18+
Pentoks;Pentoksofilin;Damar sýcaklýðý ve dolaþýmý;Mide yanmasý;18+
Peptit;Famotidin;Mide yanmasý ve ekþime;Baþ aðrýsý;12+
Peptisun;Lansoprazol;Gastrit vest tedavisi;Ýshal;18+
Perge;Pregabalin;Sinirlenme ve fibromiyalji;Kilo kaybý, denge kaybý;18+
Periaktin;Siproheptadin;algýlama ve yem artýrýcý;Bu uyku hali;2+
Perlinganit;Gliseril Trinitrat;Acil göðüs aðrýsý (Damar yolu);Tansiyon;18+
Permasol;Potasyum Permanganat;Cilt dezenfektaný (Tablet);Ciltte boyanma;Her Yaþ
Pestigen;Vitamin Karýþýmý;Vücut sýrt artýrýcý;Yok;Her Yaþ
Pevaryl;Ekonazol;Ayak ve deri mantarý;Kýzarýklýk;Her Yaþ
Pexola;Pramipeksol;Parkinson hastalýðý;kendinsiz uyuklama;18+
Fasal;Litvanya Karbonat;Bipolar bozukluk;El titremesi, susama;18+
Fenergan;Prometazin;algý ve bu duyu þurubu;Aðýr uyku hali;2+
Phos-Ex;Kalsiyum Asetat;Böbrek formunda fosfor;Kabýzlýk;18+
Fizyojel;Nemlendirici Karýþým;Kuru ve hassas cilt bakýmý;Yok;Her Yaþ
Fizomer;Deniz Suyu;Burunki (Kartal);Yok;0+
Piyeloseptil;Nitrofurantoin;Yolu;bizim deðiþikliðimiz;12+
Piroksikam;Felden muadili;Kireçlenme ve aðrý;Gastrit;18+
Piyoglitazon;Actos muadili;Ýpucu 2;Ödem;18+
Plasil;Metoklopramid;Bu iliþki ve mide çýkýþý;Huzur;18+
Plavix;Klopidogrel;Fýhtýlaþma;Kolay morarma;18+
Plegicil;Asepromazin;Çok þiddetli hýçkýrýk/Sakinleþme;Tansiyon;18+
Pletal;Silostazol;Yürümeaðacý (Dolaþým);Baþ aðrýsý, çarpýntý;18+
Poli-Vit;Vitamin Kompleksi;Çocuk vitamin desteði;koku deðiþimi;0-12 yaþ
Polivit;Multivitamin;Geliþim desteði þurubu;Nadiren;1+
Polimiksin;Polimiksin B;Bakteriyel;Ciltte-i-Kilise;Her Yaþ
Ponstan;Mefenamik Asit;Þiddetli adet sancýsý;Mide krampý;14+
Postadoksin;Meklizin + B6 Vitamini;Bu iþ;Uyku hali;Çocuk kadýn
Pradaxa;Dabigatran;Pýhtý önleme (Antikoagülan);Kanama riski;18+
Pradaxa;Dabigatran;Pýhtýlaþmayý;Karýn aðrýsý, kanama;18+
Pramipeksol;Pexola muadili;Parkinson veing ??bacaðý;Uyku hali, bulama;18+
Prandin;Repaglinid;Ýpucu 2, tavuk döndürüyor;Kan Þeker Düþüklüðü;18+
Pravachol;Pravastatin;Kolesterol düþürücü;Kas ve eklem aðrýsý;18+
Prazosin;Minipress muadili;Yüksek tansiyon ve prostat;Baþ dönme, halsizlik;18+
Pred Forte;Prednizolon;Gözü Yak (Damla);Gözlerinizi koruyun;Her Yaþ
Prednol;Metilprednizolon;Þiddetli, alkollü ve alerjik;Kilo verdi, þiþkinlik;Her Yaþ
Pregabalin;Lyrica muadili;Sinir hasarý aðrýsý;Sersemlik, ödem;18+
Pregnyl;Koriyonik Gonadotropin;Kýsýrlýk tedavisi;Meme'ler;18+
Premarin;Konjuge Östrojen;Menopozlarý;Baþ aðrýsý, lekelenme;Çocuk kadýn
Prevalin;dinleyici karýþýmý;Burun alerjisi spreyi;Yok;12+
Prevenar 13;Zatürre Aþýsý;Baðýþýklama;Dönme yeri aðrýsý;6 hafta+
Baþkan;Darunavir;HIV (Antiviral) tedavisi;Döküntü, ishal;3+
Prilosec;Omeprazol;Mide aile, reflü;Baþ aðrýsý;1+
Primalan;Mekitazin;k rinit ve komþu;Uyuklama (hafif);2+
Primperan;Metoklopramid;Rahatsýz edici kusma ve bu kusma;Huzur;18+
Prinivil;Lisinopril;Tansiyon ve kalp;Kuru;6+
Pristiq;Desvenlafaksin;Depresyon tedavisi;Terleme, aðýz kuruluðu;18+
Privigen;Ýmmün Globulin;Baðýþýklýk sistemi desteði;Baþ aðrýsý;Her Yaþ
Pro-Bantin;Propantelin;Aþýrý terleme ve spazm;Görme bulanýklýðý;18+
Proscar;Finasterid;Ýyi huylu prostat büyümesi;Cinsel isteksizlik;18+ (Erkek)
Procto-Glyvenol;Tribenosid + Lidokain;Hemoroid (Basur) tedavisi;Yan yanma;18+
Profenid;Ketoprofen;Eklem ve aðrý;Mide yanmasý;18+
Prograf;Takrolimus;Organ nakli reddini takviyesi;Titreme, baþ aðrýsý;Her Yaþ
Progynova;Östradiol;Hormon replasmaný;Meme aðrýsý;45+
Prolia;Denosumab;Kemik erimesi (Enjeksiyon);Sýrt;18+
Prometazin;Phenergan muadili;algýlama ve yol tutmasý;Aþýrý sersemlik;2+
Pronax;Naproksen;Rahatsýz edici aðrý ve sýzý;Hazýmsýz;16+
Propofol;Diprivan muadili;Genel anestezi (Uyutucu);Tansiyon;Her Yaþ
Prozac;Fluoksetin;Depresyon ve Tututtu (OKB);Ýþtah kaybý;18+
Pulmicort;Budesonid;Astým ve KOAH (Nefes yolu);Ses tutmalýðý;6 ay+
Pulmozim;Dornaz Alfa;Kistik fibrozis tedavisi;Ses deðiþikliði;5+
Puregon;Follitropin Beta;Yumurta;Baþ aðrýsý;18+
Purinol;Metenamin;Yolu dezenfektaný;Mide bu ýsýtmasý;12+
Pylera;Bizmut + Antibiyotik;Mide mikrobu (H. Pylori);Siyah;18+
Piridyum;Fenazopiridin;yollarýnda yanma;Turuncu, bizim;12+
Qlarista;Hormon Karýþýmý;Doðum kontrol hapý;Baþ aðrýsý;Çocuk kadýn
Ketiapin;Seroquel muadili;Þizofreni ve bipolar;Kilolar, uyku;18+
Questran;Kolestiramin;Kaþýntý ve kolesterol;Kabýzlýk;6+
Quibron;Teofilin;Nefes darlýðý ve dövüþit;Çarpýntý, uykusuzluk;12+
Quinapril;Acupril muadili;Hipertansiyon;Kuru;18+
Qvar;Beklometazon;Astým (Fýsfýs);Boðazda mantar riski;5+
Rabeloc;Rabeprazol;Reflü ve mide yanmasý;Karýn aðrýsý;12+
Ramipril;Delix muadili;Yüksek;Baþ dönüyor;18+
Raneks;Rabeprazol;Gastrit ve mide koruma;Ýshal;12+
Ranitidin;Ranitab muadili;Mide asidi baskýlama;Baþ aðrýsý;12+
Hýzlý;Meloksikam;Akut aðrýlar;Mide yanmasý;16+
Rapamune;Sirolimus;Baðýþýklýk baskýlama;Ödem, sivilce;18+
Raptiva;Efalizumab;Sedef hastalýðý;Baþ aðrýsý;18+
Rasagilin;Azilect muadili;Parkinson tedavisi;Eklem aðrýsý;18+
Rasmol;Karvedilol;Tansiyon ve kalp;Halsizlik, düþük nabýz;18+
Ravel;Ýndapamid;Hipertansiyon ve ödem;Potasyum düþüklüðü;18+
Razadyne;Galantamin;Hafif/Orta Alzheimer;Bus, kusma;60+
Rebetol;Ribavirin;Hepatit C (Antiviral);Kanlýk, yorgunluk;18+
Reclast;Zolendronik Asit;Osteoporoz (Kemik erimesi);Ateþ, eklem aðrýsý;18+
Rektoderm;Gliseril Trinitrat;Anal fissür (Çatlak) kremi;Baþ aðrýsý (geçici);18+
Redostim;Ergotamin;Migren tipi baþ aðrýsý;El-ayak uyuþmasý;18+
Redokson;C Vitamini + Çinko;Baðýþýklýk sistemi desteði;Yok;Her Yaþ
Reflor;Probiyotik Maya;Ýshal ve flora düzenleme;Gaz,þkinlik;0+
Regapen;Pregabalin;Nöropatik aðrý ve uyku;Baþ döndür, uyku hali;18+
Reglan;Metoklopramid;Mide bulaþmasýsý ve yanma;Uyuklama;18+
Relpax;Eletriptan;Akut migren ataðý;Yorgunluk, aðýz kuruluðu;18+
Remeron;Mirtazapin;Depresyon ve uyku;Ýþtah artýþý, kilo alýmý;18+
Remicade;Ýnfliksibab;Crohn ve romatizma;Enfeksiyon riski;6+
Reminil;Galantamin;Demans (Bunama) tedavisi;Ýþtah kaybý;60+
Renagel;Sevelamer;Böbrek (Fosfor);Kabýzlýk, þiþkinlik;18+
Rennie;Kalsiyum + Magnezyum;Mide yanmasý ve ekþime;Yok;Her Yaþ
Requip;Ropinirol;Parkinson veing ??bacaðý;Ani uyku hali;18+
Rezonyum;Polistiren Sülfonat;Yüksek hýzda düþürücü;Bu, daðýtlýk;Her Yaþ
Solunum;Oksimetazolin;Burun týkanýklýðý spreyi;Burun yanmasý;6+
Restasis;Siklosporin;Kronik göz kuruluðu;Gözde yanma;16+
Restiva;Buprenorfin;Rahatlý aðrý (Bant);Kaþýntý, sersemlik;18+
Retavir;Ritonavir;HIV tedavisi;Ýshal, kusma;Her Yaþ
Retina;Tretinoin;Sivilce ve yaþlanmayý sýnýrlamak;Ciltte soyulma;12+
Revatio;Sildenafil;Pulmoner hipertansiyon;Yüz kýzarmasý;18+
Revia;Naltrekson;Baðýmlýlýk tedavisi;Baþ aðrýsý;18+
Revlimid;Lenalidomid;Çoklu Miyelom (Kanser);Kansýzlýk,;18+
Romatizma;Etofenamat;Kas ve eklem aðrýsý (Jel);Ciltte;Her Yaþ
Rhinocort;Budesonid;Saman nezlesi (Sprey);Burun kanamasý;6+
Rifosin;Rifamisin;Bakteriyel Kahve (Ambalaj);da renk deðiþikliði;Her Yaþ
Rilutek;Riluzol;ALS hastalýðý tedavisi;Halsizlik;18+
Risperdal;Risperidon;Þizofreni ve davranýþ boz.;Kilolar, uyku;5+
Ritalin;Metilfenidat;DEHB (Dikkat eksikliði);Ýþtahsýzlýk, çarpýntý;6+
Rivotril;Klonazepam;Nöbet ve panik bozukluðu;Kas altsi;Her Yaþ
Robaxin;Metokarbamol;Kas spazmý ve gevþek;Sersemlik;18+
Rocephin;Seftriakson;Aðýr slar;Ýshal;Her Yaþ
Roaccutane;Ýzotretinoin;Þiddetli akne (Sivilce);Dudak kuruluðu;12+
Rocaltrol;Kalsitriol;D vitamini;Kabýzlýk;Her Yaþ
Roferon-A;Ýnterferon Alfa-2a;Viral hastalýklar ve kanser;Kavrama belirtileri;18+
Rolix;Desloratadin;Bilinen þurubu;Yorgunluk;1+
Ronax;Naproksen;Kas ve eklem aðrýsý;Mide aðrýsý;12+
Roxan;Roksitromin;Boðaz ve akciðer enf.;Otobüs;Her Yaþ
Roksikodon;Oksikodon;Rahatlý aðrý tedavisi;Kabýzlýk;18+
Rulid;Roksitromin;Bakteriyel;Mide;Her Yaþ
Ritmol;Propafenon;Kalp ritimleri;Metalik tat;18+
Ryzodeg;Ýnsülin karýþýmý;Diyabet kontrolü;Þekerler;Her Yaþ
Sabril;Vigabatrin;Dirençli epilepsi nöbeti;Görme alaný daralmasý;Her Yaþ
Salgý;Salbutamol;Astým (Nefes);Baþlýk;4+
Salofalk;Mesalazin;Ülseratif kolit;Karýn aðrýsý;18+
Saneloc;Metoprolol;Tansiyon ve nabýz bildir;Yorgunluk;18+
Sancus;Granisetron;Kemoterapi buingsý;Baþ aðrýsý, daðýtlýk;2+
Sandimmun;Siklosporin;Organ nakli ve sedef;Tansiyon;Her Yaþ
Sandostatin;Oktreotid;Akromegali (Büyüme boz.);Safra kanalý yazarý;18+
Sano-D;D3 Vitamini;D vitamini;Fazla dozda yememek;Her Yaþ
Sanset;Sefpodoksim;Bakteriyel;Karýn aðrýsý;Her Yaþ
Santefer;Demir (III) Hidroksit;Kanlýk tedavisi;Diþlerde geçici boyanma;Her Yaþ
Sapropterin;Kuvan muadili;Fenilketonüri tedavisi;Burun akýntýsý;Her Yaþ
Saridon;Parasetamol + Kafein;Rahatlý baþ aðrýsý;Uyku;12+
Sarkoptil;Permetrin;Uyuz tedavisi (Losyon);Ciltte yanma hissi;2 ay+
Saxenda;Liraglutid;Obezite ve kilo yönetimi;Bulaþ, ishal;18+
Scabax;Permetrin;Uyuz ve bit ilacý;Kaþýntý (geçici);2 ay+
Sektörel;Asebutolol;Tansiyon ve ritim boz.;Yorgunluk;18+
Secuado;Asenapin;Þizofreni (Bant);Uygulama yeri çizi;18+
Sedacoron;Amiodaron;Kalp ritimleri;Ýþaða Sal;18+
Kendim;Sefaleksin;Antibiyotik (Deri/Solunum);Mide bu ýsýtmasý;Her Yaþ
Sefazol;Sefazolin;Ön koruma;Döküntü;Her Yaþ
Sefpotec;Sefpodoksim;Akut sinüzit ve farenjit;Ýshal;Her Yaþ
Seguril;Furosemid;Ödem ve yüksek tansiyon;Kaybý;18+
Selegilin;Moverdin muadili;Parkinson hastalýðý;Aðýz kuruluðu;18+
Selectra;Sertralin;Depresyon ve oturmatý;Terleme, uykusuzluk;18+
Selsun;Selenyum Sülfit;Kepek ve saç derisi mantarý;Saçta yaðlanma;Her Yaþ
Selincro;Nalmefen;Alkolün azalmasý;Baþ dönüyor;18+
Semttol;Psödoefedrin;Burun týkanýklýðý;Çarpýntý;12+
Sennalax;Senozid;Kabýzlýk (Bitkisel tabanlý);Karýn kramplarý;6+
Sensaval;Nortriptilin;Depresyon ve aðrý;Aðýz kuruluðu;18+
Serevent;Salmeterol;Astým (Uzun etkili fýsfýs);Baþ aðrýsý;4+
Seroquel;Ketiapin;Þizofreni ve bipolar;Kilo verdi, uyku hali;18+
Seroxat;Paroksetin;Kaygý;Mide bu ýsýtmasý;18+
Sertralin;Lustral muadili;Panik atak ve OKB;Ýshal, tavuk kaybý;18+
Serupin;Parasetamol;Ateþ düþürücü þurup;Nadiren;0 - 12 yaþ
Sevorane;Sevofluran;Genel anestezi (Gaz);Ajitasyon;Her Yaþ
Sibelium;Flunarizin;Migren;Kilolar;18+
Sifrol;Pramipeksol;Parkinson tedavisi;Otobüs;18+
Siklosporin;Sandimmun muadili;Baðýþýklýk baskýlama;Diþ eti þiltesi;Her Yaþ
Silvadene;Gümüþ Sülfadiazin;Yanýk’s;Ciltte renk deðiþimi;Her Yaþ
Simdax;Levosimendan;Akut kalp;Tansiyon;18+
Simulect;Basiliksimab;kemik nakli;Kabýzlýk;Her Yaþ
Simvastatin;Zocor muadili;Kolesterol yönetimi;Kas kramplarý;18+
Sinedod;Butamirat Sitrat;Kuru kýyafetleri þurubu;Baþ dönüyor;3+
Sinemat;Levodopa + Karbidopa;Parkinson titreleri;kendisiz hareketler;18+
Singulair;Montelukast;k astým;Baþ aðrýsý;2+
Sintrom;Asenokumarol;Kan sudur;Kanama'nýn;18+
Sirdalud;Tizanidin;Rahatlý kas spazmý;Tansiyon;18+
Sistidoks;Doksisiklin;Yolu;Güneþ;12+
Sirolimus;Rapamune muadili;Organ nakli sonrasý;Ödem;18+
Siprogut;Siprofloksasin;Göz/Kulak'ýn;Geçici sürücü;Her Yaþ
Sitagliptin;Januvia muadili;Þeker hastalýðý;Üst solunum yolu enf.;18+
Sizofren;Ketiapin;Psikotik bozukluklar;Aðýz kuruluðu;18+
Skopolamin;Buscopan muadili;Karýn aðrýsý ve spazm;Görme bulanýklýðý;6+
Yavaþ-K;Potasyum Klorür;Potasyum;Mide kýz;Her Yaþ
Smetan;Dioktahedral Smektit;Ýshal ve karýn aðrýsý;Kabýzlýk;2+
Solantre;Ývermektin;Rozasea (Gül hastalýðý);Ciltte yanma;18+
Solary;Vitamin Karýþýmý;Güneþ desteði;Yok;Her Yaþ
Soldan;D3 Vitamini;Kemik geliþimi (Damla);Ýþtah kaybý;0+
Solian;Amisülpirid;Þizofreni ve psikoz;Kilolar, uyku;18+
Solifen;Solifenasin;Daðýtma Kaçýrma (Mesane);Aðýz kuruluðu;18+
Soliris;Eculizumab;Nadir kanlar;Baþaða, boðaz aðrýsý;Her Yaþ
Solu-Cortef;Hidrokortizon;Acil servis ve tükürük;Tansiyon;Her Yaþ
Solu-Medrol;Metilprednizolon;Rahatlama (Enj.);Kan Þekerleri;Her Yaþ
Solupred;Prednizolon;k reaksiyonlar;Mide-i;Her Yaþ
Somatulin;Lanreotid;Çocuk hormon fazlalýðý;Ýshal, safra taþý;18+
Sominex;Difenhidramin;Uykuya yardýmcý;Sersemlik, aðýz kuruluðu;12+
Sonat;Zaleplon;Kýsa uykular;Baþ dönüyor;18+
Soolantra;Ývermektin;Akne rozasea (Krem);Cilt baskýsý;18+
Sorbifer;Demir + C Vitamini;Kansýzlýk (Anemi);Karýn aðrýsý, uykusuzluk;12+
Sotalol;Darob muadili;Kalp ritimleri;Baþ döndür, yorgunluk;18+
Sotret;Ýzotretinoin;Þiddetli akne (Sivilce);Dudak ve cilt kuruluðu;12+
Spazmo-Panalgin;Parasetamol + Spazmolitik;Karýn ve adet sancýsý;Uyku hali;12+
Spazm;Otilonyum Bromür;Ýrritabl hastalýklar (IBS);Bu iliþki (nadir);18+
Spectracef;Sefditoren;solunum yolu enf.;Ýshal;12+
Spiriva;Tiyotropium;KOAH ve astým (Fýsfýs);Aðýz kuruluðu;18+
Spironolakton;Aldactone muadili;Ödem ve yüksek tansiyon;Oradade meme büyütme;18+
Sporanox;Ýtrakonazol;Vajinal ve deri mantarý;Baþ aðrýsý, bulama;18+
Stalevo;Levodopa Karýþýmý;Parkinson hastalýðý;kendisiz hareketler;18+
Stafin;Fusidik Asit;Cilt baskýsý (Krem);Kaþýntý;Her Yaþ
Starlix;Nateglinid;Diyabet (Öðün öncesi);Titreme, terleme;18+
Statin;Atorvastatin;Kolesterol.;Kaspa;18+
Stelara;Üstekinumab;Sedef ve Crohn hastalýðý;Üst solunum yolu enf.;6+
Stilizen;Trifluoperazin;Þizofreni ve aðýr kilo;Kas sertliði;18+
Stilnoct;Zolpidem;Uykular;Unutkanlýk, sersemlik;18+
Tahmin;Desmopresin;Kanama'nýn;Baþ aðrýsý;Her Yaþ
Stivarga;Regorafenib;Kolon ve karaciðer kanseri;El-ayak kýzarýklýðý;18+
Stopever;Mentol Karýþýmý;Migren;Yok;Her Yaþ
Strattera;Atomoksetin;Dikkat eksikliði (DEHB);Ýþtah azalt;6+
Strefen;Flurbiprofen;Rahatlamalý boðaz aðrýsý;Aðýzda yaþanma;12+
Strepsils;Pastil Karýþýmý;Boðaz yanmasý ve aðrýsý;Dil tahriþi;6+
Stribild;HIV Ýlaç Karýþýmý;Antiviral tedavi;Bulaþ, ishal;12+
Stromektol;Ývermektin;Parazit ve uyuz tedavisi;Baþ dönüyor;15 kg+
Suboxone;Buprenorfin + Nalokson;Madde temizleme;Terleme, uykusuzluk;18+
Sukralfat;Antepsin muadili;Mide ve onikiparmak çýraðý;Kabýzlýk;12+
Sudafed;Psödoefedrin;Burun týkanýklýðý;Çarpýntý, sinirlilik;12+
Sülfasalazin;Salazopyrin muadili;Romatoid artrit;Ýþtah kaybý;6+
Sulperazon;Sefoperazon + Sulbaktam;Aðýr hastane;Ýshal;Her Yaþ
Sülpirid;Dogmatil muadili;Psikoz ve mide-i;Uyku hali;18+
Sulpit;Sülpirid;Kaygý ve kesicilik;Kilolar;18+
Sumatriptan;Imigran muadili;Migren ataðý treatment;göðüste baský hissi;18+
Sunitinib;Sutent muadili;Böbrekler;Halsizlik, ishal;18+
Supra;Multivitamin;Günlük enerji desteði;Yok;Her Yaþ
Supradyn;Vitamin Karýþýmý;Vitamin ve mineral desteði;da renk deðiþimi;12+
Surgam;Tiaprofenik Asit;Eklem ve kasýrga;Mide aðrýsý;18+
Surgam;Tiaprofenik Asit;Eklem ve kasýrga;Mide aðrýsý;18+
Surgilin;Selegilin;Parkinson hastalýðý;Aðýz kuruluðu, bu;18+
Surmontil;Trimipramin;Depresyon ve uyku;Uyku hali, uykuluk;18+
Sustanon;Testosteron Karýþýmý;Hormon eksikliði (Erkek);Sivilce, ses kalýnlaþmasý;18+ (Erkek)
Sutent;Sunitinib;Böbrek ve mide;Halsizlik, ishal;18+
Suxilep;Etosüksimid;Küçük nöbetler (Absans);Ýþtah kaybý;Her Yaþ
Symbicort;Budesonid + Formoterol;Astý ve KOAH fýsfýsý;Boðazi, titme;6+
Symbyax;Olanzapin + Fluoksetin;Bipolar depresyon;Kilolar,;18+
Sempati;Bitkisel karýþým;Hafif çarpma ve aðýrlýk;Yok;18+
Synagis;Palivizumab;Bebeklerde RSV virüsü korumasý;Ateþ,;0 - 2 yaþ
Synalar;Fluosinolon;Deriye ve ki;Ciltte incelme;Her Yaþ
Synarel;Nafarelin;Endometriozis tedavisi;Sýcak basmasý;18+
Synercid;Kinupristin + Dalfopristin;Rahatlama;Kaspa;18+
Synthroid;Levotioksin;Tiroid Hastalýðý (Guatr);Çarpýntý, terleme;Her Yaþ
Sytol;Kolloidal Gümüþ;Antiseptik tüpler;Yok;Her Yaþ
Tabrecta;Kapmatinib;Bu;Ödem, bulama;18+
Tadolak;Etodolak;Kireçlenme ve eklemleme;Mide yanmasý;18+
Tafinlar;Dabrafenib;Melanom (Cilt kanseri);Ateþ, baþ aðrýsý;18+
Tagamet;Simetidin;Mide asidi ve oksit;Ýshal, baþ dönüyor;12+
Tagrisso;Osimertinib;Bu;Bu;18+
Talekt;Bitkisel karýþým;Deri desteði;Yok;12+
Talinol;Atenolol;Hipertansiyon ve göðüs aðrýsý;Soðuk el ve ayaklar;18+
Talidomid;Talidomid;Cüzzam ve kemik kanseri;Uyku hali, uyumma;18+
Taltz;Ýksekizumab;Sedef hastalýðý (Psoriazis);Üst solunum yolu enf.;6+
Talzenna;Talazoparib;Meme'ler;Halsizlik, kansýzlýk;18+
Tamiflu;Oseltamivir;Grip ve tedavi;Kusma, karýn aðrýsý;1+
Tamsulosin;Flomax muadili;Prostat büyümesi (Ýdrar);Baþ dönüyor;18+ (Erkek)
Tanflex;Benzidamin;Aðýz ve boðaz spreyi;Geçici yalýklýk;6+
Tanid;Desloratadin;Mevsimsel Alman þurubu;Yorgunluk;1+
Tapazole;Metimazol;Hipertiroid çalýþmasý;Kaþýntý,;Her Yaþ
Tapentadol;Palexia muadili;Rahatsýz edici kronik aðrý;Bulaþma, sersemlik;18+
Taporin;Parasetamol;Ateþ düþürücü tablet;Yok;Her Yaþ
Tarceva;Erlotinib;Akciðer ve pankreas kanseri;Ýshal, gelin;18+
Tardyferon;Demir Sülfat;Demir eksikliði tedavisi;Kabýzlýk, siyah boyalý;12+
Targocid;Teikoplanin;Aðýr baharat enf.;Döküntü;Her Yaþ
Targretin;Beksaroten;Lenfoma (Cilt tipi);Kolesterol;18+
Tarivid;Ofloksasin;Antibiyotik;Ýshal;18+
Tasigna;Nilotinib;Kronik Miyeloid Lösemi;Baþ aðrýsý,;18+
Tasmar;Tolkapon;Parkinson (Ýleri seviyeleri);Ýshal;18+
Tavanik;Levofloksasin;Akut sinüzit ve zatürre;Mide bu ýsýtmasý;18+
Tavegyl;Klemastin;algýlama ve;Uyku hali;1+
Taxol;Paklitaksel;Yumurtalýk ve meme kanseri;Saç;18+
Taxotere;Dosetaksel;Kemoterapi ilaçlarý;Sizin;18+
Taylol Sýcak;Parasetamol + Klorfeniramin;Grip ve soðuk.;Sersemlik;12+
Tazorac;Tazaroten;Sedef ve sivilce jeli;Ciltte;12+
Tebokan;Ginkgo Biloba;Unutkanlýk ve baþ dönme;Mide;18+
Tecentriq;Atezolizumab;Bu;Yorgunluk;18+
Teflaro;Seftarolin;Deri ve akciðer enf.;Ýshal;Her Yaþ
Tegretol;Karbamazepin;Epilepsi ve sinir aðrýsý;Çiftleþme, sersemlik;Her Yaþ
Teikoplanin;Targocid muadili;Hastane;Damar tahriþi;Her Yaþ
Tekturna;Aliskiren;Yüksek tansiyon (Renin engelleyici);Ýshal;18+
Telmisartan;Micardis muadili;Hipertansiyon tedavisi;Sýrt;18+
Telzir;Fosamprenavir;HIV (Antiviral) tedavisi;Bus, öksür;6+
Temesta;Lorazepam;Þiddetli kaygý ve uykusuzluk;Unutkanlýk, sersemlik;18+
Temodal;Temozolomid;Beyin tümörü tedavisi;Bus, kusma;3+
Tenofovir;Viread muadili;Hepatit B ve HIV tedavisi;Karýn aðrýsý;12+
Tenormin;Atenolol;Kalp ritim ve doku;Halsizlik, düþük nabýz;18+
Tensinor;Atenolol;Göðüs göðüsü ve hamile;Soðuk el/ayaklar;18+
Teratof;Terbutalin;Astým (Nefes açýcý þurup);Titreme, çarpýntý;2+
Terazosin;Hytrin muadili;Prostat büyüklüðü ve tansiyon;Baþ dönüyor;18+ (Erkek)
Terbisil;Terbinafin;Avrupalý ??ve deri mantarý;Karýn þiþkinliði;18+
Terramisin;Oksitetrasiklin;Göz ve deri;Ciltte kapaklarý;Her Yaþ
Tessalon;Benzonatat;Kurutulmuþ (Kapsül);Uyuþukluk;10+
Tetradoklar;Doksisiklin;Sivilce ve düþman;Güneþ;12+
Tetrakain;Lokal Anestezik;Göz/Cilt uyuþturma;Geçici yanma;Her Yaþ
Teveten;Eprosartan;Hipertansiyon yönetimi;Baþ dönüyor;18+
Tevetenzid;Eprosartan + HCTZ;Tansiyon ve ödem;Halsizlik;18+
Talamid;Talidomid;Çoklu miyelom;Uyku hali, ödem;18+
Theo-24;Teofilin;Rahatlý nefes darlýðý;Çarpýntý, uykusuzluk;12+
Tiyosilin;Basitrasin + Neomisin;Göz ve deri duvari;Alerji;Her Yaþ
Tiyoktasit;Alfa Lipoik Asit;Þeker hastalýðý sinir hasarý;Nadiren mide aðrýsý;18+
Tiagabin;Gabitril muadili;Sara (Epilepsi);Baþ dönüyor;12+
Tiazac;Diltiazem;Kalp damar sistemi;Ödem, baþ dönüyor;18+
Ticlid;Tiklopidin;Felç (Ýnme);Morarma, yolda;18+
Tigan;Trimetobenzamid;Buing ve kusma;Baþ aðrýsý;12+
Tigecycline;Tygacil muadili;Aðýr deri ve kullanýþlý enf.;Bus, kusma;18+
Tikosyn;Dofetilid;Kalp ritimleri;Baþ aðrýsý;18+
Tilcotil;Tenoksikam;Romatizmal aðrýlar;Mide yanmasý;18+
Tildiem;Diltiazem;Yüksek metro ve anjin;Baþ aðrýsý;18+
Timoptik;Timolol;Göz insaný (Glokom);Gözde yanma;18+
Tinidazol;Fasigyn muadili;Parazit ve grip;Metalik tat;12+
Tioguanine;Lanvis muadili;Lösemi tedavisi;Otobüs;18+
Tiopronin;Thiola muadili;Sistuniri (Böbrek taþý);Döküntü;Her Yaþ
Tizanidin;Sirdalud muadili;Kas sertliði ve spazm;Aðýz kuruluðu;18+
Tobradex;Tobramisin + Deksametazon;Gözlerinizi ve ayaklarýnýzý;Bulanýk Görüþ;2+
Tobrex;Tobramisin;Bakteriyel göz;Gözde;Her Yaþ
Tofranil;Ýmipramin;Depresyon ve altkoma;Aðýz kuruluðu, uyku;6+
Tolazamid;Tolinese muadili;Ýpucu 2;Kan Þeker Düþüklüðü;18+
Tolbutamid;Orinase muadili;Þeker hastalýðý;Ýþtahsýz;18+
Tolcapone;Tasmar muadili;Parkinson hastalýðý;Ýshal;18+
Tolinaz;Tolazamid;yönetim;Mide bu ýsýtmasý;18+
Tolmetin;Tolectin muadili;Kireçlenme aðrýsý;Mide aðrýsý;2+
Tolvon;Mianserin;Depresyon ve anksiyete;Kilo;18+
Topamax;Topiramat;Migren ve epilepsi;El-ayak yönetilmesi;2+
Toprol XL;Metoprolol;Kalp saðlýðý (Uzun etkili);Baþ dönüyor;18+
Toradol;Ketorolak;Þiddetli akut aðrýlar;Gastrit;18+
Toraxin;Parasetamol + Kafein;Migren ve baþ aðrýsý;Uyku;12+
Torecan;Tietilperazin;Baþ dönme ve kusma;Kas sertliði;15+
Torisel;Temsirolimus;Ýleri aþama böbrekler;Yüzde;18+
Tracleer;Bosentan;ultrason damar;Karaciðer enzimleri;3+
Tylol;Parasetamol;Aðrý ve ateþ düþürücü;Nadiren kaþýntý;Her yaþ
Typhim Vi;Tifo Aþýsý;Tifodan korunma;Enjeksiyon yeri aðrýsý;2+
Tysabri;Natalizumab;Multipl Skleroz (MS);Yorgunluk, baþ aðrýsý;18+
Tyverb;Lapatinib;Meme kanseri (Ýleri evre);Ýshal, döküntü;18+
Ubrelvy;Ubrogepant;Akut migren ataðý;Bulantý, uyku hali;18+
Ucedane;Karglumik Asit;Amonyak fazlalýðý tedavisi;Terleme;Her yaþ
Uceris;Budesonid;Ülseratif kolit (Tablet);Baþ aðrýsý;18+
Ukrevis;Okrelizumab;MS (Yýllýk doz);Enfeksiyon riski;18+
Ulcurat;Sukralfat;Mide ve onikiparmak ülseri;Kabýzlýk;12+
Ulesfia;Benzil Alkol;Saç biti tedavisi (Losyon);Cilt tahriþi;6 ay+
Ulif;Flurbiprofen;Diþ ve boðaz aðrýsý;Mide yanmasý;12+
Ulit;Lanzoprazol;Reflü ve mide koruyucu;Ýshal;18+
Ultibro;Ýndakaterol + Glikopironyum;KOAH (Nefes açýcý);Öksürük;18+
Ultiva;Remifentanil;Ameliyat anestezisi;Solunum yavaþlamasý;Her yaþ
Ultram;Tramadol;Þiddetli aðrý yönetimi;Baþ dönmesi, bulantý;12+
Ultravist;Ýopromid;Röntgen kontrast maddesi;Bulantý, sýcaklýk;Her yaþ
Uman Big;Hepatit B Ýmmünglobulin;Hepatit B korunma (Acil);Ateþ;Her yaþ
Unacefin;Seftriakson;Antibiyotik (Ýðne);Ýshal;Her yaþ
Unisom;Difenilpiralin;Geçici uykusuzluk;Aðýr sersemlik;18+
Uniti;Desloratadin;Saman nezlesi ve kaþýntý;Yorgunluk;1+
Uptravi;Selexipag;Akciðer damar tansiyonu;Baþ aðrýsý, bulantý;18+
Uralyt-U;Potasyum Sitrat;Ürik asit taþý önleme;Mide aðrýsý;18+
Uravit;Vitamin Karýþýmý;Ýdrar yolu desteði;Yok;Her yaþ
Urecrem;Üre;Kuru ve pullanan cilt;Geçici yanma;Her yaþ
Urepar;Üre;Aþýrý sertleþmiþ cilt (Krem);Kaþýntý;Her yaþ
Urispas;Flavoksat;Ýdrar yollarý spazmý;Görme bulanýklýðý;12+
Urivon;Fosfomisin;Akut sistit tedavisi;Ýshal;12+
Uro-Vaxom;Bakteri Ekstresi;Tekrarlayan sistit aþýsý;Ýshal, kaþýntý;4+
Urocit-K;Potasyum Sitrat;Böbrek taþý önleyici;Karýn þiþkinliði;Her yaþ
Uroday;Fosfomisin;Ýdrar yolu enfeksiyonu;Bulantý;12+
Urodie;Terazosýn;Prostat büyümesi;Baþ dönmesi;18+ (Erkek)
Uroflow;Tolterodin;Aþýrý aktif mesane;Aðýz kuruluðu;18+
Urolosin;Tamsulosin;Ýdrar yapma zorluðu;Baþ dönmesi;18+ (Erkek)
Uromitexan;Mesna;Kemoterapide mesane koruma;Kötü tat duyusu;Her yaþ
Uropan;Oksibutinin;Gece alt ýslatma ve spazm;Kabýzlýk;5+
Uropant;Oksibutinin;Ýdrar kaçýrma tedavisi;Aðýz kuruluðu;5+
Urorec;Silodosin;Prostat büyümesi tedavisi;Retrograd ejakülasyon;18+ (Erkek)
Urostab;Bitkisel Karýþým;Böbrek kum dökme desteði;Karýn aðrýsý;18+
Ursa;Ursodeoksikolik Asit;Safra taþý eritme;Ýshal;Her yaþ
Ursofalk;Ursodeoksikolik Asit;Karaciðer ve safra yollarý;Karýn aðrýsý;Her yaþ
Usa;Aspirin muadili;Kalp saðlýðý (Düþük doz);Mide hassasiyeti;18+
Uskan;Sefuroksim Aksetil;Bakteriyel enfeksiyonlar;Ýshal;Her yaþ
Uteplex;Vitamin Karýþýmý;Kas ve sinir güçlendirici;Yok;Her yaþ
Utic;Vitamin Karýþýmý;Ýdrar kanalý saðlýðý;Yok;Her yaþ
Utrogestan;Progesteron;Hormon desteði / Düþük riski;Uyku hali;Yetiþkin kadýn
V-Gel;Bitkisel Jel;Vajinal enfeksiyon desteði;Geçici yanma;Yetiþkin kadýn
V-Tab;Vitamin Karýþýmý;Genel saðlýk desteði;Yok;Her yaþ
Vagifem;Estradiol;Vajinal kuruluk (Tablet);Meme hassasiyeti;45+
Vagitex;Antiseptik Jel;Vajinal hijyen;Hafif tahriþ;Yetiþkin kadýn
Valcor;Valsartan;Hipertansiyon tedavisi;Baþ dönmesi;18+
Valcyte;Valgansiklovir;CMV enfeksiyonu (Antiviral);Ýshal, titreme;Her yaþ
Valdoxan;Agomelatin;Þiddetli depresyon;Uyku hali, baþ aðrýsý;18+
Valeron;Karvedilol;Kalp yetmezliði ve tansiyon;Halsizlik;18+
Valtrex;Valasiklovir;Uçuk ve zona tedavisi;Baþ aðrýsý;12+
Valium;Diazepam;Kaygý ve kas spazmý;Sersemlik, yorgunluk;Her yaþ
Valsacor;Valsartan;Yüksek tansiyon;Baþ dönmesi;18+
Valsartan;Diovan muadili;Kalp koruma ve hipertansiyon;Karýn aðrýsý;18+
Vancocin;Vankomisin;Aðýr baðýrsak enfeksiyonu;Böbrek deðerlerinde deðiþim;Her yaþ
Vankomisin;Vancocin muadili;Dirençli bakteriyel enf.;Ýþitme kaybý (nadir);Her yaþ
Vantino;Desloratadin;Saman nezlesi (Þurup);Yorgunluk;1+
Vareniklin;Champix muadili;Sigara býrakma tedavisi;Anormal rüyalar, bulantý;18+
Varilrix;Suçiçeði Aþýsý;Suçiçeðinden korunma;Enjeksiyon yeri kýzarýklýðý;9 ay+
Vasoserc;Betahistin;Vertigo (Baþ dönmesi);Mide rahatsýzlýðý;18+
Vasostrict;Vazopressin;Düþük tansiyon (Þok durumu);Karýn krampý;Her yaþ
Vasotec;Enalapril;Kalp yetmezliði ve tansiyon;Kuru öksürük;1 ay+
Vaxigrip;Grip Aþýsý;Mevsimsel grip korunma;Kas aðrýsý;6 ay+
Vectibix;Panitumumab;Kolon (Baðýrsak) kanseri;Ciltte döküntü;18+
Velbe;Vinblastin;Lenfoma ve meme kanseri;Saç dökülmesi, bulantý;18+
Velcade;Bortezomib;Multipl Miyelom (Kanser);Sinir aðrýsý, ishal;18+
Vemlidy;Tenofovir Alafenamid;Kronik Hepatit B;Baþ aðrýsý;12+
Venegis;Venlafaksin;Depresyon ve anksiyete;Terleme, bulantý;18+
Venlafaksin;Efexor muadili;Kaygý ve panik bozukluk;Aðýz kuruluðu;18+
Venofer;Demir Sükroz;Damar yoluyla demir takviyesi;Tansiyon düþmesi;Her yaþ
Ventavis;Ýloprost;Akciðer damar tansiyonu;Yüz kýzarmasý;18+
Ventolin;Salbutamol;Astým krizi (Nefes açýcý);El titremesi, çarpýntý;Her yaþ
Ve Pes;Parasetamol Karýþýmý;Grip ve soðuk algýnlýðý;Sersemlik;12+
Vepesid;Etoposid;Akciðer ve testis kanseri;Kansýzlýk, bulantý;18+
Verapamil;Isoptin muadili;Kalp ritim ve göðüs aðrýsý;Kabýzlýk;18+
Vermazol;Mebendazol;Baðýrsak kurdu ve parazit;Karýn aðrýsý;2+
Vermidon;Parasetamol + Kafein;Baþ ve diþ aðrýsý;Uykusuzluk;12+
Vermox;Mebendazol;Kýl kurdu ve parazit;Ýshal;2+
Versed;Midazolam;Ameliyat öncesi sakinleþtirici;Unutkanlýk;Her yaþ
Vesanoid;Tretinoin;Kan kanseri (Lösemi);Dudak kuruluðu;18+
Vesicare;Solifenasin;Ýdrar torbasý aþýrý aktifliði;Aðýz kuruluðu, kabýzlýk;18+
Vfend;Vorikonazol;Ciddi mantar enfeksiyonlarý;Görme bozukluðu;2+
Viagra;Sildenafil;Sertleþme bozukluðu;Baþ aðrýsý, kýzarma;18+ (Erkek)
Vibramycin;Doksisiklin;Cilt ve üreme yollarý enf.;Güneþ hassasiyeti;12+
Victoza;Liraglutid;Tip 2 Diyabet (Günlük);Bulantý;10+
Vidaza;Azasitidin;Kan hastalýklarý (MDS);Bulantý, ateþ;18+
Vigamox;Moksifloksasin;Göz enfeksiyonu (Damla);Gözde tahriþ;Her yaþ
Vigantoletten;Vitamin D3;Kemik geliþimi (Tablet);Yok;Her yaþ
Vimpat;Lakozamid;Sara (Epilepsi) nöbeti;Baþ dönmesi, çift görme;4+
Vinblastin;Velbe muadili;Kemoterapi ilacý;Kemik iliði baskýlanmasý;18+
Vincristine;Oncovin muadili;Çocukluk çaðý kanserleri;Kabýzlýk, saç dökülmesi;Her yaþ
Viokase;Pankreatin;Sindirim enzimi desteði;Karýn aðrýsý;Her yaþ
Viramune;Nevirapin;HIV (Antiviral) tedavisi;Döküntü;Her yaþ
Viread;Tenofovir;Hepatit B tedavisi;Sýrt aðrýsý;12+
Viroptic;Trifluridin;Gözde uçuk enfeksiyonu;Göz kapaðý þiþmesi;Her yaþ
Visanne;Dienogest;Endometriozis (Çikolata kisti);Ara kanama;Yetiþkin kadýn
Visine;Tetrizolin;Göz kýzarýklýðý giderici;Geçici yanma;6+
Vismed;Sodyum Hiyalüronat;Þiddetli göz kuruluðu;Geçici bulanýk görme;Her yaþ
Vistabel;Botulinum Toksini Tip A;Yüz kýrýþýklýklarý ve spazm;Uygulama yeri aðrýsý;18+
Vistide;Sidofovir;CMV Retiniti (Göz enf.);Böbrek deðerlerinde deðiþim;18+
Visudyne;Verteporfin;Gözde damar büyümesi;Iþýða duyarlýlýk;18+
Vit-A-Pos;Vitamin A;Gece göz kuruluðu (Pomad);Bulanýk görme (geçici);Her yaþ
Vitabiyotik;Multivitamin;Baðýþýklýk desteði;Yok;Her yaþ
Vitamin B12;Siyanokobalamin;B12 eksikliði (Anemi);Yok;Her yaþ
Vitamin K1;Fitomenadion;Kanama bozukluðu / K vit.;Yüz kýzarmasý;Her yaþ
Vitaxim;Sefotaksim;Aðýr bakteriyel iltihaplar;Ýshal;Her yaþ
Vivanza;Vardenafil;Sertleþme bozukluðu;Baþ aðrýsý, burun dolgunluðu;18+ (Erkek)
Vivatone;Bitkisel Karýþým;Genel enerji ve dinçlik;Uykusuzluk;18+
Vivitrol;Naltrekson;Alkol baðýmlýlýðý (Enj.);Bulantý, halsizlik;18+
Vivotif;Tifo Aþýsý (Oral);Tifodan korunma;Karýn aðrýsý;6+
Vizimpro;Dacomitinib;Akciðer kanseri;Týrnak iltihabý;18+
Vizol S;Sodyum Hiyalüronat;Göz kuruluðu damlasý;Yok;Her yaþ
Vobex;Flurbiprofen;Romatizmal aðrýlar;Mide yanmasý;12+
Voldic;Diklofenak Sodyum;Þiddetli eklem aðrýsý;Gastrit;18+
Voltaren;Diklofenak Sodyum;Bel ve boyun aðrýsý (Jel);Cilt döküntüsü;Her yaþ
Vomex;Dimenhidrinat;Bulantý ve taþýt tutmasý;Uyku hali;6+
Vonau;Ondansetron;Kemoterapi kusmalarý;Kabýzlýk;2+
Vontrol;Difenhidol;Vertigo ve bulantý;Aðýz kuruluðu;12+
Vorikonazol;Vfend muadili;Aðýr sistemik mantar;Görme bozukluðu;2+
Vosevi;Antiviral Karýþým;Hepatit C tedavisi;Baþ aðrýsý, ishal;18+
Votrient;Pazopanib;Böbrek kanseri;Saç rengi deðiþimi;18+
Voxzogo;Vosoritide;Cücelik (Akondroplazi);Tansiyon düþmesi;5+
Vraylar;Kariprazin;Þizofreni ve bipolar;Hareket bozukluklarý;18+
Vumon;Teniposid;Çocukluk çaðý lösemisi;Saç dökülmesi;Her yaþ
Vyndamax;Tafamidis;Kalp kasý hastalýðý;Nadiren ishal;18+
Vyvanse;Lisdeksamfetamin;Dikkat eksikliði ve týkýnýrcasýna yeme;Ýþtah kaybý;6+
Warfarin;Coumadin muadili;Kan sulandýrýcý (Antikoagülan);Beklenmedik kanamalar;18+
Wegovy;Semaglutid;Kilo yönetimi (Obezite);Karýn aðrýsý, bulantý;12+
Wellbutrin;Bupropion;Depresyon ve sigara býrakma;Uykusuzluk, aðýz kuruluðu;18+
Wilate;Von Willebrand Faktörü;Kanama bozukluðu tedavisi;Baþ dönmesi;Her yaþ
Winrho SDF;Rh Ýmmünglobulin;Kan uyuþmazlýðý iðnesi;Titreme;Her yaþ
Xadago;Safinamid;Parkinson (Ýleri evre);Diskinezi (Ýstemsiz har.);18+
Xalatan;Latanoprost;Göz tansiyonu (Glokom);Göz renginde koyulaþma;18+
Xalkori;Krizotinib;Akciðer kanseri;Görme bulanýklýðý;18+
Xanax;Alprazolam;Panik atak ve anksiyete;Sersemlik, unutkanlýk;18+
Xarelto;Rivaroksaban;Pýhtýlaþma önleyici;Kanama riski;18+
Xatral;Alfuzosin;Prostat büyümesi (Ýdrar);Baþ dönmesi;18+ (Erkek)
Xefo;Lornoksikam;Þiddetli aðrý ve kireçlenme;Mide yanmasý;18+
XeljanZ;Tofasitinib;Romatoid artrit;Üst solunum yolu enf.;18+
Xeloda;Kapesitabin;Kolon ve meme kanseri;El-ayak sendromu;18+
Xenical;Orlistat;Kilo kaybý (Yað emilimi);Yaðlý dýþkýlama;18+
Xerese;Asiklovir + Hidrokortizon;Dudak uçuðu kremi;Ciltte kuruluk;6+
Xgeva;Denosumab;Kemik metastazý korumasý;Yorgunluk;18+
Xhance;Flutikazon;Burun polipleri (Sprey);Burun kanamasý;18+
Xiaflex;Kollajenaz;El doku sertleþmesi;Þiþlik, aðrý;18+
Xifaxan;Rifaximin;Seyyah ishali / Karaciðer;Þiþkinlik;12+
Xigduo;Dapagliflozin Karýþýmý;Tip 2 Diyabet;Ýdrar yolu enfeksiyonu;18+
Xolair;Omalizumab;Alerjik astým ve ürtiker;Enjeksiyon yeri aðrýsý;6+
Xopenex;Levalbuterol;Bronþ spazmý (Nefes açýcý);Titreme, çarpýntý;4+
Xospata;Gilteritinib;Akut Miyeloid Lösemi;Kas aðrýsý, yorgunluk;18+
Xtandi;Enzalutamid;Prostat kanseri;Halsizlik, sýcak basmasý;18+ (Erkek)
Xultophy;Ýnsülin + Liraglutid;Tip 2 Diyabet;Bulantý, ishal;18+
Xylocaine;Lidokain;Bölgesel uyuþturma (Lokal);Geçici uyuþukluk;Her yaþ
Xyzal;Levosetirizin;Alerjik nezle ve kaþýntý;Uyku hali (hafif);2+
Yasmin;Hormon Karýþýmý;Doðum kontrolü ve ödem;Meme hassasiyeti;Yetiþkin kadýn
Yaz;Hormon Karýþýmý;Doðum kontrolü ve akne;Baþ aðrýsý, bulantý;Yetiþkin kadýn
Yazz;Drospirenon + Östradiol;Doðum kontrol hapý;Lekelenme;Yetiþkin kadýn
Yentreve;Duloksetin;Ýdrar kaçýrma (Kadýnlarda);Bulantý, aðýz kuruluðu;18+ (Kadýn)
Yervoy;Ýpilimumab;Ýleri evre melanom;Ýshal, döküntü;12+
Yescarta;Axicabtagene;Lenfoma (Hücre tedavisi);Ateþ, tansiyon düþmesi;18+
Yondelis;Trabektedin;Yumuþak doku sarkomu;Bulantý, halsizlik;18+
Yonsa;Abirateron;Prostat kanseri;Ödem, kas aðrýsý;18+ (Erkek)
Yosprala;Aspirin + Omeprazol;Kalp koruma ve mide koruma;Mide aðrýsý;18+
Yupelri;Revefenasin;KOAH (Nefes açýcý);Öksürük;18+
Yuvit;Vitamin Karýþýmý;Genel saðlýk desteði;Yok;Her yaþ
Zaditen;Ketotifen;Alerji ve astým önleyici;Uyku hali, aðýz kuruluðu;3+
Zafirlukast;Accolate muadili;Kronik astým tedavisi;Baþ aðrýsý;5+
Zaltrap;Aflibersept;Kolon (Baðýrsak) kanseri;Tansiyon yükselmesi;18+
Zanidip;Lerkandipin;Yüksek tansiyon;Yüz kýzarmasý;18+
Zantac;Ranitidin;Mide asidi ve reflü;Baþ aðrýsý;12+
Zarontin;Etosüksimid;Sara (Epilepsi) nöbetleri;Bulantý;Her yaþ
Zaroxolyn;Metolazon;Þiddetli ödem ve tansiyon;Potasyum düþüklüðü;18+
Zavesca;Miglustat;Gaucher hastalýðý;Ýshal, titreme;18+
Zebinix;Eskarbazepin;Epilepsi nöbeti kontrolü;Baþ dönmesi;6+
Zejula;Niraparib;Yumurtalýk kanseri;Kansýzlýk, halsizlik;18+
Zelboraf;Vemurafenib;Metastatik melanom;Iþýða duyarlýlýk;18+
Zeldox;Ziprasidon;Þizofreni ve bipolar mani;Uyku hali;18+
Zemplar;Parikalsitol;Böbreðe baðlý hormon boz.;Bulantý;18+
Zemtard;Diltiazem;Tansiyon ve göðüs aðrýsý;Ayak bileði þiþmesi;18+
Zemuron;Rokuronyum;Kas gevþetici (Ameliyat);Tansiyon deðiþimi;Her yaþ
Zennat;Sefuroksim;Solunum yolu enfeksiyonu;Ýshal;Her yaþ
Zenpep;Pankrelipaz;Pankreas yetmezliði;Mide kramplarý;Her yaþ
Zepatier;Antiviral Karýþým;Hepatit C tedavisi;Yorgunluk, baþ aðrýsý;12+
Zeposia;Ozanimod;Multipl Skleroz (MS);Tansiyon artýþý;18+
Zepzelca;Lurbinektedin;Akciðer kanseri;Kansýzlýk;18+
Zerit;Stavudin;HIV (Antiviral) tedavisi;Ellerde uyuþma;Her yaþ
Zestril;Lisinopril;Kalp yetmezliði ve tansiyon;Kuru öksürük;6+
Zetia;Ezetimib;Kolesterol emilim engelleme;Ýshal;10+
Ziac;Bisoprolol + HCTZ;Tansiyon ve ödem;Yorgunluk;18+
Ziagen;Abakavir;HIV tedavisi;Ateþ, döküntü;Her yaþ
Ziana;Klindamisin + Tretinoin;Sivilce ve siyah nokta;Ciltte kuruluk;12+
Zidovudin;Retrovir muadili;HIV korunma (Anne-Bebek);Kansýzlýk;Her yaþ
Zileuton;Zyflo muadili;Astým önleyici;Karaciðer enzim artýþý;12+
Zilt;Klopidogrel;Pýhtýlaþma önleyici;Kanama eðilimi;18+
Zinacef;Sefuroksim (Ýðne);Þiddetli iltihaplar;Döküntü;Her yaþ
Zinnat;Sefuroksim (Tablet/Þurup);Bakteriyel enfeksiyonlar;Mide rahatsýzlýðý;Her yaþ
Zinnia;Bitkisel Karýþým;Genel saðlýk desteði;Yok;Her yaþ
Zipeprol;Respilene muadili;Kuru öksürük baskýlayýcý;Baþ dönmesi;12+
Ziprasidon;Zeldox muadili;Þizofreni ve Bipolar;Uyku hali, huzursuzluk;18+
Zipsila;Ziprasidon;Manik atak yönetimi;Titreme;18+
Zirtek;Setirizin;Alerji ve saman nezlesi;Uyku hali (hafif);2+
Zithromax;Azitromisin;Sinüzit ve boðaz enf.;Ýshal, bulantý;Her yaþ
Zitrotek;Azitromisin;Bakteriyel enfeksiyonlar;Karýn aðrýsý;Her yaþ
Ziv-Aflibercept;Zaltrap muadili;Kolon kanseri (Ýðne);Tansiyon yükselmesi;18+
Zocor;Simvastatin;Yüksek kolesterol;Kas aðrýsý;18+
Zofran;Ondansetron;Bulantý ve kusma;Baþ aðrýsý, kabýzlýk;2+
Zoladex;Goserelin;Prostat ve meme kanseri;Sýcak basmasý;18+
Zoledronik Asit;Zometa muadili;Kemik erimesi ve kanseri;Eklem aðrýsý;18+
Zolmitriptan;Zomig muadili;Migren ataðý tedavisi;Karýncalanma hissi;18+
Zoloft;Sertralin;Depresyon ve kaygý;Mide bulantýsý;18+
Zolpidem;Stilnoct muadili;Kýsa süreli uykusuzluk;Unutkanlýk;18+
Zometa;Zoledronik Asit;Kanser kaynaklý kemik hasarý;Grip benzeri belirtiler;18+
Zomig;Zolmitriptan;Þiddetli migren aðrýsý;Baþ dönmesi;18+
Zonegran;Zonisamid;Epilepsi (Sara) nöbeti;Ýþtah kaybý;6+
Zonisamid;Zonegran muadili;Nöbet kontrolü;Uykululuk hali;6+
Zontivity;Vorapaxar;Kalp krizi/Ýnme önleme;Kanama riski;18+
Zopiclone;Imovane muadili;Þiddetli uykusuzluk;Metalik tat;18+
Zorbtive;Somatropin;Kýsa baðýrsak sendromu;Ödem, eklem aðrýsý;18+
Zostavax;Zona Aþýsý;Zonadan korunma;Enjeksiyon yeri aðrýsý;50+
Zosyn;Piperasilin + Tazobaktam;Aðýr hastane enfeksiyonu;Ýshal, döküntü;Her yaþ
Zovirax;Asiklovir;Uçuk ve suçiçeði;Kaþýntý (Kremde);Her yaþ
Zydelig;Ýdelalisib;Kan kanseri (Lösemi/Lenfoma);Ýshal, ateþ;18+
Zykadia;Seritinib;Akciðer kanseri;Karýn aðrýsý;18+
Zylet;Tobramisin + Loteprednol;Göz iltihabý ve enfeksiyonu;Gözde yanma;18+
Zyloprim;Allopurinol;Gut hastalýðý ve taþ;Deri döküntüsü;Her yaþ
Zyma-D;Vitamin D3;Vitamin eksikliði (Damla);Yok;Her yaþ
Zymar;Gatifloksasin;Bakteriyel göz damlasý;Gözde tahriþ;1+
Zyprexa;Olanzapin;Þizofreni ve bipolar mani;Kilo alýmý, uyku;13+
Zyrtec;Setirizin;Mevsimsel alerji;Aðýz kuruluðu;2+
Zytiga;Abirateron;Ýleri evre prostat kanseri;Ödem, düþük potasyum;18+ (Erkek)
Zyvox;Linezolid;Dirençli bakteriyel enf.;Ýshal, baþ aðrýsý;Her yaþ
Zyzapin;Olanzapin;Psikoz yönetimi;Ýþtah artýþý;18+
Abatasept;Orencia muadili;Baðýþýklýk sistemi iltihabý;Baþ aðrýsý;6+
Abilify Maintena;Aripiprazol (Depo iðne);Þizofreni (Aylýk doz);Kilo artýþý;18+
Abizol;Aripiprazol;Ruhsal dengesizlik;Huzursuzluk;18+
Abreva;Dokosanol;Dudak uçuðu (Krem);Cilt kuruluðu;12+
Absenor;Valproik Asit;Epilepsi nöbetleri;Saç dökülmesi (geçici);Her yaþ
Abstral;Fentanil;Kanser aðrýsý (Dil altý);Kabýzlýk, sersemlik;18+
Acanyc;Klindamisin + Peroksit;Akne (Sivilce) jeli;Ciltte yanma;12+
Acarbose;Glucobay muadili;Þeker hastalýðý;Gaz ve þiþkinlik;18+
Accolate;Zafirlukast;Astým önleyici;Karýn aðrýsý;5+
Accuneb;Salbutamol (Nebul);Bronþ spazmý;Çarpýntý;Her yaþ
Accupril;Quinapril;Hipertansiyon;Kuru öksürük;18+
Acebel;Asebutolol;Tansiyon ve nabýz düzenleme;Yorgunluk;18+
Aceclofenac;Airon muadili;Kireçlenme ve aðrý;Hazýmsýzlýk;18+
Acedapsone;Dapsone muadili;Cüzzam tedavisi;Kansýzlýk;18+
Acefylline;Teofilin türevi;Solunum yolu geniþletici;Çarpýntý;12+
Aceinhib;Enalapril;Hipertansiyon ve kalp yetm.;Kuru öksürük;18+
Acepril;Kaptopril;Acil tansiyon düþürme;Tat duyusu bozukluðu;18+
Acepromazine;Plegicil muadili;Þiddetli hýçkýrýk ve kaygý;Tansiyon düþmesi;18+
Acetal;Parasetamol;Ateþ ve genel aðrý;Nadiren kaþýntý;Her yaþ
Acetadote;Asetilsistein;Parasetamol zehirlenmesi;Bulantý, kýzarma;Her yaþ
Acetazolamide;Diamox muadili;Göz tansiyonu ve ödem;El-ayak karýncalanmasý;Her yaþ
Acetildigoxin;Novodigal muadili;Kalp ritim düzenleyici;Bulantý, iþtahsýzlýk;18+
Acetylcysteine;Asist muadili;Balgam söktürücü;Mide yanmasý;Her yaþ
Aciclovir;Asiviral muadili;Uçuk ve zona tedavisi;Baþ aðrýsý;Her yaþ
Acitretin;Neotigason muadili;Þiddetli sedef hastalýðý;Cilt ve dudak kuruluðu;18+
Aclasta;Zoledronik Asit;Osteoporoz (Kemik erimesi);Grip benzeri belirtiler;18+
Aclidinium;Eklira muadili;KOAH (Nefes açýcý);Burun akýntýsý;18+
Acnegen;Ýzotretinoin;Þiddetli sivilce tedavisi;Dudak çatlamasý;12+
Acnelox;Eritromisin;Sivilce (Akne) jeli;Ciltte kýzarýklýk;12+
Acne-Mix;Benzoil Peroksit Karýþýmý;Sivilce kurutucu jel;Deride soyulma;12+
Acnesid;Sülfür Karýþýmý;Akneli cilt temizliði;Cilt kuruluðu;12+
Aconitum;Bitkisel Karýþým;Soðuk algýnlýðý desteði;Yok;Her yaþ
Acova;Argatroban;Pýhtýlaþma önleme;Kanama riski;18+
Acrivastine;Semprex muadili;Alerji ve saman nezlesi;Uyku hali (nadir);12+
Actonel;Risedronat;Kemik erimesini önleme;Karýn aðrýsý;18+
Actos;Piyoglitazon;Tip 2 Diyabet yönetimi;Ödem, kilo alýmý;18+
Actrapid;Hýzlý Etkili Ýnsülin;Þeker hastalýðý kontrolü;Kan þekeri düþmesi;Her yaþ
Acular;Ketorolak;Göz iltihabý (Damla);Gözde yanma;12+
Acupril;Quinapril;Yüksek tansiyon ve kalp;Baþ dönmesi;18+
Acutrim;Fenilpropanolamin;Ýþtah baskýlayýcý (Eski);Çarpýntý;18+
Adalat;Nifedipin;Tansiyon ve göðüs aðrýsý;Ayak bileði þiþmesi;18+
Adalimumab;Humira muadili;Romatizma ve sedef;Enjeksiyon yeri aðrýsý;2+
Adapalene;Differin muadili;Sivilce ve siyah nokta;Ciltte kuruluk;12+
Adasuve;Lokzapin;Þizofreni (Ýnhaler);Boðaz tahriþi;18+
Adcetris;Brentuksimab;Lenfoma tedavisi;Sinir hasarý, yorgunluk;18+
Adcirca;Sildenafil;Akciðer damar tansiyonu;Baþ aðrýsý, kýzarma;18+
Addyi;Flibanserin;Düþük cinsel istek (Kadýn);Tansiyon düþmesi;18+ (Kadýn)
Adelfan;Rezerpin + Hidralazin;Þiddetli hipertansiyon;Burun týkanýklýðý;18+
Adempas;Riosiguat;Pulmoner hipertansiyon;Baþ dönmesi;18+
Adenocard;Adenozin;Acil kalp ritim bozukluðu;Göðüste baský hissi;Her yaþ
Adenosin;Adenocard muadili;Kalp çarpýntýsý (Acil);Yüz kýzarmasý;Her yaþ
Adere;Parasetamol Karýþýmý;Grip ve soðuk algýnlýðý;Sersemlik;12+
Adetol;Parasetamol;Baþ ve diþ aðrýsý;Yok;Her yaþ
Adrenalin;Epinefrin;Alerjik þok ve kalp durmasý;Çarpýntý, titreme;Her yaþ
Adriamycin;Doksorubisin;Kanser kemoterapisi;Saç dökülmesi;18+
Advair;Flutikazon + Salmeterol;Astým ve KOAH (Fýsfýs);Boðazda mantar riski;4+
Advantan;Metilprednizolon (Krem);Egzama ve iltihaplý deri;Kaþýntý;Her yaþ
Advicor;Lovastatin + Niasin;Kolesterol ve trigliserid;Yüz kýzarmasý;18+
Advil;Ýbuprofen;Aðrý ve iltihap giderici;Mide aðrýsý;12+
Adzenys;Amfetamin;Dikkat eksikliði (DEHB);Ýþtah azalmasý;6+
Aerocef;Sefuroksim;Solunum yolu enf.;Ýshal;Her yaþ
Aerius;Desloratadin;Saman nezlesi ve kaþýntý;Yorgunluk, baþ aðrýsý;1+
Aerospan;Flunizolid;Astým kontrolü (Ýnhaler);Boðaz aðrýsý;6+
Afatinib;Gilotrif muadili;Akciðer kanseri;Ýshal, týrnak iltihabý;18+
Afinitor;Everolimus;Böbrek ve meme kanseri;Aðýz yaralarý, yorgunluk;18+
Aflibersept;Eylea muadili;Gözde damar büyümesi;Göz içi basýnç artýþý;18+
Aflubinol;Grip Karýþýmý;Soðuk algýnlýðý desteði;Sersemlik;12+
Afrin;Oksimetazolin;Burun týkanýklýðý (Sprey);Burun içinde kuruluk;6+
Agenerase;Amprenavir;HIV (Antiviral) tedavisi;Bulantý, döküntü;4+
Aggrenox;Aspirin + Dipiridamol;Ýnme (Felç) önleyici;Baþ aðrýsý;18+
Aggrastat;Tirofiban;Kalp krizi (Pýhtý önleme);Kanama riski;18+
Agiolax;Sinameki + Karnýyarýk Otu;Bitkisel kabýzlýk ilacý;Karýn kramplarý;12+
Agopton;Lansoprazol;Mide asidi ve ülser;Ýshal;18+
Agrylin;Anagrelid;Aþýrý trombosit yüksekliði;Baþ aðrýsý, çarpýntý;18+
Agyrax;Meklizin;Baþ dönmesi ve bulantý;Uyku hali;12+
Aids;Vitamin Karýþýmý;Baðýþýklýk sistemi desteði;Yok;Her yaþ
Aircomb;Montelukast + Desloratadin;Alerjik astým ve rinit;Baþ aðrýsý, yorgunluk;15+
Airfix;Montelukast;Astým ve alerji (Çiðneme);Karýn aðrýsý;2+
Airomir;Salbutamol;Bronþ spazmý (Fýsfýs);Titreme, çarpýntý;Her yaþ
Airsal;Salmeterol;Uzun etkili nefes açýcý;Kas kramplarý;4+
Airway;Salbutamol;Nefes darlýðý yönetimi;Baþ aðrýsý;Her yaþ
Ajovy;Fremanezumab;Migren önleme (Enjeksiyon);Uygulama yeri aðrýsý;18+
Akatinol;Memantin;Alzheimer tedavisi;Baþ dönmesi;18+
Akis;Asiklovir;Uçuk ve suçiçeði;Kaþýntý;Her yaþ
Aknefloks;Nadifloksasin;Ýltihaplý sivilce (Krem);Ciltte tahriþ;14+
Aknefug;Benzoil Peroksit;Sivilce kurutucu losyon;Ciltte kýzarýklýk;12+
Aknelox;Eritromisin;Akne (Sivilce) tedavisi;Kuruluk;12+
Akne-Trend;Ýzotretinoin;Þiddetli kistik akne;Dudak çatlamasý;12+
Akorodin;Bitkisel Karýþým;Kalp-damar desteði;Yok;18+
Akridin;Akriflavin;Yaralar için antiseptik;Ciltte boyanma;Her yaþ
Aksine;Parasetamol;Ateþ ve aðrý þurubu;Nadiren döküntü;0-12 yaþ
Aktifed;Psödoefedrin + Triprolidin;Burun ve göz akýntýsý;Uyku hali;6+
Aktibol;Kobamamid;Ýþtah ve büyüme desteði;Yok;Her yaþ
Aktiferrin;Demir Sülfat;Kansýzlýk (Damla/Þurup);Kabýzlýk, siyah dýþký;0+
Aktis;Vitamin Karýþýmý;Metabolizma hýzlandýrýcý;Yok;18+
Al-Amol;Parasetamol;Genel aðrý kesici;Yok;Her yaþ
Alacort;Hidrokortizon;Egzama ve deri iltihabý;Ciltte incelme;Her yaþ
Alaway;Ketotifen;Alerjik göz kaþýntýsý;Gözde yanma;3+
Alben;Albendazol;Baðýrsak kurtlarý ve kist;Baþ aðrýsý;2+
Albendazol;Andazol muadili;Parazit ve kurt ilacý;Karaciðer enzim artýþý;2+
Alburex;Albümin;Protein eksikliði (Serum);Yüz kýzarmasý;Her yaþ
Alcaftadine;Lastacaft muadili;Göz alerjisi damlasý;Gözde tahriþ;2+
Alca-C;Vitamin C + Aspirin;Soðuk algýnlýðý (Efervesan);Mide yanmasý;18+
Alclometasone;Aclovate muadili;Deri iltihabý (Krem);Kaþýntý;1+
Alcaine;Proparakain;Göz uyuþturucu damla;Geçici yanma;Her yaþ
Aldactone;Spironolakton;Ödem ve tansiyon;Jinekomasti (erkeklerde);18+
Aldara;Ýmikimod;Siðil ve cilt kanseri (Krem);Ciltte kýzarýklýk;12+
Aldolan;Peditin;Þiddetli aðrý (Kýrmýzý reçete);Solunum yavaþlamasý;18+
Aldomet;Metildopa;Hamilelikte yüksek tansiyon;Uyku hali, ödem;18+
Aldurazyme;Laronidaz;Mukopolisakkaridoz (Nadir);Ateþ, döküntü;Her yaþ
Alecensa;Alektinib;Akciðer kanseri;Ödem, kabýzlýk;18+
Alendronat;Fosamax muadili;Kemik erimesi (Haftalýk);Yemek borusu tahriþi;18+
Alentel;Alendronat;Menopoz sonrasý kemik erimesi;Kas aðrýsý;45+
Aleve;Naproksen;Uzun etkili aðrý kesici;Karýn aðrýsý;12+
Alfasilin;Ampisilin;Bakteriyel enfeksiyonlar;Ýshal;Her yaþ
Alfuzosin;Xatral muadili;Prostat büyümesi (Ýdrar);Baþ dönmesi, yorgunluk;18+ (Erkek)
Algel;Alüminyum Hidroksit;Mide yanmasý ve gastrit;Kabýzlýk;Her yaþ
Algi-C;Aspirin + Vitamin C;Aðrý ve soðuk algýnlýðý;Mide yanmasý;18+
Algicon;Aljinat Karýþýmý;Reflü ve mide ekþimesi;Þiþkinlik;Her yaþ
Algine;Parasetamol;Genel aðrý ve ateþ;Nadiren kaþýntý;Her yaþ
Algifen;Metamizol Sodyum;Þiddetli aðrý ve ateþ;Tansiyon düþmesi;Her yaþ
Algodon;Aspirin + Kafein;Þiddetli baþ aðrýsý;Mide aðrýsý, çarpýntý;18+
Algon;Aspirin + Parasetamol;Genel aðrý kesici;Gastrit;18+
Algotropyl;Fenilbutazon;Þiddetli eklem iltihabý;Mide kanamasý riski;18+
Alidra;Desloratadin;Saman nezlesi ve kaþýntý;Yorgunluk;1+
Alimta;Pemetreksed;Akciðer kanseri;Halsizlik, bulantý;18+
Alinan;Bitkisel Karýþým;Bebeklerde gaz sancýsý;Yok;0 - 2 yaþ
Alis;Parasetamol Karýþýmý;Grip ve nezle þurubu;Sersemlik;2+
Aliskiren;Tekturna muadili;Yüksek tansiyon;Ýshal;18+
Alitretinoin;Toctino muadili;Þiddetli el egzamasý;Baþ aðrýsý, kuruluk;18+
Alka-Seltzer;Aspirin + Sodyum Karbonat;Hazýmsýzlýk ve aðrý;Mide yanmasý;18+
Alkanol;Etil Alkol;Cilt dezenfektaný;Ciltte kuruluk;Her yaþ
Alkeran;Melfalan;Kan ve ilik kanseri;Bulantý, kusma;18+
Alkon;Benzalkonyum Klorür;Antiseptik solüsyon;Tahriþ (nadir);Her yaþ
Allegra;Feksofenadin;Saman nezlesi (Alerji);Baþ aðrýsý;6+
Allegram;Feksofenadin;Mevsimsel alerjik rinit;Sersemlik;12+
Allerset;Setirizin;Alerji ve kurdeþen;Uyku hali (hafif);2+
Allevia;Feksofenadin;Kaþýntý ve hapþýrma;Uyuklama;12+
Alli;Orlistat (Düþük doz);Kilo verme (Yað emilimi);Yaðlý dýþkýlama;18+
Allopurinol;Ürikoliz muadili;Gut ve böbrek taþý;Deri döküntüsü;Her yaþ
Almaca;Magnezyum Karýþýmý;Kabýzlýk ve hazýmsýzlýk;Ýshal;Her yaþ
Almarytm;Flekainid;Kalp ritim düzenleyici;Baþ dönmesi, görme boz.;18+
Alocril;Nedokromil;Alerjik göz damlasý;Gözde acý tat;3+
Alomide;Lodoksamid;Göz alerjisi ve kýzarýklýk;Gözde batma hissi;2+
Aloprim;Allopurinol (Enj.);Kanser sonrasý gut ataðý;Döküntü;18+
Alora;Pasiflora Ekstresi;Sakinleþtirici ve uyku;Yok;12+
Alostet;Finasterid;Saç dökülmesi önleyici;Cinsel isteksizlik;18+ (Erkek)
Aloxi;Palonosetron;Kemoterapi bulantýsý;Kabýzlýk, baþ aðrýsý;1 ay+
Aloxi-S;Ondansetron muadili;Þiddetli kusma engelleyici;Baþ dönmesi;2+
Alphagan;Brimonidin;Göz tansiyonu (Damla);Göz kuruluðu, yanma;18+
Alprazolam;Xanax muadili;Panik atak ve kaygý;Unutkanlýk, sersemlik;18+
Alprostadil;Caverject muadili;Sertleþme bozukluðu (Enj.);Bölgesel aðrý;18+ (Erkek)
Alpurex;Albümin;Kan proteini desteði;Tansiyon deðiþimi;Her yaþ
Alrin;Oksimetazolin;Burun týkanýklýðý spreyi;Burun yanmasý;6+
Altabax;Retapamulin;Bakteriyel cilt enf.;Cilt tahriþi;9 ay+
Altace;Ramipril;Hipertansiyon ve kalp;Kuru öksürük;18+
Alteplaz;Actilyse muadili;Pýhtý eritici (Acil);Kanama riski;18+
Althea;Bitkisel Þurup;Boðaz tahriþi ve öksürük;Yok;Her yaþ
Altoprev;Lovastatin;Gece etkili kolesterol hapý;Kas aðrýsý;18+
Alunbrig;Brigatinib;Akciðer kanseri;Öksürük, tansiyon artýþý;18+
Alupent;Metaproterenol;Bronþit ve nefes darlýðý;Titreme, çarpýntý;6+
Aluzinc;Çinko Oksit;Piþik ve deri yanýðý;Yok;Her yaþ
Alvesco;Siklesonid;Astým önleyici (Fýsfýs);Ses kýsýklýðý;12+
Alvin;Vitamin Karýþýmý;Çocuk iþtah þurubu;Yok;1 - 12 yaþ
Alyq;Tadalafil;Akciðer damar tansiyonu;Baþ aðrýsý, kýzarma;18+
Amantadin;Pk-Merz muadili;Parkinson ve grip;Kabus görme, ödem;18+
Amaryl;Glimepirid;Tip 2 Diyabet;Kan þekeri düþmesi;18+
Ambiene;Zolpidem;Uykusuzluk tedavisi;Sersemlik, unutkanlýk;18+
Ambisome;Amfoterisin B;Aðýr mantar enfeksiyonu;Titreme, ateþ;Her yaþ
Ambroksol;Mucosolvan muadili;Balgam söktürücü;Mide bulantýsý;Her yaþ
Ameli;Bitkisel Karýþým;Bebek gaz sancýsý;Yok;0 - 2 yaþ
Amen;Medroksiprogesteron;Adet düzensizliði;Meme hassasiyeti;Yetiþkin kadýn
Amerge;Naratriptan;Migren ataðý;Karýncalanma hissi;18+
Amfoterisin B;Fungizone muadili;Sistemik mantar ilacý;Böbrek deðerlerinde deðiþim;Her yaþ
Amikasin;Amikozit muadili;Aðýr bakteriyel enfeksiyon;Ýþitme kaybý (nadir);Her yaþ
Amikozit;Amikasin;Ciddi iltihaplar (Ýðne);Baþ dönmesi;Her yaþ
Amilorid;Midamor muadili;Potasyum tutucu idrar söktürücü;Baþ aðrýsý;18+
Aminofilin;Carena muadili;Astým ve nefes darlýðý;Çarpýntý, uykusuzluk;Her yaþ
Aminokaproid Asit;Amicar muadili;Kanama durdurucu;Kas aðrýsý;Her yaþ
Aminoven;Amino Asit Karýþýmý;Damar yoluyla beslenme;Yüz kýzarmasý;Her yaþ
Amiodaron;Cordarone muadili;Ciddi kalp ritim bozukluðu;Iþýða duyarlýlýk;18+
Amisülpirid;Solian muadili;Þizofreni ve psikoz;Kilo alýmý;18+
Amitriptilin;Laroxyl muadili;Depresyon ve kronik aðrý;Aðýz kuruluðu, uyku;18+
Amlodipin;Norvasc muadili;Yüksek tansiyon;Ayak bileði þiþmesi;18+
Amlokard;Amlodipin;Hipertansiyon ve anjin;Baþ aðrýsý;18+
Amoklavin;Amoksisilin + Klavulanat;Geniþ spektrumlu antibiyotik;Ýshal;Her yaþ
Amoksisilin;Largopen muadili;Bakteriyel enfeksiyonlar;Mide rahatsýzlýðý;Her yaþ
Amoksina;Amoksisilin;Boðaz ve kulak enfeksiyonu;Kaþýntý;Her yaþ
Amoksilin;Amoksisilin;Antibiyotik þurubu;Döküntü;0 - 12 yaþ
Amotril;Klonazepam;Nöbet ve panik bozukluk;Kas gevþemesi;Her yaþ
Ampisilin;Alfasilin muadili;Bakteriyel iltihaplar;Bulantý;Her yaþ
Amprenavir;Agenerase muadili;HIV tedavisi;Ýshal, kusma;4+
Ampyra;Dalfampridin;MS (Yürüme iyileþtirme);Nöbet riski;18+
Amyvid;Florbetapir;Alzheimer teþhisi (Ýþaretleyici);Baþ aðrýsý;60+
Amzeeq;Minosiklin (Köpük);Akne (Sivilce) tedavisi;Baþ aðrýsý;9+
Anacin;Aspirin + Kafein;Genel aðrý kesici;Mide aðrýsý;18+
Anadrol;Oksimetolon;Aðýr kansýzlýk (Anemi);Karaciðer zorlanmasý;18+
Anafranil;Klomipramin;Takýntý (OKB) ve depresyon;Terleme, kabýzlýk;18+
Anagrelid;Agrylin muadili;Kandaki pulcuk yüksekliði;Çarpýntý;18+
Anakinra;Kineret muadili;Romatoid artrit;Enjeksiyon yeri reaksiyonu;18+
Anapolon;Oksimetolon;Kemik iliði yetmezliði;Kilo artýþý;18+
Anaprox;Naproksen Sodyum;Þiddetli aðrý ve iltihap;Gastrit;16+
Anastrozol;Arimidex muadili;Meme kanseri (Hormon duyarlý);Eklem aðrýsý;18+ (Kadýn)
Anazol;Metronidazol;Vajinal ve diþ enfeksiyonu;Metalik tat;18+
Ancef;Sefazolin;Ameliyat öncesi antibiyotik;Döküntü;Her yaþ
Ancobon;Flusitozin;Ciddi iç organ mantarý;Bulantý;Her yaþ
Andante;Tiyotropium;KOAH (Nefes açýcý fýsfýs);Aðýz kuruluðu;18+
Andazol;Albendazol;Baðýrsak kurdu ve kist;Karaciðer enzim artýþý;2+
Andoderm;Testosteron;Hormon eksikliði (Bant);Cilt tahriþi;18+ (Erkek)
Androgel;Testosteron;Testosteron takviyesi;Sivilce;18+ (Erkek)
Androcur;Siproteron Asetat;Aþýrý tüylenme / Prostat;Halsizlik;18+
Anectine;Süksinilkolin;Kas gevþetici (Kýsa süreli);Kas aðrýsý;Her yaþ
Anestezol;Benzokain Karýþýmý;Diþ ve boðaz uyuþturma;Geçici uyuþukluk;Her yaþ
Angeliq;Hormon Karýþýmý;Menopoz þikayetleri;Göðüs hassasiyeti;45+
Angiomax;Bivalirudin;Kalp anjiyosunda pýhtý önleme;Kanama;18+
Angipres;Atenolol;Göðüs aðrýsý ve tansiyon;Halsizlik, düþük nabýz;18+
Anoro;Umeclidinium + Vilanterol;KOAH (Nefes açýcý);Öksürük, aðýz kuruluðu;18+
Ansaid;Flurbiprofen;Þiddetli eklem iltihabý;Mide aðrýsý;12+
Ansatene;Bitkisel Karýþým;Hafif sakinleþtirici;Yok;12+
Antabuse;Disülfiram;Alkol baðýmlýlýðý tedavisi;Metalik tat, halsizlik;18+
Antabus;Disülfiram;Alkol býrakma desteði;Baþ aðrýsý;18+
Antaderm;Mometazon;Deri egzamasý ve kaþýntý;Ciltte yanma;Her yaþ
Antak;Ranitidin;Mide yanmasý ve reflü;Baþ aðrýsý;12+
Antara;Fenofibrat;Trigliserid yüksekliði;Karýn aðrýsý;18+
Antazoline;Alerjik Göz Damlasý;Göz kaþýntýsý ve kýzarýklýk;Geçici yanma;6+
Antepsin;Sukralfat;Mide ve onikiparmak ülseri;Kabýzlýk;12+
Anthelios;Güneþ Koruyucu;Cilt koruma ve leke önleme;Yok;Her yaþ
Antiem;Dimenhidrinat;Bulantý ve kusma;Uyku hali;6+
Antigrib;Grip Karýþýmý;Soðuk algýnlýðý semptomlarý;Sersemlik;12+
Antihist;Difenhidramin;Alerji ve uyku desteði;Aðýz kuruluðu;12+
Antikor;Ýmmünglobulin;Baðýþýklýk desteði (Serum);Ateþ;Her yaþ
Antimus;Muskazol muadili;Kas gevþetici ve aðrý;Uyku hali;18+
Antin;Parasetamol;Genel aðrý ve ateþ;Nadiren kaþýntý;Her yaþ
Anti-Potassium;Polistiren Sülfonat;Yüksek potasyum düþürücü;Kabýzlýk;Her yaþ
Antistax;Üzüm Çekirdeði Ekstresi;Bacaklarda varis ve ödem;Mide bulantýsý;18+
Antiverm;Mebendazol;Baðýrsak kurdu tedavisi;Karýn kramplarý;2+
Antivert;Meklizin;Baþ dönmesi (Vertigo);Sersemlik;12+
Antuss;Bitkisel Þurup;Kuru öksürük desteði;Yok;Her yaþ
Anuzol;Çinko Karýþýmý;Hemoroid (Basur) merhemi;Kaþýntý (nadir);18+
Anzemet;Dolasetron;Ameliyat sonrasý bulantý;Baþ aðrýsý;2+
Apadaz;Benzidrocodon;Çok þiddetli aðrýlar;Kabýzlýk, uyku hali;18+
Apidra;Hýzlý Etkili Ýnsülin;Þeker hastalýðý (Öðünlük);Kan þekeri düþmesi;Her yaþ
Aplenzin;Bupropion;Depresyon ve mevsimsel boz.;Uykusuzluk;18+
Apokyn;Apomorfin;Parkinson (Hareket donmasý);Þiddetli bulantý;18+
Apomorfýn;Apokyn muadili;Parkinson krizleri;Baþ dönmesi;18+
Apra;Aripiprazol;Þizofreni ve bipolar;Huzursuzluk;18+
Aprazol;Lansoprazol;Mide asidi düzenleyici;Ýshal;18+
Aprepitant;Emend muadili;Kemoterapi bulantýsý;Hýçkýrýk, yorgunluk;6 ay+
Apresoline;Hidralazin;Yüksek tansiyon tedavisi;Çarpýntý, baþ aðrýsý;18+
Apri;Hormon Karýþýmý;Doðum kontrol hapý;Bulantý, lekelenme;Yetiþkin kadýn
Apranax;Naproksen Sodyum;Þiddetli aðrý ve iltihap;Mide aðrýsý;16+
Apranax Plus;Naproksen + Kodein;Çok þiddetli aðrýlar;Uyku hali, kabýzlýk;18+
Aprol;Naproksen;Kas ve eklem aðrýsý;Hazýmsýzlýk;12+
Aprovel;Ýrbesartan;Hipertansiyon yönetimi;Baþ dönmesi;18+
Apsen;Naproksen;Aðrý ve iltihap giderici;Mide yanmasý;12+
Aptivus;Tipranavir;HIV (Dirençli vakalar);Karaciðer zorlanmasý;2+
Aqua-Gal;Lubrikant Jel;Kiþisel kayganlaþtýrýcý;Yok;Her yaþ
Aquasol A;Vitamin A;Vitamin A eksikliði;Baþ aðrýsý (fazla dozda);Her yaþ
Aquasol E;Vitamin E;Vitamin E takviyesi;Yok;Her yaþ
Aquazide;Hidroklorotiyazid;Tansiyon ve ödem;Halsizlik;18+
Ar-Al;Parasetamol;Ateþ ve genel aðrý;Nadiren döküntü;Her yaþ
Aranelle;Hormon Karýþýmý;Doðum kontrolü;Meme hassasiyeti;Yetiþkin kadýn
Aranesp;Darbepoetin Alfa;Böbrek yetmezliði anemisi;Tansiyon yükselmesi;Her yaþ
Arava;Leflunomid;Romatoid artrit;Ýshal, döküntü;18+
Arcalion;Sulbutiamin;Halsizlik ve yorgunluk;Baþ aðrýsý;18+
Arcapta;Ýndakaterol;KOAH (Nefes açýcý);Öksürük;18+
Arduan;Pipekuronyum;Ameliyat kas gevþetici;Tansiyon deðiþimi;Her yaþ
Arepan;Parasetamol;Genel aðrý ve ateþ;Yok;Her yaþ
Aricept;Memantin;Alzheimer tedavisi;Baþ dönmesi;18+
Aridil;Desloratadin;Alerjik rinit (Þurup);Yorgunluk;1+
Arimidex;Anastrozol;Meme kanseri;Eklem aðrýsý;18+ (K)
Aripiprazol;Abilify muadili;Þizofreni ve Bipolar;Huzursuzluk;18+
Aristocort;Triamsinolon;Deri iltihabý (Krem);Kaþýntý;Her yaþ
Arixtra;Fondaparinuks;Pýhtý engelleme (Ýðne);Kanama;18+
Arlevert;Sinarizin + Dimenhidrinat;Þiddetli vertigo;Uyku hali;18+
Armodafinil;Nuvigil muadili;Aþýrý uyku hali (Narkolepsi);Baþ aðrýsý;18+
Arnica;Bitkisel Jel;Morluk ve ödem giderici;Yok;Her yaþ
Aromasin;Eksemestan;Hormon duyarlý kanser;Sýcak basmasý;18+ (K)
Arpimed;Parasetamol;Ateþ düþürücü;Nadiren döküntü;Her yaþ
Arranon;Nelarabin;Akut Lösemi;Yorgunluk;Her yaþ
Artane;Triheksifenidil;Parkinson titremesi;Aðýz kuruluðu;18+
Arthrotec;Diklofenak + Mizoprostol;Eklem aðrýsý ve mide koruma;Ýshal;18+
Articaine;Ultracain muadili;Diþ uyuþturma;Geçici uyuþukluk;Her yaþ
Artizani;Bitkisel Karýþým;Eklem saðlýðý desteði;Yok;18+
Artropan;Naproksen;Romatizmal aðrýlar;Mide yanmasý;12+
Arveles;Deksketoprofen;Þiddetli diþ ve kas aðrýsý;Mide aðrýsý;18+
Arzerra;Ofatumumab;Kronik Lösemi;Ateþ, titreme;18+
Asacol;Mesalazin;Ülseratif kolit;Baþ aðrýsý;18+
Asan;Parasetamol Karýþýmý;Grip ve soðuk algýnlýðý;Sersemlik;12+
Asasantin;Aspirin + Dipiridamol;Felç (Ýnme) önleyici;Baþ aðrýsý;18+
Asasin;Aspirin;Kalp koruma (Düþük doz);Mide hassasiyeti;18+
Ascorbic Acid;Vitamin C;C vitamini takviyesi;Yok;Her yaþ
Asendin;Amoksapin;Þiddetli depresyon;Uyku hali;18+
Asemetazin;Rantudil muadili;Ýltihaplý romatizma;Karýn aðrýsý;18+
Asenapin;Saphris muadili;Bipolar mani;Aðýzda uyuþma;18+
Aseptil;Antiseptik;Yara temizleme;Geçici yanma;Her yaþ
Asist;Asetilsistein;Balgam söktürücü (Toz/Þurup);Bulantý;Her yaþ
Asiviral;Asiklovir;Uçuk ve zona kremi;Kaþýntý;Her yaþ
Asmanex;Mometazon;Astým kontrolü (Fýsfýs);Boðaz tahriþi;4+
Asmol;Salbutamol;Nefes darlýðý þurubu;Titreme;2+
Asmonax;Montelukast;Alerjik astým;Baþ aðrýsý;15+
Asparaginaz;Elspar muadili;Kan kanseri tedavisi;Alerjik reaksiyon;Her yaþ
Aspartam;Tatlandýrýcý;Þeker yerine kullaným;Yok;Her yaþ
Aspegic;Aspirin (Efervesan);Ateþ ve aðrý kesici;Mide yanmasý;18+
Aspirin;Asetilsalisilik Asit;Aðrý, ateþ ve kalp koruma;Mide kanamasý riski;18+
Aspirin Plus C;Aspirin + Vitamin C;Soðuk algýnlýðý;Mide hassasiyeti;18+
Aspis;Aspirin;Kan sulandýrýcý;Morarma;18+
Aspox;Amoksisilin;Bakteriyel enfeksiyon;Ýshal;Her yaþ
Aspuzin;Aspirin;Koruyucu kalp tedavisi;Gastrit;18+
Astelin;Azelastin;Alerji burun spreyi;Acý tat;6+
Astepro;Azelastin;Þiddetli saman nezlesi;Sersemlik;6+
Asthalin;Salbutamol;Astým (Nefes açýcý);Çarpýntý;Her yaþ
Astra;Multivitamin;Enerji ve baðýþýklýk;Yok;Her yaþ
Atacand;Kandesartan;Hipertansiyon yönetimi;Baþ dönmesi;18+
Atarax;Hidroksizin;Kaþýntý ve þiddetli kaygý;Uyku hali;Her yaþ
Atasol;Parasetamol;Ateþ ve genel aðrý;Nadiren döküntü;Her yaþ
Atazanavir;Reyataz muadili;HIV (Antiviral) tedavisi;Sarýlýk (hafif);3 ay+
Atecard;Atenolol;Yüksek tansiyon ve nabýz;Yorgunluk;18+
Atenolol;Tenormin muadili;Kalp koruma ve anjin;Soðuk el ve ayaklar;18+
Atgam;Ýmmünglobulin;Organ nakli reddi önleme;Ateþ, titreme;Her yaþ
Atývan;Lorazepam;Þiddetli kaygý ve nöbet;Uyku hali, unutkanlýk;18+
Atizor;Atorvastatin;Kolesterol düþürücü;Kas aðrýsý;18+
Atoksetin;Strattera muadili;Dikkat eksikliði (DEHB);Ýþtah kaybý;6+
Atominex;Atomoksetin;Konsantrasyon bozukluðu;Karýn aðrýsý;6+
Ator;Atorvastatin;Kan yaðlarý kontrolü;Sindirim bozukluðu;18+
Atorvastatin;Lipitor muadili;LDL kolesterol düþürme;Karaciðer enzim artýþý;10+
Atovaquone;Mepron muadili;Zatürre (Pnömoni) tedavisi;Bulantý, döküntü;Her yaþ
Atozet;Atorvastatin + Ezetimib;Kombine kolesterol ilacý;Ýshal;18+
Atracurium;Tracrium muadili;Ameliyat kas gevþetici;Kýzarma;Her yaþ
Atraks;Hidroksizin;Kaygý ve kurdeþen;Sersemlik;Her yaþ
Atreza;Atropin;Sindirim sistemi spazmý;Aðýz kuruluðu;Her yaþ
Atripla;Üçlü Antiviral Karýþým;HIV yönetimi;Anormal rüyalar;18+
Atropin;Atropin Sülfat;Acil kalp ve göz muayene;Göz bebeklerinde büyüme;Her yaþ
Atrovent;Ýpratropium;KOAH ve astým fýsfýsý;Öksürük;Her yaþ
Aubagio;Teriflunomid;Multipl Skleroz (MS);Saç seyrekleþmesi;18+
Augmentin;Amoksisilin + Klavulanat;Enfeksiyon tedavisi;Ýshal;Her yaþ
Auryxia;Ferrik Sitrat;Böbrek yetmezliði anemisi;Dýþkýda renk deðiþimi;18+
Austedo;Deutetrabenazin;Huntington hastalýðý (Hareket);Uyku hali;18+
Avakard;Amlodipin;Hipertansiyon tedavisi;Ödem;18+
Avamys;Flutikazon;Alerjik burun spreyi;Burun kanamasý;2+
Avanafil;Spedra muadili;Sertleþme bozukluðu;Baþ aðrýsý;18+ (Erkek)
Avandamet;Rosiglitazon + Metformin;Tip 2 Diyabet;Ödem;18+
Avandia;Rosiglitazon;Þeker hastalýðý kontrolü;Kilo alýmý;18+
Avapro;Ýrbesartan;Kalp koruma ve tansiyon;Baþ dönmesi;18+
Avastin;Bevasizumab;Çeþitli kanser tedavileri;Tansiyon artýþý;18+
Avaxim;Hepatit A Aþýsý;Hepatit A'dan korunma;Enjeksiyon yeri aðrýsý;1+
Aveed;Testosteron (Enj.);Erkeklik hormonu takviyesi;Sivilce;18+ (Erkek)
Avelox;Moksifloksasin;Aðýr solunum enfeksiyonu;Ýshal;18+
Aventyl;Nortriptilin;Kronik aðrý ve depresyon;Aðýz kuruluðu;18+
Avidart;Dutasterid;Prostat büyümesi (Ýleri);Cinsel isteksizlik;18+ (Erkek)
Avil;Feniramin;Þiddetli alerji ve kaþýntý;Uyku hali;Her yaþ
Avitam;Vitamin A;Gece körlüðü ve eksiklik;Baþ aðrýsý;Her yaþ
Avodart;Dutasterid;Prostat hacmini küçültme;Meme hassasiyeti;18+ (Erkek)
Avonex;Ýnterferon Beta-1a;MS ataklarýný önleme;Grip benzeri semptomlar;12+
Avonza;HIV Karýþýmý;Antiviral tedavi;Halsizlik;18+
Avycaz;Seftazidim + Avibaktam;Dirençli karýn enfeksiyonu;Bulantý;18+
Axert;Almotriptan;Migren ataðý;Karýncalanma;12+
Axid;Nizatidin;Mide yanmasý ve ülser;Baþ aðrýsý;12+
Axiron;Testosteron (Solüsyon);Hormon eksikliði;Cilt tahriþi;18+ (Erkek)
Axivol;Parasetamol Karýþýmý;Grip ve nezle;Sersemlik;12+
Aygestin;Noretiþteron;Adet geciktirme / Tedavi;Kilo artýþý;Yetiþkin kadýn
Ayvakit;Avapritinib;Mide-baðýrsak tümörü;Ödem;18+
Azacitidine;Vidaza muadili;Kan hastalýklarý (Lösemi);Bulantý;18+
Azactam;Aztreonam;Þiddetli iç organ enf.;Döküntü;Her yaþ
Azarga;Brinzolamid + Timolol;Þiddetli göz tansiyonu;Gözde acý tat;18+
Azatioprin;Imuran muadili;Baðýþýklýk baskýlama;Bulantý, enfeksiyon;Her yaþ
Azelastin;Astelin muadili;Alerji (Burun spreyi);Acý tat, uykululuk;6+
Azelex;Azelaik Asit;Sivilce ve leke (Krem);Ciltte yanma;12+
Azid;Zidovudin muadili;HIV (Antiviral) tedavisi;Kansýzlýk;Her yaþ
Azilsartan;Edarbi muadili;Yüksek tansiyon;Baþ dönmesi;18+
Azit;Azitromisin;Bakteriyel enfeksiyon;Ýshal;Her yaþ
Azitromisin;Azitro muadili;Üst solunum yolu enf.;Karýn aðrýsý;Her yaþ
Azopt;Brinzolamid;Göz tansiyonu (Damla);Bulanýk görme;18+
Azor;Amlodipin + Olmesartan;Kombine tansiyon hapý;Ödem, yorgunluk;18+
Aztreonam;Azactam muadili;Dirençli bakteriyel enf.;Döküntü;Her yaþ
Azulfidine;Sülfasalazin;Baðýrsak iltihabý ve RA;Mide bulantýsý;6+
Azyter;Azitromisin;Göz iltihabý (Damla);Gözde tahriþ;Her yaþ
Babylax;Gliserin;Bebeklerde kabýzlýk;Yok;0 - 2 yaþ
Bacitracin;Antibiyotik Merhem;Deri enfeksiyonu;Alerji (nadir);Her yaþ
Baclofen;Lioresal muadili;Kas gevþetici (Spazm);Uyku hali;18+
Bactocill;Oksasilin;Þiddetli iltihap (Ýðne);Ýshal;Her yaþ
Bactrim;Sülfametoksazol Karýþýmý;Ýdrar ve akciðer enf.;Döküntü, bulantý;2 ay+
Bactroban;Mupirosin;Ýltihaplý yara (Krem);Kaþýntý;Her yaþ
Baetex;Bitkisel Karýþým;Genel saðlýk desteði;Yok;Her yaþ
Bafýertam;Monometil Fumarat;Multipl Skleroz (MS);Yüz kýzarmasý;18+
Balamin;Vitamin B12;B12 takviyesi;Yok;Her yaþ
Balcor;Diltiazem;Tansiyon ve göðüs aðrýsý;Baþ aðrýsý;18+
Balversa;Erdafitinib;Ýdrar yolu kanseri;Aðýz kuruluðu;18+
Balzýde;Balsalazid;Ülseratif kolit (Alevlenme);Baþ aðrýsý;5+
Bambuterol;Bambec muadili;Astým (Gece etkisi);Titreme;12+
Baqsimi;Glukagon;Þeker komasý (Burun spreyi);Burun tahriþi;4+
Baraclude;Entekavir;Hepatit B tedavisi;Baþ aðrýsý, halsizlik;2+
Baricitinib;Olumiant muadili;Romatoid artrit;Üst solunum yolu enf.;18+
Baridil;Baryum Sülfat;Mide röntgeni kontrast;Kabýzlýk;Her yaþ
Basaglar;Uzun Etkili Ýnsülin;Þeker hastalýðý yönetimi;Kan þekeri düþmesi;Her yaþ
Basiliximab;Simulect muadili;Böbrek nakli (Ret önleme);Kabýzlýk;Her yaþ
Basitrasin;Antibiyotik merhem;Yaralar için koruyucu;Ciltte kýzarýklýk;Her yaþ
Bavencio;Avelumab;Deri ve böbrek kanseri;Yorgunluk;18+
Baxdela;Delafloxacin;Þiddetli deri enfeksiyonu;Ýshal;18+
Bayer Aspirin;Aspirin;Genel aðrý ve kalp koruma;Mide hassasiyeti;18+
Bebak;Acý Badem Sütü;Cilt temizliði ve nem;Yok;Her yaþ
Bebedor;Burun Aspiratörü Destek;Bebek burun hijyeni;Yok;0+
Bebekon;Gaz Giderici Damla;Bebeklerde kolik sancýsý;Yok;0+
Beconase;Beklometazon;Alerjik nezle spreyi;Burun kuruluðu;6+
Becozyme;B Vitamini Kompleksi;Halsizlik ve eksiklik;Yok;Her yaþ
Beepen-VK;Penisilin V;Boðaz ve aðýz enf.;Ýshal;Her yaþ
Bektas;Bitkisel Karýþým;Mide rahatlatýcý destek;Yok;18+
Belbuca;Buprenorfin;Þiddetli kronik aðrý;Bulantý, uyku hali;18+
Beleodaq;Belinostat;Lenfoma tedavisi;Ateþ, bulantý;18+
Belkyra;Dekosikolik Asit;Gýdý eritme (Enjeksiyon);Þiþlik, morarma;18+
Belladonna;Spazm Giderici Karýþým;Karýn aðrýsý ve kramplar;Aðýz kuruluðu;18+
Belsomra;Suvoreksant;Þiddetli uykusuzluk;Ertesi gün sersemliði;18+
Bemfola;Folitropin Alfa;Kýsýrlýk tedavisi (Tüp bebek);Baþ aðrýsý;Yetiþkin kadýn
Benadryl;Difenhidramin;Alerji ve böcek ýsýrýðý;Uyku hali;Her yaþ
Benalapril;Enalapril;Tansiyon ve kalp yetm.;Kuru öksürük;18+
Benazepril;Lotensin muadili;Hipertansiyon (ACE);Kuru öksürük;18+
Benecalorie;Kalori Takviyesi;Kilo kaybý ve beslenme;Yok;Her yaþ
Benemid;Probenesid;Gut ve antibiyotik gücü;Mide aðrýsý;2+
Benexol;B1, B6, B12 Vitaminleri;Sinir aðrýsý ve halsizlik;Nadiren kaþýntý;12+
Benicar;Olmesartan;Yüksek tansiyon;Baþ dönmesi;6+
Benicar HCT;Olmesartan + HCTZ;Tansiyon ve ödem;Halsizlik;18+
Benlysta;Belimumab;Lupus (SLE) tedavisi;Bulantý, ateþ;5+
Benon;Benzoil Peroksit;Sivilce (Akne) jeli;Ciltte kuruluk;12+
Bensat;Benzatin Penisilin;Boðaz enf. ve sifiliz;Eklem aðrýsý;Her yaþ
Bensedin;Diazepam;Kaygý ve kas kasýlmasý;Sersemlik;Her yaþ
Bensid;Benzosülfit Karýþýmý;Deri mantarý kremi;Kaþýntý;Her yaþ
Bentyl;Disiklomin;Huzursuz baðýrsak (IBS);Aðýz kuruluðu;18+
Benuron;Parasetamol;Ateþ ve aðrý þurubu;Yok;Her yaþ
Benzac;Benzoil Peroksit;Akne kurutucu (Jel);Soyulma;12+
Benzaclin;Klindamisin + Peroksit;Ýltihaplý sivilceler;Kuruluk;12+
Benzamycin;Eritromisin + Peroksit;Sivilce ve leke (Krem);Kýzarýklýk;12+
Benzatropin;Cogentin muadili;Parkinson titremesi;Kabýzlýk;18+
Benzidamin;Tanflex muadili;Boðaz ve aðýz aðrýsý;Geçici uyuþma;6+
Benzidril;Difenhidramin;Alerji ve uyku desteði;Sersemlik;12+
Benzocaine;Lokal Anestezik;Diþ eti ve boðaz uyuþma;Geçici yanma;Her yaþ
Benzonatate;Tessalon muadili;Öksürük baskýlayýcý;Uyku hali;10+
Bepanthen;Dekspantenol;Piþik ve cilt tahriþi;Yok;Her yaþ
Bepanthol;Dekspantenol Karýþýmý;Günlük cilt nemlendirme;Yok;Her yaþ
Bepreve;Bepotastin;Alerjik göz damlasý;Gözde tahriþ;2+
Beractant;Survanta muadili;Erken doðan bebek akciðer;Tansiyon düþmesi;Yenidoðan
Berinert;C1 Esteraz Ýnhibitörü;Kalýtsal anjiyoödem;Karýn aðrýsý;Her yaþ
Berocca;Multivitamin + Çinko;Enerji ve odaklanma;Yok;12+
Berodual;Ýpratropium + Fenoterol;Astým (Nefes açýcý);Çarpýntý;Her yaþ
Besivance;Besifloksasin;Bakteriyel göz damlasý;Gözde kýzarýklýk;1+
Besone;Betametazon;Deri iltihabý (Krem);Kaþýntý;Her yaþ
Betagan;Levobunolol;Göz tansiyonu (Damla);Gözde yanma;18+
Betahistin;Vasoserc muadili;Baþ dönmesi (Vertigo);Mide yanmasý;18+
Betaine;Cystadane muadili;Homosistinüri (Genetik);Mide bulantýsý;Her yaþ
Betaksolol;Betoptic muadili;Göz tansiyonu;Gözde kuruluk;18+
Betamez;Betametazon;Alerji ve iltihap (Tablet);Ýþtah artýþý;Her yaþ
Betametazon;Celestone muadili;Ödem ve alerji;Kilo alýmý;Her yaþ
Betapace;Sotalol;Kalp ritim düzenleyici;Baþ dönmesi;18+
Betaserc;Betahistin;Kulak çýnlamasý ve denge;Baþ aðrýsý;18+
Betasol;Klobetazol;Þiddetli sedef ve egzama;Deride incelme;12+
Betaxon;Levobetaksolol;Glokom (Göz damlasý);Bulanýk görme;18+
Bethanchol;Urecholine muadili;Ýdrar yapamama tedavisi;Terleme;18+
Betimol;Timolol;Göz içi basýnç düþürücü;Gözde yanma;18+
Betnovate;Betametazon;Deri hastalýklarý (Krem);Kaþýntý;Her yaþ
Betoptic;Betaksolol;Göz tansiyonu damlasý;Gözde batma;18+
Bevespi;Glikopironyum Karýþýmý;KOAH (Nefes açýcý);Öksürük;18+
Bevasizumab;Avastin muadili;Ýleri evre kanser;Burun kanamasý;18+
Bexsero;Menenjit B Aþýsý;Menenjitten korunma;Ateþ, huzursuzluk;2 ay+
Bextra;Valdekoksib (Eski);Þiddetli aðrý ve kireçlenme;Mide aðrýsý;18+
Beyaz Sabun;Antiseptik Karýþým;El ve cilt hijyeni;Kuruluk;Her yaþ
Beyazlatýcý;Hidrokinon muadili;Cilt leke giderici;Cilt hassasiyeti;18+
Bezafibrat;Bezalip muadili;Trigliserid düþürücü;Mide bulantýsý;18+
Bezalip;Bezafibrat;Kan yaðlarý kontrolü;Kas aðrýsý;18+
Bicalutamid;Casodex muadili;Prostat kanseri;Sýcak basmasý;18+ (Erkek)
Bicarbine;Sodyum Bikarbonat;Mide yanmasý ve asidoz;Þiþkinlik;Her yaþ
Bicilin;Penisilin Karýþýmý;Bakteriyel enfeksiyon;Alerjik reaksiyon;Her yaþ
Bicnu;Karmustin;Beyin tümörü ve lenfoma;Kan deðerlerinde düþüþ;18+
Bidu;Vitamin Karýþýmý;Çocuk geliþim desteði;Yok;2-12 yaþ
Biktarvy;HIV Üçlü Karýþým;HIV (Antiviral) tedavisi;Baþ aðrýsý, ishal;6+
Bilastin;Bilax muadili;Alerji ve kurdeþen;Sersemlik;12+
Bilax;Bilastin;Saman nezlesi ve kaþýntý;Baþ aðrýsý;12+
Bilidrop;Bitkisel Karýþým;Safra akýþý desteði;Karýn aðrýsý;18+
Biltricide;Prazikuantel;Baðýrsak kurdu ve parazit;Baþ dönmesi;1+
Binimetinib;Mektovi muadili;Cilt kanseri (Melanom);Ýshal, kusma;18+
Bino;Bitkisel Þurup;Boðaz rahatlatýcý;Yok;Her yaþ
Binocrit;Epoetin Alfa;Kansýzlýk (Böbrek/Kanser);Tansiyon yükselmesi;Her yaþ
Bio-Oil;Cilt Bakým Yaðý;Çatlak ve leke görünümü;Yok;Her yaþ
Biocid;Antiseptik;Cilt ve yara temizliði;Geçici yanma;Her yaþ
Bioderma;Dermokozmetik;Cilt bariyeri onarýmý;Yok;Her yaþ
Biofenac;Aseclofenac muadili;Eklem iltihabý ve aðrý;Gastrit;18+
Biofleks;Serum Fizyolojik;Vücut sývý desteði;Yok;Her yaþ
Bioglan;Multivitamin;Genel saðlýk takviyesi;Yok;Her yaþ
Bioment;Amoksisilin Karýþýmý;Geniþ spektrumlu antibiyotik;Ýshal;Her yaþ
Bionect;Hyaluronik Asit;Yara ve yanýk iyileþtirici;Yok;Her yaþ
Biontech;mRNA Aþýsý;COVID-19 korunma;Kol aðrýsý, halsizlik;5+
Bioparin;Heparin muadili;Damar içi pýhtý önleme;Kanama riski;Her yaþ
Bioparox;Fusafungin (Eski);Aðýz ve farenjit spreyi;Hapþýrma;12+
Biosept;Ýyotlu Antiseptik;Ameliyat öncesi temizlik;Cilt boyanmasý;Her yaþ
Biothrin;Permetrin muadili;Uyuz ve bit tedavisi;Ciltte yanma;2 ay+
Biotin;Vitamin B7;Saç ve týrnak saðlýðý;Yok;Her yaþ
Biotrue;Kontakt Lens Solüsyonu;Lens temizliði ve nem;Yok;Her yaþ
Bio-Vits;Multivitamin;Vitamin eksikliði;Yok;Her yaþ
Biphasic Insulin;Karýþým Ýnsülin;Þeker hastalýðý (Günlük);Hipoglisemi;Her yaþ
Býperýden;Akineton muadili;Parkinson titremesi;Aðýz kuruluðu;18+
Biquelle;Ketiapin;Þizofreni ve depresyon;Uyku hali, kilo alýmý;18+
Bisacodyl;Dulcolax muadili;Kabýzlýk (Laksatif);Karýn kramplarý;6+
Biscor;Bisoprolol;Tansiyon ve nabýz kontrolü;Yorgunluk;18+
Bismatrol;Bismut Karýþýmý;Mide yanmasý ve ishal;Dýþkýda siyahlýk;12+
Bismuth;Pepto-Bismol muadili;Hazýmsýzlýk ve bulantý;Geçici dil kararmasý;12+
Bisoprolol;Concor muadili;Kalp koruma (Beta blokör);Baþ dönmesi;18+
Bivalirudin;Angiomax muadili;Kan sulandýrýcý (Enj.);Kanama;18+
Blenoxane;Bleomisin;Çeþitli kanser türleri;Akciðer fibrozisi;18+
Bleomisin;Blenoxane muadili;Kemoterapi ilacý;Ateþ, cilt sertleþmesi;18+
Blephamide;Steroid + Antibiyotik;Göz kapaðý iltihabý;Bulanýk görme;18+
Blincyto;Blinatumomab;Akut Lösemi;Baþ aðrýsý, ateþ;Her yaþ
Blocadren;Timolol (Tablet);Tansiyon ve migren önleme;Halsizlik;18+
Blokium;Atenolol;Göðüs aðrýsý (Anjin);Düþük nabýz;18+
Bonviva;Ýbandronik Asit;Kemik erimesi (Aylýk);Sýrt aðrýsý;18+
Boostrix;Karma Aþý;Boðmaca, tetanos, kuþpalazý;Enjeksiyon yeri aðrýsý;10+
Bortezomib;Velcade muadili;Kan kanseri tedavisi;Sinir aðrýsý;18+
Bosentan;Tracleer muadili;Akciðer tansiyonu;Ayaklarda þiþme;3+
Bosulif;Bosutinib;Kronik Miyeloid Lösemi;Ýshal, bulantý;18+
Botox;Botulinum Toksini;Kas spazmý ve migren;Uygulama yeri aðrýsý;18+
Bozon;Vitamin Karýþýmý;Metabolizma desteði;Yok;Her yaþ
Bravelle;Ürofollitropin;Kýsýrlýk (Yumurta geliþimi);Karýn aðrýsý;Yetiþkin kadýn
Bravia;Lansoprazol;Mide asidi ve reflü;Ýshal;18+
Breather;Salbutamol;Akut nefes darlýðý;Çarpýntý;Her yaþ
Breo Ellipta;Flutikazon + Vilanterol;Astým ve KOAH fýsfýsý;Ses kýsýklýðý;18+
Brevibloc;Esmolol;Acil kalp ritim bozukluðu;Tansiyon düþmesi;18+
Brevicon;Hormon Karýþýmý;Doðum kontrol hapý;Bulantý;Yetiþkin kadýn
Brexpiprazol;Rexulti muadili;Þizofreni ve depresyon;Kilo artýþý;18+
Bridion;Sugammadex;Kas gevþetici geri çevirici;Geçici tat boz.;Her yaþ
Brilinta;Tikagrelor;Kalp krizi sonrasý pýhtý ön.;Nefes darlýðý;18+
Brilique;Tikagrelor;Kan sulandýrýcý (Yeni nesil);Morarma;18+
Brimonidin;Alphagan muadili;Göz tansiyonu damlasý;Göz kuruluðu;18+
Brintellix;Vortioksetin;Aðýr depresyon tedavisi;Bulantý;18+
Brinzolamid;Azopt muadili;Göz içi basýnç düþürme;Bulanýk görme;18+
Brivact;Brivarasetam;Sara (Epilepsi) nöbeti;Uyku hali;4+
Briviact;Brivarasetam;Nöbet sýklýðý azaltma;Baþ dönmesi;4+
Brodil;Salbutamol + Balgam söktürücü;Öksürük ve nefes darlýðý;Titreme;2+
Bromazepam;Lexotanil muadili;Þiddetli kaygý ve gerginlik;Sersemlik;18+
Bromelain;Ananas Ekstresi;Ödem ve iltihap desteði;Karýn aðrýsý;18+
Bromhexine;Bromeksin;Balgamlý öksürük þurubu;Mide yanmasý;Her yaþ
Bromocriptine;Parlodel muadili;Hormon boz. ve Parkinson;Bulantý;18+
Brompheniramine;Dimetane muadili;Alerji ve soðuk algýnlýðý;Sersemlik;6+
Bronal;Salbutamol;Bronþit ve nefes darlýðý;Çarpýntý;Her yaþ
Bronchenolo;Öksürük Karýþýmý;Boðaz rahatlatýcý;Yok;6+
Broncho-Vaxom;Bakteri Ekstresi;Baðýþýklýk (Solunum) aþýsý;Ýshal;4+
Bronkodil;Teofilin muadili;Kronik bronþit tedavisi;Uykusuzluk;12+
Bronkolin;Teofilin;Nefes açýcý (Sývý);Mide bulantýsý;12+
Bronopol;Koruyucu Madde;Ýlaçlarda bakteri önleyici;Yok;Her yaþ
Brovana;Arformoterol;KOAH (Nebülizatör ile);Kas kramplarý;18+
Brufen;Ýbuprofen;Romatizma ve genel aðrý;Mide aðrýsý;12+
Brukinsa;Zanubrutinib;Kan kanseri (Lenfoma);Öksürük, morarma;18+
Budesonid;Pulmicort muadili;Astým ve baðýrsak iltihabý;Ses kýsýklýðý;Her yaþ
Budenofalk;Budesonid;Crohn ve Ülseratif kolit;Yüzde þiþme;18+
Budeson;Budesonid;Burun alerjisi spreyi;Burun kanamasý;6+
Bufon;Vitamin Karýþýmý;Genel direnç artýrýcý;Yok;Her yaþ
Bumetanid;Bumex muadili;Þiddetli ödem ve tansiyon;Kas aðrýsý;18+
Bumex;Bumetanid;Güçlü idrar söktürücü;Baþ dönmesi;18+
Bunavail;Buprenorfin + Nalokson;Madde baðýmlýlýðý tedavisi;Aðýz kuruluðu;18+
Bupivacaine;Marcaine muadili;Lokal ve epidural uyuþma;Tansiyon deðiþimi;Her yaþ
Buprenorfin;Suboxone muadili;Aðýr aðrý ve baðýmlýlýk;Kabýzlýk;18+
Bupropion;Wellbutrin muadili;Depresyon ve sigara býrakma;Uykusuzluk;18+
Burinex;Bumetanid;Ödem giderici tablet;Halsizlik;18+
Buspar;Buspiron;Kaygý bozukluðu (Anksiyete);Baþ dönmesi;18+
Buspiron;Buspar muadili;Endiþe ve gerginlik;Bulantý;18+
Buscopan;Skopolamin;Karýn ve mide kramplarý;Aðýz kuruluðu;6+
Buscopan Plus;Skopolamin + Parasetamol;Þiddetli aðrýlý spazm;Sersemlik;12+
Busulfan;Myleran muadili;Kan kanseri kemoterapisi;Bulantý, kusma;18+
Butalin;Salbutamol;Astým krizi (Fýsfýs);El titremesi;Her yaþ
Butamben;Butesin muadili;Yüzeyel uyuþturma (Lokal);Ciltte kýzarýklýk;Her yaþ
Butenafin;Mentax muadili;Ayak mantarý kremi;Yanma hissi;12+
Butibelt;Bitkisel Karýþým;Bel ve kas aðrýsý bandý;Cilt tahriþi;18+
Butizide;Akmide muadili;Ödem ve hipertansiyon;Halsizlik;18+
Butocin;Oksitosin muadili;Doðum kasýlmasý artýrma;Tansiyon deðiþimi;Yetiþkin kadýn
Butoconazole;Gynazole muadili;Vajinal mantar enf.;Karýn aðrýsý;18+ (K)
Butorphanol;Stadol muadili;Þiddetli aðrý ve migren;Uyku hali;18+
Butrans;Buprenorfin (Bant);Kronik þiddetli aðrý;Uygulama yeri kaþýntýsý;18+
Buvidal;Buprenorfin (Enj.);Opioid baðýmlýlýðý;Bulantý;18+
Byetta;Eksanatid;Tip 2 Diyabet (Haftalýk);Bulantý, kusma;18+
Bynfezia;Oktreotid;Akromegali ve ishal;Safra taþý riski;18+
Byooviz;Ranibizumab;Gözde damar dejenerasyonu;Göz içi basýnç artýþý;18+
Bystolic;Nebivolol;Yüksek tansiyon (Modern);Baþ aðrýsý, yorgunluk;18+
Byvalson;Nebivolol + Valsartan;Kombine tansiyon hapý;Baþ dönmesi;18+
Cabazitaxel;Jevtana muadili;Ýleri prostat kanseri;Kansýzlýk;18+ (E)
Cabergoline;Dostinex muadili;Hormon (Prolaktin) fazlalýðý;Bulantý, baþ dönmesi;18+
Cablivi;Kaplasizumab;Kan pýhtýlaþma boz. (TTP);Burun kanamasý;18+
Cabometyx;Kabozantinib;Böbrek ve karaciðer kanseri;Ýshal, halsizlik;18+
Cabozantinib;Cometriq muadili;Tiroid kanseri tedavisi;El-ayak sendromu;18+
Caelyx;Doksorubisin;Yumurtalýk ve meme kanseri;Aðýz yaralarý;18+
Cafergot;Ergotamin + Kafein;Migren ataðý durdurma;Bulantý, kusma;18+
Calamine;Kalamin;Kaþýntý ve güneþ yanýðý;Kuruluk;Her yaþ
Calan;Verapamil;Kalp ritmi ve tansiyon;Kabýzlýk;18+
Calcijex;Kalsitriol (Ýðne);Kalsiyum eksikliði;Susuzluk hissi;Her yaþ
Calcimar;Kalsitonin;Kemik erimesi (Burun spreyi);Burun tahriþi;50+
Calcipotriene;Dovonex muadili;Sedef hastalýðý (Krem);Ciltte yanma;12+
Calcitonin;Miacalcic muadili;Kemik yýkýmý önleyici;Yüz kýzarmasý;18+
Calcitriol;Rocaltrol muadili;Aktif D vitamini desteði;Mide bulantýsý;Her yaþ
Calcium Carbonate;Kalsiyum Karýþýmý;Kemik saðlýðý ve mide asidi;Kabýzlýk;Her yaþ
Calcium Gluconate;Kalsiyum Enjeksiyon;Acil kalsiyum takviyesi;Damar tahriþi;Her yaþ
Calcort;Deflazakort;Kas erimesi ve alerji;Kilo alýmý;2+
Calderol;Kalsifediol;D vitamini eksikliði;Yok;Her yaþ
Calgel;Lidokain + Seipiridinyum;Diþ çýkarma aðrýsý (Bebek);Yok;3 ay+
Calpol;Parasetamol;Ateþ ve aðrý þurubu;Nadiren döküntü;0-12 yaþ
Calpol 6 Plus;Parasetamol (Sert);Þiddetli çocuk aðrýlarý;Yok;6-12 yaþ
Caltine;Kalsitonin;Kemik erimesi tedavisi;Bulantý;18+
Calypsol;Ketamin;Genel anestezi (Ameliyat);Halüsinasyon;Her yaþ
Cambia;Diklofenak (Toz);Akut migren aðrýsý;Mide yanmasý;18+
Camila;Noretiþteron;Doðum kontrolü (Emzirenler);Lekelenme;Yetiþkin kadýn
Camostat;Foipan muadili;Pankreatit iltihabý;Ýþtahsýzlýk;18+
Campral;Akamprosat;Alkol baðýmlýlýðý (Yoksunluk);Ýshal;18+
Camptosar;Ýrinotekan;Kalýn baðýrsak kanseri;Þiddetli ishal;18+
Canagliflozin;Invokana muadili;Tip 2 Diyabet yönetimi;Ýdrar yolu enf.;18+
Canakinumab;Ilaris muadili;Baðýþýklýk sistemi iltihabý;Burun akýntýsý;2+
Candesartan;Atacand muadili;Yüksek tansiyon ve kalp;Baþ dönmesi;18+
Candex;Nistatin muadili;Aðýz ve boðaz mantarý;Bulantý;Her yaþ
Candibene;Klotrimazol;Ayak ve deri mantarý;Kaþýntý;Her yaþ
Candicept;Mantar Karýþýmý;Vajinal mantar kremi;Yanma;18+ (K)
Canditrap;Itrakonazol;Týrnak ve cilt mantarý;Karýn aðrýsý;18+
Canephron;Bitkisel Karýþým;Ýdrar yolu desteði;Mide bulantýsý;12+
Cangrelor;Kengreal muadili;Anjiyo sýrasýnda pýhtý önleme;Kanama;18+
Canesten;Klotrimazol;Mantarlý deri enfeksiyonu;Tahriþ;Her yaþ
Cannabidiol;Epidiolex muadili;Nadir görülen epilepsi;Uyku hali, ishal;2+
Canocan;Kandesartan;Tansiyon ve kalp yetmezliði;Baþ dönmesi;18+
Canrenoate;Soldactone muadili;Ödem ve karaciðer sirozu;Elektrolit dengesizliði;18+
Capastat;Kapreomisin;Dirençli tüberküloz (Verem);Ýþitme kaybý riski;18+
Capecitabine;Xeloda muadili;Kolon ve meme kanseri;El-ayak sendromu;18+
Capex;Fluosinolon;Saçlý deri egzamasý;Kaþýntý;12+
Caplyta;Lumateperon;Þizofreni ve bipolar depresyon;Uyuklama;18+
Capoten;Kaptopril;Tansiyon ve kalp desteði;Tat duyusu kaybý;18+
Capozide;Kaptopril + HCTZ;Kombine tansiyon hapý;Kuru öksürük;18+
Caprelsa;Vandetanib;Tiroid kanseri;Ýshal, döküntü;18+
Capsaicin;Kapsaisin;Kas ve eklem aðrýsý (Yama);Yanma hissi;12+
Captopril;Kapril muadili;Acil tansiyon düþürücü;Cilt döküntüsü;18+
Carac;Florourasil (Krem);Güneþ hasarlý cilt lekeleri;Tahriþ, kýzarýklýk;18+
Carafate;Sukralfat;Mide ve baðýrsak ülseri;Kabýzlýk;12+
Carbaglu;Karglumik Asit;Amonyak yüksekliði (Genetik);Kusma, ateþ;Her yaþ
Carbamazepine;Tegretol muadili;Sara nöbeti ve sinir aðrýsý;Baþ dönmesi, uyku;Her yaþ
Carbatrol;Karbamazepin;Nöbet kontrolü (Uzatýlmýþ);Çift görme;Her yaþ
Carbidopa;Lodosyn muadili;Parkinson (Levodopa ile);Bulantý;18+
Carbinoxamine;Palgic muadili;Alerji ve saman nezlesi;Uyku hali;2+
Carbis;Karbidopa Karýþýmý;Hareket bozukluðu tedavisi;Kabýzlýk;18+
Carboplatin;Paraplatin muadili;Yumurtalýk ve akciðer kanseri;Kansýzlýk, kusma;18+
Carboprost;Hemabate muadili;Doðum sonrasý kanama;Ateþ, ishal;Yetiþkin kadýn
Cardene;Nikardipin;Tansiyon ve göðüs aðrýsý;Ayaklarda þiþme;18+
Cardicor;Bisoprolol;Kalp yetmezliði yönetimi;Halsizlik;18+
Cardizem;Diltiazem;Tansiyon ve ritim boz.;Baþ aðrýsý;18+
Cardura;Doksazosin;Prostat büyümesi ve tansiyon;Baþ dönmesi;18+
Carisoprodol;Soma muadili;Þiddetli kas spazmý;Sersemlik;16+
Carmustine;BiCNU muadili;Kemoterapi (Beyin tümörü);Akciðer hasarý riski;18+
Carnitene;L-Karnitin;Karnitin eksikliði;Vücut kokusu (nadir);Her yaþ
Carospir;Spironolakton (Sývý);Kalp yetmezliði ve ödem;Meme hassasiyeti;18+
Carteolol;Ocupress muadili;Göz tansiyonu damlasý;Gözde tahriþ;18+
Cartia XT;Diltiazem (Kapsül);Kronik göðüs aðrýsý;Kabýzlýk;18+
Carvedilol;Dilatrend muadili;Kalp koruma ve tansiyon;Yorgunluk;18+
Cascara;Bitkisel Ekstre;Þiddetli kabýzlýk desteði;Karýn kramplarý;12+
Casodex;Bikalutamid;Prostat kanseri (Hormon);Sýcak basmasý;18+ (Erkek)
Caspofungin;Cancidas muadili;Þiddetli iç mantar enf.;Ateþ, titreme;3 ay+
Cataflam;Diklofenak Potasyum;Þiddetli aðrý ve iltihap;Mide aðrýsý;14+
Catapres;Klonidin;Yüksek tansiyon ve DEHB;Aðýz kuruluðu;6+
Cavas;Atorvastatin;Kolesterol düþürücü;Sindirim sorunlarý;18+
Caverject;Alprostadil;Sertleþme bozukluðu;Penil aðrý;18+ (Erkek)
Cayston;Aztreonam (Soluma);Kistik fibrozis enf.;Öksürük;7+
Cebion;Vitamin C;C vitamini takviyesi;Yok;Her yaþ
Cedax;Seftibuten;Bakteriyel enfeksiyonlar;Ýshal;Her yaþ
Ceeform;Cefuroksim muadili;Solunum yolu iltihabý;Bulantý;Her yaþ
Cefaclor;Ceclor muadili;Kulak ve boðaz iltihabý;Döküntü;Her yaþ
Cefadroxil;Duricef muadili;Deri ve boðaz enfeksiyonu;Karýn aðrýsý;Her yaþ
Cefazolin;Ýespor muadili;Ameliyat öncesi antibiyotik;Ýshal;Her yaþ
Cefdinir;Omnicef muadili;Sinüzit ve zatürre;Kýrmýzý dýþký (nadir);6 ay+
Cefditoren;Spectracef muadili;Kronik bronþit ataðý;Ýshal;12+
Cefepime;Maxipime muadili;Aðýr hastane enfeksiyonu;Damar tahriþi;Her yaþ
Cefixime;Suprax muadili;Ýdrar yolu ve boðaz enf.;Karýn aðrýsý;6 ay+
Cefotaxime;Claforan muadili;Menenjit ve kan iltihabý;Döküntü;Her yaþ
Cefotetan;Cefotan muadili;Ameliyat enfeksiyon koruma;Ýshal;18+
Cefoxitin;Mefoxin muadili;Karýn içi enfeksiyonlar;Kan deðerlerinde deðiþim;Her yaþ
Cefpodoxime;Vantin muadili;Sinüzit ve zatürre;Mide bulantýsý;2 ay+
Cefprozil;Cefzil muadili;Cilt ve solunum iltihabý;Ýshal;6 ay+
Ceftaroline;Teflaro muadili;Dirençli deri enfeksiyonu;Döküntü;2 ay+
Ceftazidime;Fortum muadili;Þiddetli iç organ enf.;Kaþýntý;Her yaþ
Ceftibuten;Cedax muadili;Bronþit ve kulak iltihabý;Baþ aðrýsý;6 ay+
Ceftin;Sefuroksim Aksetil;Bakteriyel boðaz iltihabý;Ýshal;3 ay+
Ceftriaxone;Rocephin muadili;Bel soðukluðu ve menenjit;Kan deðerlerinde deðiþim;Her yaþ
Cefuroxime;Zinnat muadili;Üst solunum yolu enf.;Bulantý;Her yaþ
Cefzil;Sefprozil;Cilt ve boðaz iltihabý;Ýshal;6 ay+
Celebrex;Celecoxib;Kireçlenme ve eklem aðrýsý;Hazýmsýzlýk;2+
Celecoxib;Celebrex muadili;Romatizmal aðrýlar;Baþ dönmesi;2+
Celestone;Betametazon;Þiddetli alerji ve ödem;Kilo alýmý;Her yaþ
Celexa;Sitalopram;Depresyon tedavisi;Uyku hali, terleme;18+
CellCept;Mikofenolat;Organ nakli reddi önleme;Ýshal, kusma;Her yaþ
Celontin;Metosüksimid;Sara (Epilepsi) nöbetleri;Ýþtahsýzlýk;Her yaþ
Cenestin;Östrojen Karýþýmý;Menopoz sýcak basmasý;Meme hassasiyeti;45+ (K)
Cenobamate;Xcopri muadili;Kýsmi baþlangýçlý nöbetler;Sersemlik;18+
Centany;Mupirosin;Ýltihaplý yara (Merhem);Kaþýntý;2 ay+
Centrum;Multivitamin;Günlük vitamin desteði;Yok;Her yaþ
Cephalexin;Keflex muadili;Ýdrar yolu ve kemik enf.;Ýshal;Her yaþ
Cephradine;Velosef muadili;Bakteriyel iltihaplar;Karýn aðrýsý;9 ay+
Ceptab;Sefuroksim;Solunum yolu enfeksiyonu;Bulantý;Her yaþ
Cequa;Siklosporin (Damla);Kuru göz hastalýðý;Gözde yanma;18+
Cerave;Cilt Bakým Serisi;Cilt bariyeri onarma;Yok;Her yaþ
Cerdelga;Eliglustat;Gaucher hastalýðý (Tip 1);Yorgunluk;18+
Cerebyx;Fosfenitoin;Þiddetli sara nöbeti (Acil);Baþ dönmesi;Her yaþ
Ceredase;Algluseraz;Gaucher hastalýðý (Eski);Ateþ;Her yaþ
Cerezyme;Ýmigluseraz;Genetik enzim eksikliði;Döküntü;Her yaþ
Ceritinib;Zykadia muadili;Akciðer kanseri tedavisi;Karýn aðrýsý;18+
Cerliponase;Brineura muadili;CLN2 hastalýðý (Genetik);Kusma, ateþ;3+
Cernevit;Vitamin Karýþýmý;Damar yoluyla vitamin;Yok;Her yaþ
Cerubidine;Daunorubisin;Kan kanseri (Lösemi);Saç dökülmesi;Her yaþ
Cervidil;Dinoproston;Doðum baþlatma (Fitil);Karýn aðrýsý;Yetiþkin kadýn
Cestat;Sinarizin;Baþ dönmesi ve mide bulantýsý;Uyku hali;12+
Cetirizine;Zyrtec muadili;Mevsimsel alerji (Hap);Aðýz kuruluðu;2+
Cetraxal;Siprofloksasin (Kulak);Dýþ kulak yolu iltihabý;Kulak kaþýntýsý;1+
Cetrorelix;Cetrotide muadili;Tüp bebek tedavisi;Baþ aðrýsý;Yetiþkin kadýn
Cetrotide;Setroreliks;Erken yumurtlama engelleme;Bulantý;Yetiþkin kadýn
Cetuximab;Erbitux muadili;Baðýrsak ve baþ-boyun kanseri;Cilt döküntüsü;18+
Cevimeline;Evoxac muadili;Aðýz kuruluðu (Sjögren);Terleme;18+
Chantix;Vareniklin;Sigara býrakma yardýmý;Anormal rüyalar;18+
Chemet;Suksimer;Kurþun zehirlenmesi;Ýþtahsýzlýk;1+
Chenodal;Kenodiol;Safra taþlarýný eritme;Ýshal;18+
Chloramphenicol;Kloramfenikol;Ciddi bakteriyel enf.;Kan deðerlerinde düþüþ;Her yaþ
Chlordiazepoxide;Librium muadili;Þiddetli kaygý ve alkol yoksunluðu;Uyku hali;18+
Chloroquine;Aralen muadili;Sýtma ve romatizma;Görme bozukluðu;Her yaþ
Chlorpheniramine;Avil muadili;Alerji ve soðuk algýnlýðý;Sersemlik;2+
Chlorpromazine;Largactil muadili;Þizofreni ve hýçkýrýk;Aðýz kuruluðu;Her yaþ
Chlorpropamide;Diabinese muadili;Tip 2 Diyabet;Kan þekeri düþmesi;18+
Chlorthalidone;Hygroton muadili;Tansiyon ve ödem;Baþ dönmesi;18+
Chlorzoxazone;Parafon muadili;Ýskelet kasý spazmý;Baþ dönmesi;18+
Cholestyramine;Questran muadili;Yüksek kolesterol ve kaþýntý;Kabýzlýk;Her yaþ
Choriogonadotropin;Ovitrelle muadili;Yumurtlama çatlatma iðnesi;Karýn aðrýsý;Yetiþkin K
Cialis;Tadalafil;Sertleþme bozukluðu ve prostat;Baþ aðrýsý, kýzarma;18+ (E)
Cýbýnqo;Abrositinib;Þiddetli egzama (Atopik);Bulantý;12+
Ciclopirox;Loprox muadili;Týrnak ve deri mantarý;Ciltte yanma;10+
Cidofovir;Vistide muadili;CMV virüsü (Göz iltihabý);Böbrek hasarý riski;18+
Cilostazol;Pletal muadili;Bacak damar týkanýklýðý;Baþ aðrýsý;18+
Ciloxan;Siprofloksasin;Bakteriyel göz damlasý;Gözde tahriþ;Her yaþ
Cimduo;HIV Karýþýmý;HIV (Antiviral) tedavisi;Baþ aðrýsý;18+
Cimetidine;Tagamet muadili;Mide yanmasý ve ülser;Ýshal;12+
Cimzia;Sertolizumab;Crohn ve Romatizma;Üst solunum yolu enf.;18+
Cinacalcet;Sensipar muadili;Paratiroid bezi aþýrý çalýþmasý;Bulantý;18+
Cingal;Hyaluronik Asit Karýþýmý;Eklem içi sývý desteði;Eklem aðrýsý;18+
Cinqair;Reslizumab;Þiddetli astým (ÝV);Boðaz aðrýsý;18+
Cinryze;C1 Esteraz Ýnhibitörü;Anjiyoödem önleme;Döküntü;6+
Cinvanti;Aprepitant (ÝV);Kemoterapi bulantýsý;Baþ aðrýsý;18+
Cipro;Siprofloksasin;Ýdrar yolu ve kemik enf.;Ýshal;18+
Ciprodex;Sipro + Deksametazon;Kulak enfeksiyonu damlasý;Kulak kaþýntýsý;6 ay+
Ciprofloxacin;Cipro muadili;Bakteriyel enfeksiyonlar;Mide bulantýsý;18+
Cisatracurium;Nimbex muadili;Ameliyat kas gevþetici;Nabýz düþmesi;Her yaþ
Cisplatin;Kanser Ýlacý;Testis ve mesane kanseri;Þiddetli bulantý;18+
Citalopram;Cipram muadili;Depresyon ve kaygý;Uyku hali;18+
Citrucel;Metilselüloz;Lif takviyesi (Kabýzlýk);Þiþkinlik;6+
Cladribine;Leustatin muadili;Lösemi ve MS;Halsizlik;18+
Claforan;Sefotaksim;Þiddetli iç organ enf.;Döküntü;Her yaþ
Clarinex;Desloratadin;Saman nezlesi ve alerji;Yorgunluk;6 ay+
Clarithromycin;Klacid muadili;Solunum yolu enfeksiyonu;Aðýzda acý tat;Her yaþ
Clasteon;Klodronat;Kanser kaynaklý kemik hasarý;Bulantý;18+
Clavulin;Amoksisilin Karýþýmý;Bakteriyel iltihaplar;Ýshal;Her yaþ
Clearane;Göz Damlasý;Göz kuruluðu ve yorgunluðu;Yok;Her yaþ
Clearasil;Akne Serisi;Sivilce ve siyah nokta;Kuruluk;12+
Clemastine;Tavist muadili;Alerji ve kurdeþen;Uyku hali;6+
Cleocin;Klindamisin;Akne ve vajinal enf.;Karýn aðrýsý;Her yaþ
Cleviprex;Klevidipin;Acil yüksek tansiyon (ÝV);Baþ aðrýsý;18+
Climara;Östradiol (Bant);Menopoz þikayetleri;Göðüs hassasiyeti;45+ (K)
Clindamycin;Klindamisin muadili;Ciddi enfeksiyonlar;Ýshal;Her yaþ
Clinisol;Amino Asit Karýþýmý;Beslenme desteði (Serum);Yok;Her yaþ
Clinomel;Üçlü Beslenme Karýþýmý;Damar yoluyla beslenme;Ateþ;Her yaþ
Clinoril;Sulindak;Kireçlenme ve aðrý;Hazýmsýzlýk;18+
Clobazam;Frisium muadili;Þiddetli sara nöbetleri;Uyku hali;2+
Clobetasol;Dermovate muadili;Þiddetli egzama ve sedef;Deride incelme;12+
Clocortolone;Cloderm muadili;Deri iltihabý (Krem);Kaþýntý;Her yaþ
Clolar;Klofarabin;Çocuklarda lösemi;Kusma, ateþ;1-21 yaþ
Clomid;Klomifen;Kýsýrlýk (Yumurta tetikleme);Sýcak basmasý;Yetiþkin K
Clomipramine;Anafranil muadili;Takýntý (OKB) ve depresyon;Aðýz kuruluðu;18+
Clonazepam;Rivotril muadili;Nöbet ve panik bozukluk;Sersemlik;Her yaþ
Clonidine;Catapres muadili;Hipertansiyon ve DEHB;Kabýzlýk;6+
Clopidogrel;Plavix muadili;Kalp krizi/Ýnme önleme;Morarma, kanama;18+
Clorazepate;Tranxene muadili;Kaygý ve alkol yoksunluðu;Uyku hali;18+
Clotrimazole;Canesten muadili;Deri ve ayak mantarý;Ciltte yanma;Her yaþ
Clovate;Klobetazol;Þiddetli sedef ve egzama;Deride incelme;12+
Clozapine;Leponex muadili;Dirençli þizofreni;Salya artýþý, kilo;18+
Clozaril;Klozapin;Psikoz ve þizofreni;Baþ dönmesi;18+
Coartem;Artemether + Lumefantrin;Sýtma tedavisi;Baþ aðrýsý;Her yaþ
Codeine;Kodein Fosfat;Þiddetli öksürük ve aðrý;Kabýzlýk, uyku;18+
Codipar;Parasetamol + Kodein;Orta ve þiddetli aðrýlar;Sersemlik;18+
Cogentin;Benzatropin;Parkinson ve ilaç yan etkisi;Bulanýk görme;18+
Colace;Dokusat Sodyum;Dýþký yumuþatýcý;Karýn kramplarý;2+
Colazal;Balsalazid;Ülseratif kolit ataðý;Baþ aðrýsý;5+
Colchicine;Kolsiþin (Colchicum);Gut ataðý ve FMF;Ýshal, kusma;Her yaþ
Colcrys;Kolsiþin;Gut iltihabý tedavisi;Karýn aðrýsý;18+
Colesevelam;Welchol muadili;Yüksek kolesterol ve þeker;Hazýmsýzlýk;18+
Colestid;Kolestipol;LDL kolesterol düþürücü;Kabýzlýk;18+
Colestipol;Colestid muadili;Kan yaðlarý kontrolü;Þiþkinlik;18+
Colifaks;Rifaximin muadili;Yolcu ishali ve IBS;Gaz, karýn aðrýsý;12+
Colimicin;Kolistin (Enj.);Aðýr hastane enfeksiyonu;Böbrek zorlanmasý;Her yaþ
Colistimethate;Coly-Mycin muadili;Ciddi bakteriyel iltihap;Baþ dönmesi;Her yaþ
Collyrium;Göz Temizleme;Göz yorgunluðu ve hijyen;Yok;Her yaþ
Colo-Fresh;Bitkisel Karýþým;Baðýrsak detoksu desteði;Ýshal;18+
Colpermin;Nane Yaðý;Ýrritabl baðýrsak (IBS);Mide yanmasý;15+
Colpotrophine;Promestrien;Vajinal kuruluk (Krem);Yerel tahriþ;45+ (K)
Coly-Mycin;Kolistin;Þiddetli dirençli enf.;Uyuþma;Her yaþ
Colyte;Polietilen Glikol;Kolon temizliði (Ameliyat);Bulantý, þiþkinlik;Her yaþ
Combigan;Brimonidin + Timolol;Göz tansiyonu damlasý;Gözde kýzarýklýk;18+
Combipatch;Östrojen + Progestin;Menopoz (Hormon bandý);Lekelenme;45+ (K)
Combivent;Albuterol + Ipratropium;KOAH nefes açýcý;Çarpýntý;18+
Combivir;Lamivudin + Zidovudin;HIV (Antiviral);Kansýzlýk, bulantý;18+
Cometriq;Kabozantinib;Tiroid kanseri (Kapsül);Aðýz yaralarý;18+
Complera;HIV Üçlü Karýþým;HIV tedavisi (Tek hap);Uykusuzluk;18+
Compoz;Difenhidramin;Uykuya yardýmcý destek;Sersemlik;12+
Compro;Proklorperazin;Þiddetli bulantý/kusma;Uyku hali;18+
Comtan;Entakapon;Parkinson (Desteði);Ýdrar rengi deðiþimi;18+
Concerta;Metilfenidat;DEHB ve odaklanma;Ýþtah kaybý, çarpýntý;6+
Concor;Bisoprolol;Tansiyon ve nabýz kontrolü;Halsizlik;18+
Condylox;Podofiloks;Genital siðil tedavisi;Ciltte yanma;18+
Conivaptan;Vaprisol muadili;Düþük sodyum tedavisi (ÝV);Baþ aðrýsý;18+
Conray;Kontrast Madde;Tomografi/Röntgen çekimi;Sýcak basmasý;Her yaþ
Constulose;Laktüloz;Kronik kabýzlýk þurubu;Gaz;Her yaþ
Contac;Grip Karýþýmý;Soðuk algýnlýðý ve nezle;Sersemlik;12+
Contrave;Bupropion + Naltrekson;Kilo verme (Ýþtah kesici);Bulantý, kabýzlýk;18+
Controloc;Pantoprazol;Gastrit ve mide koruyucu;Karýn aðrýsý;18+
Copaxone;Glatiramer Asetat;MS ataklarýný azaltma;Enjeksiyon yeri aðrýsý;12+
Copegus;Ribavirin;Hepatit C (Antiviral);Halsizlik;18+
Cordarone;Amiodaron;Ciddi kalp ritim bozukluðu;Iþýða duyarlýlýk;18+
Cordran;Flurandrenolid;Deri kaþýntýsý ve iltihabý;Ciltte incelme;Her yaþ
Coreg;Karvedilol;Kalp yetmezliði ve tansiyon;Yorgunluk;18+
Corgard;Nadolol;Tansiyon ve göðüs aðrýsý;Baþ dönmesi;18+
Corifact;Faktör XIII;Pýhtýlaþma faktör eksikliði;Eklem aðrýsý;Her yaþ
Corlanor;Ývabradin;Kronik kalp yetmezliði;Iþýk çakmalarý;18+
Cormax;Klobetazol;Þiddetli sedef ve egzama;Tahriþ;12+
Cortef;Hidrokortizon;Kortizon eksikliði (Tablet);Kilo alýmý;Her yaþ
Cortenema;Hidrokortizon;Ülseratif kolit (Lavman);Yerel tahriþ;18+
Cortifoam;Hidrokortizon (Köpük);Rektal iltihaplanma;Kaþýntý;18+
Cortisporin;Neomisin + Steroid;Kulak ve deri enfeksiyonu;Ciltte yanma;Her yaþ
Corvert;Ýbutilid;Acil kalp ritim düzeltme;Tansiyon düþmesi;18+
Corzide;Nadolol + Bendroflumetiazid;Kombine tansiyon hapý;Halsizlik;18+
Cosela;Trilaciclib;Kemoterapi yan etki azaltma;Yorgunluk;18+
Cosentyx;Sekukinumab;Sedef ve ankilozan spondilit;Ýshal;18+
Cosmegen;Daktinomisin;Bazý tümör türleri;Bulantý, kusma;Her yaþ
Cosopt;Dorzolamid + Timolol;Göz tansiyonu damlasý;Gözde yanma;18+
Cotellic;Kobimetinib;Cilt kanseri (Melanom);Ýshal, döküntü;18+
Cotrim;Sülfametoksazol Karýþýmý;Ýdrar yolu enfeksiyonu;Bulantý;2 ay+
Coumadin;Varfarin;Kan sulandýrýcý (Pýhtý önleme);Kanama riski;18+
Cozaar;Losartan;Hipertansiyon ve böbrek koruma;Baþ dönmesi;6+
Creon;Pankreatin;Enzim eksikliði (Sindirim);Karýn aðrýsý;Her yaþ
Cresemba;Ýzavukonazonyum;Þiddetli mantar enf.;Baþ aðrýsý;18+
Crestor;Rosuvastatin;Yüksek kolesterol kontrolü;Kas aðrýsý;6+
Crinone;Progesteron (Vajinal Jel);Gebelik desteði/Adet düz.;Meme hassasiyeti;Yetiþkin K
Crixivan;Ýndinavir;HIV (Antiviral) tedavisi;Böbrek taþý riski;18+
Crizotinib;Xalkori muadili;Akciðer kanseri tedavisi;Görme bozukluðu;18+
Crolom;Kromolin Sodyum;Alerjik göz damlasý;Gözde batma;4+
Cromolyn;Gastrocrom muadili;Gýda alerjisi (Mast hücre);Baþ aðrýsý;2+
Crotamiton;Eurax muadili;Uyuz ve kaþýntý (Krem);Cilt tahriþi;18+
Crystodigin;Dijitoksin;Kalp yetmezliði (Eski);Bulantý;18+
Cuprimine;Penisillamin;Wilson hastalýðý ve Artrit;Döküntü;Her yaþ
Curosurf;Poraktant Alfa;Erken doðan akciðer desteði;Nabýz yavaþlamasý;Yenidoðan
Cuvitru;Ýmmünglobulin;Baðýþýklýk eksikliði;Uygulama yeri þiþliði;2+
Cuvposa;Glikopironyum;Aþýrý tükürük salgýsý;Aðýz kuruluðu;3-16 yaþ
Cyanocobalamin;Vitamin B12;B12 eksikliði;Yok;Her yaþ
Cyclessa;Hormon Karýþýmý;Doðum kontrol hapý;Bulantý;Yetiþkin K
Cyclobenzaprine;Flexeril muadili;Kas spazmý gevþetici;Uyku hali;15+
Cyclogyl;Siklopentolat;Göz muayenesi (Damla);Bulanýk görme;Her yaþ
Cyclomydril;Siklopentolat Karýþýmý;Göz bebeði büyütücü;Gözde yanma;Her yaþ
Cyclophosphamide;Cytoxan muadili;Kanser ve baðýþýklýk baskýlama;Saç dökülmesi;Her yaþ
Cycloserine;Seromycin muadili;Dirençli tüberküloz;Sersemlik;Her yaþ
Cycloset;Bromokriptin;Tip 2 Diyabet;Bulantý;18+
Cyclosporine;Sandimmune muadili;Organ nakli ve sedef;Tansiyon artýþý;Her yaþ
Cylert;Pemolin (Eski);DEHB ve Narkolepsi;Karaciðer hasarý;6+
Cymbalta;Duloksetin;Depresyon ve sinir aðrýsý;Aðýz kuruluðu;18+
Cyproheptadine;Sipraktin muadili;Alerji ve iþtah açma;Uyku hali;2+
Cyramza;Ramusirumab;Mide ve akciðer kanseri;Yüksek tansiyon;18+
Cystadane;Betain;Genetik metabolizma boz.;Ýshal;Her yaþ
Cystagon;Sisteamin;Nefropatik sistinoz (Nadir);Ateþ, kusma;Her yaþ
Cystaran;Sisteamin (Göz);Kornea sistin birikimi;Gözde yanma;Her yaþ
Cytadren;Aminoglutitimid;Cushing sendromu (Eski);Baþ dönmesi;18+
Cytarabine;Cytosar muadili;Akut lösemi kemoterapisi;Bulantý, ateþ;Her yaþ
Cytogam;CMV Ýmmünglobulin;Organ nakli sonrasý virüs;Ateþ, titreme;Her yaþ
Cytomel;Liotironin;Tiroid hormonu eksikliði;Çarpýntý;Her yaþ
Cytosar-U;Sitarabin;Kan kanseri tedavisi;Kan deðerlerinde düþüþ;Her yaþ
Cytotec;Mizoprostol;Mide koruma (NSAÝÝ kaynaklý);Karýn kramplarý;18+
Cytoxan;Siklofosfamid;Kanser ve baðýþýklýk baskýlama;Saç dökülmesi;Her yaþ
Dabigatran;Pradaxa muadili;Kan sulandýrýcý (Yeni nesil);Mide yanmasý;18+
Dabrafenib;Tafinlar muadili;Ýleri evre cilt kanseri;Ateþ, baþ aðrýsý;18+
Dacarbazine;DTIC muadili;Melanom ve Hodgkin lenfoma;Þiddetli kusma;18+
Dacogen;Desitabin;Miyelodisplastik sendrom;Halsizlik;18+
Dactinomycin;Cosmegen muadili;Bazý yumuþak doku tümörleri;Aðýz yaralarý;Her yaþ
Dafalgan;Parasetamol;Ateþ ve genel aðrý;Nadiren kaþýntý;Her yaþ
Dafiro;Amlodipin + Valsartan;Kombine tansiyon hapý;Ayaklarda þiþme;18+
Daily-Vite;Multivitamin;Günlük besin takviyesi;Yok;Her yaþ
Daklinza;Daklatasvir;Hepatit C tedavisi;Baþ aðrýsý;18+
Daklatasvir;Daklinza muadili;Antiviral karaciðer tedavisi;Halsizlik;18+
Daktacort;Mikonazol + Hidrokortizon;Mantarlý deri iltihabý;Kaþýntý;Her yaþ
Daktarin;Mikonazol;Aðýz ve deri mantarý;Aðýzda acý tat;Her yaþ
Dalacin;Klindamisin;Ciddi bakteriyel enf.;Ýshal;Her yaþ
Dalalone;Deksametazon;Alerji ve iltihap (Ýðne);Kilo alýmý;Her yaþ
Dalansetron;Anzemet muadili;Kemoterapi bulantýsý;Baþ aðrýsý;18+
Dalfampridine;Ampyra muadili;MS (Yürüme kapasitesi artýþý);Nöbet riski;18+
Dalgan;Dezosin (Eski);Þiddetli aðrý kesici;Sersemlik;18+
Daliresp;Roflumilast;Þiddetli KOAH ataðý önleme;Kilo kaybý;18+
Dalmane;Flurazepam;Þiddetli uykusuzluk;Ertesi gün uyuþukluðu;18+
Dalteparin;Fragmin muadili;Pýhtý önleyici (Düþük aðýrlýklý);Kanama;18+
Danaparoid;Orgaran muadili;Pýhtý önleme (Pýhtý riski varsa);Kanama;18+
Danazol;Danocrine muadili;Endometriozis ve göðüs aðrýsý;Kilo artýþý;Yetiþkin K
Danocrine;Danazol;Hormon düzenleyici;Akne, tüylenme;Yetiþkin K
Dantrium;Dantrolen;Kas spazmý ve habis hipertermi;Kas güçsüzlüðü;Her yaþ
Dantrolen;Dantrium muadili;Kronik kas kasýlmalarý;Karaciðer zorlanmasý;Her yaþ
Dapagliflozin;Forxiga muadili;Tip 2 Diyabet ve kalp yetm.;Ýdrar yolu enf.;18+
Dapsone;Daps muadili;Cüzzam ve þiddetli akne;Kansýzlýk;Her yaþ
Daptacel;Karma Aþý;Tetanos, boðmaca, difteri;Ateþ;6 hafta - 6 yaþ
Daptomycin;Cubicin muadili;Ciddi deri ve kan enfeksiyonu;Kas aðrýsý;1+
Daranide;Diklorfenamid;Göz içi basýnç (Eski);Karýncalanma;18+
Daraprim;Pirimetamin;Toksoplazmoz tedavisi;Bulantý;Her yaþ
Daratumumab;Darzalex muadili;Multipl miyelom (Kanser);Yorgunluk;18+
Darbepoetin;Aranesp muadili;Kronik böbrek anemisi;Tansiyon yükselmesi;Her yaþ
Darifenacin;Enablex muadili;Aþýrý aktif mesane;Kabýzlýk;18+
Darunavir;Prezista muadili;HIV (Antiviral) tedavisi;Döküntü;3+
Darzalex;Daratumumab;Kan kanseri (ÝV/Subkutan);Ateþ, titreme;18+
Dasabuvir;Exviera muadili;Hepatit C (Karýþým ilacý);Kaþýntý;18+
Dasatinib;Sprycel muadili;Kronik miyeloid lösemi;Ödem;18+
Daunorubicin;Cerubidine muadili;Akut lösemi tedavisi;Saç dökülmesi;Her yaþ
Daurismo;Glasdegib;Akut miyeloid lösemi;Kas aðrýsý;18+
Daypro;Oksaprozin;Artrit ve eklem aðrýsý;Mide yanmasý;6+
Daytrana;Metilfenidat (Bant);DEHB ve dikkat eksikliði;Cilt tahriþi;6+
Dayvigo;Lemboreksant;Þiddetli uykusuzluk;Kabus, sersemlik;18+
Ddavp;Desmopressin;Gece idrar kaçýrma;Baþ aðrýsý;6+
Debak;Bitkisel Karýþým;Boðaz ve aðýz bakýmý;Yok;Her yaþ
Debridat;Trimebutin;Baðýrsak spazmý ve gaz;Baþ dönmesi;Her yaþ
Decadron;Deksametazon;Þiddetli iltihap ve alerji;Ýþtah artýþý;Her yaþ
Decavac;Karma Aþý;Tetanos ve difteri aþýsý;Kol aðrýsý;7+
Decholin;Dehidrokoli Karýþýmý;Safra akýþý desteði;Karýn kramplarý;18+
Decitabine;Dacogen muadili;Miyelodisplastik sendrom;Halsizlik;18+
Declomycin;Demeklosiklin;Bakteriyel enfeksiyonlar;Iþýða duyarlýlýk;8+
Deferasirox;Exjade muadili;Aþýrý demir yüklenmesi;Bulantý, ishal;2+
Deferiprone;Ferriprox muadili;Kandaki demir fazlalýðý;Eklem aðrýsý;3+
Deferoxamine;Desferal muadili;Demir zehirlenmesi;Görme bozukluðu;3+
Defitelio;Defibrotid;Karaciðer damar týkanýklýðý;Kanama riski;Her yaþ
Deflazakort;Calcort muadili;Kas erimesi (Duchenne);Kilo alýmý;2+
Degarelix;Firmagon muadili;Ýleri prostat kanseri;Sýcak basmasý;18+ (Erkek)
Dehydrated Alcohol;Saf Alkol;Sinir blokajý (Enjeksiyon);Aðrý, his kaybý;18+
Dekin;Karýþým Þurup;Bebeklerde soðuk algýnlýðý;Sersemlik;2+
Deklaros;Klaritromisin;Sinüzit ve farenjit;Acý tat;Her yaþ
Deksametazon;Dekort muadili;Ödem ve alerjik þok;Þiþkinlik;Her yaþ
Deksketoprofen;Arveles muadili;Akut kas ve diþ aðrýsý;Mide yanmasý;18+
Dekslansoprazol;Dexilant muadili;Reflü ve mide asidi;Ýshal;12+
Dekstrometorfan;Benylin muadili;Kuru öksürük baskýlayýcý;Uyku hali;4+
Dekstroz;Þeker Solüsyonu;Enerji ve sývý desteði;Damar tahriþi;Her yaþ
Delatestryl;Testosteron (Enj.);Hormon eksikliði (Erkek);Sivilce;18+ (Erkek)
Delavirdine;Rescriptor muadili;HIV (Antiviral) tedavisi;Döküntü;16+
Delestrogen;Östradiol (Ýðne);Menopoz ve östrojen eksik.;Meme aðrýsý;45+ (Kadýn)
Delsym;Dekstrometorfan;Gece öksürüðü (Uzatýlmýþ);Sersemlik;4+
Delta-Cortef;Prednizolon;Þiddetli artrit ve alerji;Hazýmsýzlýk;Her yaþ
Deltasone;Prednizon;Baðýþýklýk baskýlama;Kilo alýmý;Her yaþ
Demecarium;Humorsol muadili;Glokom (Göz damlasý);Gözde spazm;18+
Demeclocycline;Declomycin muadili;Bakteriyel enfeksiyonlar;Ciltte yanma;8+
Demerol;Meperidin muadili;Þiddetli aðrý (Opioid);Kabýzlýk, uyku;18+
Demser;Metirozin;Feokromositoma (Tümör);Sersemlik;12+
Denavir;Pensiklovir;Uçuk tedavisi (Krem);Cilt tahriþi;12+
Denol;Bizmut Subsitrat;Gastrit ve ülser tedavisi;Dýþkýda kararma;12+
Denosumab;Prolia muadili;Kemik erimesi (6 aylýk);Sýrt aðrýsý;18+
Dentinox;Diþ Jeli (Bebek);Diþ çýkarma sancýsý;Yok;4 ay+
Depakene;Valproik Asit;Sara ve migren önleme;Saç dökülmesi;Her yaþ
Depakote;Divalproeks;Bipolar ve nöbetler;Karaciðer zorlanmasý;Her yaþ
Depen;Penisillamin;Wilson hastalýðý ve taþ;Ýþtahsýzlýk;Her yaþ
Depo-Estradiol;Östradiol Sypionat;Hormon replasman tedavisi;Lekelenme;Yetiþkin Kadýn
Depo-Medrol;Metilprednizolon;Eklem içi ödem ve alerji;Yüzde kýzarma;Her yaþ
Depon;Parasetamol;Ateþ ve genel aðrý;Nadiren kaþýntý;Her yaþ
Depo-Provera;Medroksiprogesteron;3 aylýk korunma iðnesi;Kilo alýmý;Yetiþkin Kadýn
Depo-Testosterone;Testosteron;Hipogonadizm (Hormon);Tüylenme;18+ (Erkek)
Deprenyl;Selegilin muadili;Parkinson tedavisi;Uykusuzluk;18+
Dermabel;Betametazon;Deri egzamasý (Krem);Kaþýntý;Her yaþ
Dermasol;Deri Temizleme;Akne ve yaðlý cilt bakýmý;Kuruluk;12+
Dermatix;Silikon Jel;Ameliyat ve yara izi;Yok;Her yaþ
Dermovate;Klobetazol;Çok þiddetli sedef ve egzama;Deride incelme;12+
Dermycin;Neomisin Karýþýmý;Enfeksiyonlu yaralar;Ciltte kýzarýklýk;Her yaþ
Dervanol;Etakridin Laktat;Yüzeyel yara temizliði;Geçici boyanma;Her yaþ
Deserpidine;Harmonyl muadili;Hipertansiyon (Eski);Baþ dönmesi;18+
Desferal;Deferoksamin;Aþýrý demir yüklenmesi;Görme bozukluðu;3+
Desipramine;Norpramin muadili;Depresyon ve aðrý;Aðýz kuruluðu;18+
Desirudin;Iprivask muadili;Ameliyat sonrasý pýhtý ön.;Kanama;18+
Desitabin;Dacogen muadili;Kan kanseri (Lösemi);Halsizlik;18+
Desloratadin;Aerius muadili;Saman nezlesi ve alerji;Yorgunluk;6 ay+
Desmopressin;Minirin muadili;Gece idrar kaçýrma;Baþ aðrýsý;6+
Desogestrel;Cerazette muadili;Sadece progestin içeren doðum kontrolü;Lekelenme;Yetiþkin Kadýn
Desonide;Desowen muadili;Hafif egzama (Krem);Kaþýntý;Her yaþ
Desowen;Desonid;Deri iltihabý ve döküntü;Yerel tahriþ;Her yaþ
Desoximetasone;Topicort muadili;Þiddetli deri iltihabý;Kýl kökü iltihabý;Her yaþ
Desoxyn;Metamfetamin;Þiddetli DEHB ve obezite;Çarpýntý, baðýmlýlýk;6+
Desvenlafaksine;Pristiq muadili;Majör depresyon;Bulantý, terleme;18+
Detrol;Tolterodin;Sýk idrara çýkma;Kabýzlýk, kuruluk;18+
Detrol LA;Tolterodin (Uzatýlmýþ);Mesane kontrolü;Baþ dönmesi;18+
Deutetrabenazine;Austedo muadili;Huntington hareket boz.;Uyku hali;18+
Dexamethasone;Dekort muadili;Ödem, alerji, iltihap;Þiþkinlik, kilo;Her yaþ
Dexedrine;Dekstroamfetamin;DEHB ve Narkolepsi;Ýþtahsýzlýk;6+
Dexferrum;Demir Dekstran;Þiddetli kansýzlýk (ÝV);Eklem aðrýsý;Her yaþ
Dexilant;Dekslansoprazol;Mide yanmasý ve reflü;Ýshal;12+
Dexmedetomidine;Precedex muadili;Yoðun bakým sakinleþtirici;Nabýz yavaþlamasý;Her yaþ
Dexmethylphenidate;Focalin muadili;Dikkat eksikliði (DEHB);Uykusuzluk;6+
Dexone;Deksametazon;Kortizol eksikliði/Alerji;Mide hassasiyeti;Her yaþ
Dexrazoxane;Zinecard muadili;Kalp koruma (Kemoterapide);Kansýzlýk;18+
Dextroamphetamine;Dexedrine muadili;Konsantrasyon bozukluðu;Çarpýntý;6+
Dextromethorphan;Vicks Vapo muadili;Öksürük baskýlayýcý;Sersemlik;4+
Dextrose;Þeker Solüsyonu;Kan þekeri ve sývý desteði;Damar sertleþmesi;Her yaþ
Dhc Continus;Dihidrokodein;Þiddetli kronik aðrý;Kabýzlýk;18+
DiaBeta;Gliburid;Þeker hastalýðý (Tip 2);Hipoglisemi;18+
Diabinese;Klorpropamid;Diyabet yönetimi;Baþ aðrýsý;18+
Diacomit;Stiripentol;Þiddetli çocukluk epilepsisi;Ýþtah kaybý;2+
Dialume;Alüminyum Hidroksit;Böbrek yetmezliðinde fosfat baðlayýcý;Kabýzlýk;18+
Diamox;Asetazolamid;Göz tansiyonu ve irtifa hastalýðý;Karýncalanma;Her yaþ
Dianane;Bitkisel Karýþým;Kadýn saðlýðý desteði;Yok;Yetiþkin Kadýn
Diane 35;Siproteron + Östrojen;Akne ve aþýrý tüylenme;Kilo alýmý, bulantý;Yetiþkin Kadýn
Dianeal;Periton Diyaliz Sývýsý;Böbrek yetmezliði temizliði;Karýn aðrýsý;Her yaþ
Diastat;Diazepam (Rektal Jel);Uzun süren nöbetler;Uyku hali;2+
Diazepam;Diazem muadili;Kaygý, nöbet, kas spazmý;Sersemlik, unutkanlýk;Her yaþ
Diazoxide;Proglycem muadili;Aþýrý insülin düþürücü;Kilo artýþý;Her yaþ
Dibenil;Difenhidramin;Alerji ve uyku desteði;Sersemlik;Her yaþ
Dibenzyline;Fenoksibenzamin;Feokromositoma tansiyonu;Burun týkanýklýðý;18+
Dibotermin;InductOs muadili;Kemik onarýmý (Ameliyat);Yerel þiþlik;18+
Dichlotride;Hidroklorotiyazid;Tansiyon ve ödem;Halsizlik;18+
Diclegis;Doksilamin + Vitamin B6;Gebelik bulantýsý;Uyku hali;Yetiþkin Kadýn
Diclofenac;Voltaren muadili;Aðrý ve iltihap (NSAÝÝ);Mide aðrýsý;12+
Diclorfenamid;Keveyis muadili;Periyodik felç (Kas);Baþ dönmesi;18+
Dicloxacillin;Dynapen muadili;Bakteriyel deri enfeksiyonu;Ýshal;Her yaþ
Dicyclomine;Bentyl muadili;Baðýrsak spazmý ve IBS;Aðýz kuruluðu;18+
Didanosine;Videx muadili;HIV (Antiviral) tedavisi;Karýn aðrýsý, ishal;2+
Didrex;Benzfetamin;Obezite (Ýþtah kesici);Çarpýntý, uykusuzluk;18+
Didronel;Etidronat;Paget hastalýðý (Kemik);Mide kramplarý;18+
Dienogest;Visanne muadili;Endometriozis (Çikolata kisti);Lekelenme, baþ aðrýsý;18+ (K)
Diethylpropion;Tenuate muadili;Kýsa süreli kilo kaybý;Sinirlilik;16+
Diethylstilbestrol;DES (Eski);Hormon tedavisi (Kanser);Bulantý;18+
Differin;Adapalen;Sivilce (Akne) jeli;Ciltte kuruluk;12+
Diflorasone;Psorcon muadili;Þiddetli deri iltihabý;Kaþýntý;Her yaþ
Diflucan;Flukonazol;Vajinal ve sistemik mantar;Karaciðer zorlanmasý;Her yaþ
Diflunisal;Dolobid muadili;Artrit ve genel aðrý;Mide yanmasý;12+
Digibind;Digoksin Antikoru;Digoksin zehirlenmesi (Acil);Düþük potasyum;Her yaþ
Digifab;Digoksin Baðlayýcý;Kalp ilacý zehirlenmesi;Alerji (nadir);Her yaþ
Digoxin;Lanoxin muadili;Kalp yetmezliði ve ritim;Bulantý, iþtahsýzlýk;Her yaþ
Dihydroergotamine;Migranal muadili;Þiddetli migren ataðý;Bulantý, uyuþma;18+
Dihydrokodein;Paracod muadili;Þiddetli öksürük ve aðrý;Kabýzlýk, uyku;18+
Dilacor XR;Diltiazem (Uzatýlmýþ);Tansiyon ve anjin;Baþ aðrýsý;18+
Dilantin;Fenitoin;Sara (Epilepsi) nöbetleri;Diþ eti büyümesi;Her yaþ
Dilatrend;Karvedilol;Kalp yetmezliði ve tansiyon;Yorgunluk;18+
Dilaudid;Hidromorfon;Çok þiddetli aðrý (Opioid);Uyku hali, kabýzlýk;18+
Diltiazem;Diltizem muadili;Kalp ritmi ve tansiyon;Ayak bileði þiþliði;18+
Dimenhydrinate;Dramamine muadili;Yol tutmasý ve bulantý;Uyku hali;2+
Dimetane;Bromfeniramin;Alerjik nezle ve hapþýrma;Sersemlik;6+
Dimetapp;Grip Karýþýmý;Çocuklarda soðuk algýnlýðý;Sersemlik;6+
Dimetil Fumarat;Tecfidera muadili;Multipl Skleroz (MS);Yüz kýzarmasý;18+
Dimethyl Sulfoxide;Rimso-50 muadili;Mesane iltihabý (Sistosel);Sarýmsak tadý/kokusu;18+
Dinoprostone;Cervidil muadili;Doðumun baþlatýlmasý;Karýn aðrýsý;Yetiþkin (K)
Diovan;Valsartan;Hipertansiyon yönetimi;Baþ dönmesi;6+
Diovan HCT;Valsartan + HCTZ;Kombine tansiyon hapý;Yorgunluk;18+
Dipentum;Olsalazin;Ülseratif kolit (Koruma);Þiddetli ishal;18+
Diphenhydramine;Benadryl muadili;Alerji, uyku ve kaþýntý;Aðýz kuruluðu;Her yaþ
Diphenoxylate;Lomotil muadili;Þiddetli ishal tedavisi;Sersemlik;6+
Diprolene;Betametazon Dipropiyonat;Þiddetli egzama (Merhem);Ciltte incelme;12+
Dipyridamole;Persantine muadili;Pýhtý önleme (Ýnme sonrasý);Baþ aðrýsý;18+
Disalcid;Salsalat;Eklem iltihabý ve aðrý;Kulak çýnlamasý;18+
Disopyramide;Norpace muadili;Kalp ritim bozukluðu;Ýdrar yapma zorluðu;18+
Disulfiram;Antabuse muadili;Alkolizm tedavisi;Baþ aðrýsý, yorgunluk;18+
Ditropan;Oksibutinin;Aþýrý aktif mesane;Aðýz kuruluðu;5+
Ditropan XL;Oksibutinin (Uzatýlmýþ);Ýdrar kaçýrma kontrolü;Kabýzlýk;18+
Divalproex;Depakote muadili;Nöbetler, Bipolar, Migren;Kilo alýmý, uyku;Her yaþ
Divigel;Östradiol (Jel);Menopoz sýcak basmasý;Meme hassasiyeti;45+ (K)
Dizac;Diazepam (ÝV);Acil nöbet ve anksiyete;Uyku hali;Her yaþ
Dobutamine;Dobutrex muadili;Kalp yetmezliði (Acil destek);Çarpýntý;Her yaþ
Dobutrex;Dobutamin;Kalp pompalama gücü artýþý;Tansiyon artýþý;Her yaþ
Docetaxel;Taxotere muadili;Meme ve akciðer kanseri;Saç dökülmesi;18+
Docusate;Colace muadili;Dýþký yumuþatýcý (Kabýzlýk);Karýn kramplarý;2+
Dofetilide;Tikosyn muadili;Atriyal fibrilasyon (Kalp);Baþ aðrýsý;18+
Dolasetron;Anzemet muadili;Kusma engelleyici;Baþ dönmesi;2+
Dolobid;Diflunisal;Genel aðrý ve kireçlenme;Hazýmsýzlýk;12+
Dolophine;Metadon;Þiddetli aðrý/Baðýmlýlýk;Kabýzlýk, uyku;18+
Dolorex;Diklofenak Potasyum;Akut aðrý ve inflamasyon;Mide aðrýsý;14+
Donepezil;Aricept muadili;Alzheimer (Hafýza);Bulantý, ishal;18+
Donnatal;Fenobarbital Karýþýmý;Baðýrsak spazmý ve IBS;Aðýz kuruluðu;Her yaþ
Dopamine;Dopamin muadili;Þok ve düþük tansiyon;Çarpýntý;Her yaþ
Dopram;Doksapram;Solunum uyarýmý (Ameliyat);Tansiyon artýþý;Her yaþ
Doral;Quazepam;Þiddetli uykusuzluk;Uyku hali;18+
Doravirine;Pifeltro muadili;HIV (Antiviral) tedavisi;Anormal rüyalar;18+
Doryx;Doksisiklin (Uzatýlmýþ);Akne ve enfeksiyon;Iþýða duyarlýlýk;8+
Dorzolamide;Trusopt muadili;Göz tansiyonu damlasý;Gözde yanma;18+
Dostinex;Kabergolin;Hormon (Prolaktin) fazlalýðý;Baþ dönmesi;18+
Dovato;Dolutegravir Karýþýmý;HIV yönetimi (Tek hap);Baþ aðrýsý;12+
Dovonex;Kalsipotrien;Sedef hastalýðý (Krem);Tahriþ;12+
Doxazosin;Cardura muadili;Prostat büyümesi ve tansiyon;Baþ dönmesi;18+
Doxepin;Sinequan muadili;Depresyon ve uykusuzluk;Kabýzlýk, uyku;18+
Doxercalciferol;Hectorol muadili;D vitamini (Diyaliz hast.);Bulantý;18+
Doxil;Doksorubisin (Lipozomal);Yumurtalýk ve Kaposi kanseri;El-ayak sendromu;18+
Doxorubicin;Adriamycin muadili;Kemoterapi ilacý;Saç dökülmesi;Her yaþ
Doxycycline;Monodox muadili;Sivilce ve sýtma koruma;Mide bulantýsý;8+
Doxylamine;Unisom muadili;Uykuya yardýmcý/Alerji;Sersemlik;12+
Dozol;Parasetamol Karýþýmý;Çocuklarda aðrý ve uyku;Uyku hali;2+
D-Penamine;Penisillamin;Wilson hastalýðý;Ýþtahsýzlýk;Her yaþ
Dramamine;Dimenhidrinat;Bulantý ve yol tutmasý;Uyku hali;2+
Drisdol;Ergokalsiferol;Vitamin D2 eksikliði;Yok;Her yaþ
Drizalma Sprinkle;Duloksetin (Kapsül);Depresyon ve aðrý;Bulantý;18+
Dronabinol;Marinol muadili;Kanser bulantýsý/Ýþtahsýzlýk;Sersemlik;18+
Dronedarone;Multaq muadili;Kalp ritim düzenleyici;Ýshal, halsizlik;18+
Droperidol;Inapsine muadili;Þiddetli kusma ve sakinlik;Baþ dönmesi;Her yaþ
Drospirenone;Yasmin muadili;Doðum kontrolü/Ödem önleme;Meme hassasiyeti;Yetiþkin K
Droxia;Hidroksiüre;Orak hücreli anemi;Kansýzlýk;18+
Droxidopa;Northera muadili;Ayakta düþük tansiyon;Baþ aðrýsý;18+
Dryvax;Çiçek Aþýsý;Çiçek hastalýðýndan korunma;Ateþ, döküntü;Her yaþ
Dt;Difteri-Tetanos Aþýsý;Baðýþýklama (Çocuk);Kol aðrýsý;6 hafta+
Dtap;Karma Aþý (Çocuk);Difteri, tetanos, boðmaca;Huzursuzluk;6 hafta-6 yaþ
Duac;Klindamisin + Peroksit;Akne (Sivilce) jeli;Kuruluk, soyulma;12+
Duaklir Pressair;KOAH Karýþýmý;Nefes açýcý fýsfýs;Öksürük;18+
Duavee;Östrojen + Bazedoksifen;Menopoz ve kemik koruma;Kas kramplarý;45+ (K)
Dudu;Bitkisel Karýþým;Bebeklerde gaz giderici;Yok;0+
Duetact;Pioglitazon + Glimepirid;Tip 2 Diyabet (Kombine);Ödem, kilo alýmý;18+
Duexis;Ýbuprofen + Famotidin;Eklem aðrýsý ve mide koruma;Mide yanmasý;18+
Dulera;Mometazon + Formoterol;Astým kontrol fýsfýsý;Baþ aðrýsý;12+
Dulcolax;Bisakodil;Kabýzlýk (Laksatif);Karýn kramplarý;6+
Duloxetine;Cymbalta muadili;Depresyon ve diyabetik aðrý;Aðýz kuruluðu;18+
Duobrii;Halobetasol Karýþýmý;Plak tipi sedef hastalýðý;Deride incelme;18+
Duodopa;Levodopa + Karbidopa;Ýleri evre Parkinson;Ýstemsiz hareketler;18+
Duofilm;Salisilik Asit Karýþýmý;Siðil ve nasýr giderici;Cilt tahriþi;Her yaþ
Duomox;Amoksisilin;Bakteriyel enfeksiyon;Ýshal;Her yaþ
Duoneb;Albuterol + Ipratropium;Akut nefes darlýðý fýsfýsý;Titreme;18+
Duoplavin;Plavix + Aspirin;Þiddetli pýhtý önleme;Kanama riski;18+
Dupixent;Dupilumab;Þiddetli egzama ve astým;Göz iltihabý;6+
Duragesic;Fentanil (Bant);Çok þiddetli kronik aðrý;Uyku hali, kabýzlýk;18+
Duratest;Testosteron (Enj.);Hormon takviyesi;Sivilce;18+ (E)
Duricef;Sefadroksil;Deri ve boðaz enfeksiyonu;Ýshal;Her yaþ
Durogesic;Fentanil (Bant);Þiddetli kronik aðrý;Uyku hali;18+
Durezol;Difluprednat;Göz ameliyatý sonrasý iltihap;Gözde ödem;18+
Dutasterid;Avodart muadili;Prostat büyümesi tedavisi;Cinsel isteksizlik;18+ (E)
Dutrebis;Lamivudin + Raltegravir;HIV (Antiviral) tedavisi;Baþ aðrýsý;18+
Duvid;Pioglitazon;Þeker hastalýðý (Tip 2);Kilo alýmý;18+
Duzallo;Lesinurad + Allopurinol;Gut ve ürik asit kontrolü;Baþ aðrýsý;18+
D-Vitum;Vitamin D3;D vitamini eksikliði;Yok;Her yaþ
Dyazide;Triamteren + HCTZ;Tansiyon ve ödem hapý;Baþ dönmesi;18+
Dymista;Azelastin + Flutikazon;Þiddetli alerjik nezle;Acý tat, burun kanamasý;6+
Dynacin;Minosiklin;Akne ve bakteriyel enf.;Sersemlik;12+
Dynapen;Diklosasilin;Deri ve doku iltihabý;Karýn aðrýsý;Her yaþ
Dyrenium;Triamteren;Potasyum tutucu idrar söktürücü;Mide bulantýsý;18+
Dysport;Botulinum Toksini;Kas sertliði ve spazm;Kas güçsüzlüðü;18+
Dyvelos;Duloksetin muadili;Depresyon ve diyabetik aðrý;Aðýz kuruluðu;18+
Ebastin;Kestine muadili;Saman nezlesi ve kaþýntý;Sersemlik;12+
Ebixa;Memantin;Alzheimer (Orta-Aðýr);Baþ dönmesi;18+
Econazole;Spectazole muadili;Deri ve ayak mantarý;Cilt tahriþi;Her yaþ
Econtra EZ;Levonorgestrel;Acil korunma (Ertesi gün);Bulantý, adet düzensizliði;Yetiþkin K
Ecoza;Ekonazol (Köpük);Cilt mantarý tedavisi;Kaþýntý;12+
Edarbi;Azilsartan;Yüksek tansiyon (Modern);Ýshal;18+
Edarbyclor;Azilsartan + Klortalidon;Þiddetli hipertansiyon;Baþ dönmesi;18+
Edecrin;Etakrinik Asit;Þiddetli ödem giderici;Duyma bozukluðu (nadir);Her yaþ
Edluar;Zolpidem (Dil altý);Kýsa süreli uykusuzluk;Uyku hali;18+
Edoxaban;Lixiana muadili;Kan sulandýrýcý (Yeni nesil);Kanama riski;18+
Edurant;Rilpivirin;HIV (Antiviral) tedavisi;Uykusuzluk;12+
Efavirenz;Sustiva muadili;HIV yönetimi;Anormal rüyalar;Her yaþ
Effexor;Venlafaksin;Depresyon ve panik atak;Terleme, bulantý;18+
Effexor XR;Venlafaksin (Uzatýlmýþ);Sosyal kaygý ve depresyon;Uykusuzluk;18+
Effient;Prasugrel;Kalp damarý pýhtý önleme;Morarma;18+
Efudex;Florourasil (Krem);Aktinik keratoz ve kanser;Ciltte þiddetli yanma;18+
Egrifta;Tesamorelin;HIV kaynaklý karýn yaðlanmasý;Eklemlerde þiþlik;18+
Eksemetan;Aromasin muadili;Meme kanseri (Hormon);Sýcak basmasý;Yetiþkin K
Elaprase;Ýdursülfaz;Hunter Sendromu (Genetik);Döküntü;1+
Elavil;Amitriptilin;Depresyon ve migren önleme;Aðýz kuruluðu, uyku;18+
Eldepryl;Selegilin;Parkinson (Erken evre);Mide bulantýsý;18+
Elecon;Mometazon;Deri iltihabý ve kaþýntý;Yerel yanma;Her yaþ
Elelyso;Taligluseraz Alfa;Gaucher hastalýðý (Tip 1);Baþ aðrýsý;4+
Eletriptan;Relpax muadili;Akut migren ataðý;Yorgunluk;18+
Elidel;Pimekrolimus;Atopik dermatit (Egzama);Uygulama yeri sýcaklýðý;2+
Eligard;Löprolid (Ýðne);Ýleri prostat kanseri;Sýcak basmasý;18+ (E)
Eliglustat;Cerdelga muadili;Genetik metabolizma ilacý;Karýn aðrýsý;18+
Elimite;Permetrin (Krem);Uyuz ve bit tedavisi;Kaþýntý;2 ay+
Eliquis;Apiksaban;Kan sulandýrýcý (Tablet);Kanama;18+
Ella;Ulipristal;Acil korunma (5 güne kadar);Karýn aðrýsý, bulantý;Yetiþkin K
Ellence;Epirubisin;Meme kanseri kemoterapisi;Saç dökülmesi;18+
Elliotts B;Elektrolit Karýþýmý;Omurilik sývýsý desteði;Baþ aðrýsý;Her yaþ
Elmiron;Pentosan Polisülfat;Ýnterstisyel sistit aðrýsý;Ýshal, saç dökülmesi;18+
Elocon;Mometazon Furoat;Þiddetli egzama ve alerji;Deride incelme;Her yaþ
Elspar;Asparaginaz;Akut lösemi tedavisi;Karaciðer zorlanmasý;Her yaþ
Eltrombopag;Promacta muadili;Düþük trombosit (ITP);Baþ aðrýsý, öksürük;1+
Eluxadoline;Viberzi muadili;Ýshal baskýn IBS;Karýn aðrýsý;18+
Elvitegravir;Vitekta muadili;HIV (Antiviral) tedavisi;Ýshal, bulantý;12+
Elyxyb;Celecoxib (Sývý);Akut migren ataðý;Mide yanmasý;18+
Elzonris;Tagraxofusp;Nadir kan kanseri (BPDCN);Ödem, yorgunluk;2+
Emadine;Emedastin;Alerjik göz damlasý;Gözde yanma;3+
Emcyt;Estramustin;Ýleri prostat kanseri;Meme hassasiyeti;18+ (E)
Emend;Aprepitant;Kemoterapi bulantýsý;Halsizlik, hýçkýrýk;Her yaþ
Emflaza;Deflazakort;Kas erimesi (Duchenne);Kilo alýmý;2+
Emgality;Galcanezumab;Migren önleyici (Ýðne);Enjeksiyon yeri aðrýsý;18+
Emla;Lidokain + Prilokain;Lokal uyuþturucu krem;Geçici solgunluk;Her yaþ
Emoquette;Hormon Karýþýmý;Doðum kontrol hapý;Bulantý;Yetiþkin K
Empagliflozin;Jardiance muadili;Tip 2 Diyabet ve kalp;Ýdrar yolu enf.;18+
Empaveli;Pegcetacoplan;PNH (Kan hastalýðý);Enfeksiyon riski;18+
Empliciti;Elotuzumab;Multipl miyelom;Yorgunluk, ateþ;18+
Emsam;Selegilin (Bant);Majör depresyon;Uygulama yeri tepkisi;18+
Emtricitabine;Emtriva muadili;HIV tedavisi ve koruma;Baþ aðrýsý, ishal;Her yaþ
Emtriva;Emtrisitabin;Antiviral baðýþýklýk desteði;Cilt rengi deðiþimi;Her yaþ
Emverm;Mebendazol;Baðýrsak kurdu ve parazit;Karýn aðrýsý;2+
Enabelis;Kandesartan Karýþýmý;Tansiyon ve kalp desteði;Baþ dönmesi;18+
Enablex;Darifenasin;Aþýrý aktif mesane;Kabýzlýk, kuruluk;18+
Enalapril;Vasotec muadili;Hipertansiyon (ACE);Kuru öksürük;18+
Enasidenib;Idhifa muadili;Akut miyeloid lösemi;Bulantý, sarýlýk;18+
Enbrel;Etanersept;Romatizma ve Sedef (Ýðne);Enjeksiyon yeri reaksiyonu;2+
Endari;L-Glutamin;Orak hücreli anemi;Göðüs aðrýsý;5+
Endo;Oksikodon Karýþýmý;Þiddetli aðrý yönetimi;Kabýzlýk;18+
Endocet;Oksikodon + Parasetamol;Þiddetli akut aðrý;Sersemlik;18+
Endometrin;Progesteron (Vajinal);Gebelik desteði (IVF);Karýn þiþliði;Yetiþkin K
Engerix-B;Hepatit B Aþýsý;Sarýlýk (Hep B) korunma;Kol aðrýsý, ateþ;Her yaþ
Enhertu;Fam-Trastuzumab;Meme ve akciðer kanseri;Bulantý, halsizlik;18+
Enjuvia;Sentetik Östrojen;Menopoz semptomlarý;Göðüs hassasiyeti;45+ (K)
Enoxaparin;Clexane muadili;Damar içi pýhtý önleme;Kanama, morarma;Her yaþ
Enpresse;Hormon Karýþýmý;Doðum kontrolü (3 fazlý);Baþ aðrýsý;Yetiþkin K
Enspryng;Satralizumab;Nöromiyelitis optika;Baþ aðrýsý, döküntü;18+
Enstilar;Kalsipotrien + Betametazon;Plak tipi sedef (Köpük);Ciltte yanma;12+
Entadfi;Finasterid + Tadalafil;Prostat büyümesi (BPH);Baþ aðrýsý;18+ (E)
Entakapon;Comtan muadili;Parkinson (Levodopa desteði);Ýdrar rengi kararmasý;18+
Entecavir;Baraclude muadili;Kronik Hepatit B;Baþ aðrýsý, halsizlik;2+
Entereg;Alvimopan;Baðýrsak ameliyatý iyileþme;Mide bulantýsý;18+
Entresto;Sacubitril + Valsartan;Kalp yetmezliði (Yeni);Tansiyon düþmesi;18+
Entyvio;Vedolizumab;Crohn ve Ülseratif kolit;Eklem aðrýsý;18+
Enulose;Laktüloz;Karaciðer ve kabýzlýk þurubu;Gaz, þiþkinlik;Her yaþ
Envarsus XR;Takrolimus;Organ nakli reddi önleme;Baþ aðrýsý, titreme;18+
Enzalutamid;Xtandi muadili;Ýleri evre prostat kanseri;Yorgunluk, sýcak basmasý;18+ (E)
Epaned;Enalapril (Sývý);Tansiyon ve kalp yetm.;Baþ dönmesi;18+
Epanutin;Fenitoin;Sara nöbeti kontrolü;Diþ eti büyümesi;Her yaþ
Epclusa;Sofosbuvir + Velpatasvir;Hepatit C (Genel tedavi);Halsizlik, baþ aðrýsý;3+
Ephedrine;Efidrin;Düþük tansiyon ve astým;Çarpýntý, uykusuzluk;Her yaþ
Epidiolex;Kannabidiol;Þiddetli sara (Epilepsi);Uyku hali, ishal;2+
Epiduo;Adapalen + Peroksit;Akne (Sivilce) jeli;Ciltte tahriþ;9+
Epifibatid;Integrilin muadili;Anjiyo sýrasýnda pýhtý önleme;Kanama;18+
Epikur;Gabapentin;Sinir aðrýsý ve nöbet;Sersemlik;12+
Epinastine;Elestat muadili;Alerjik göz damlasý;Gözde yanma;2+
Epinephrine;Adrenalin;Alerjik þok (Anafilaksi);Çarpýntý, titreme;Her yaþ
EpiPen;Epinefrin (Oto-enjektör);Acil alerji tedavisi;Kaygý, çarpýntý;Her yaþ
Epirubisin;Ellence muadili;Meme kanseri tedavisi;Saç dökülmesi;18+
Epivir;Lamivudin;HIV ve Hepatit B;Baþ aðrýsý;Her yaþ
Eplerenone;Inspra muadili;Kalp yetmezliði ve tansiyon;Baþ dönmesi;18+
Epoetin Alfa;Epogen muadili;Kansýzlýk (Böbrek/Kanser);Tansiyon artýþý;Her yaþ
Epogen;Epoetin Alfa;Alyuvar üretim desteði;Baþ aðrýsý;Her yaþ
Epoprostenol;Flolan muadili;Akciðer tansiyonu (ÝV);Çene aðrýsý, kýzarma;18+
Eprosartan;Teveten muadili;Yüksek tansiyon (ARB);Yorgunluk;18+
Epsolay;Benzoil Peroksit (Krem);Rozasea (Gül hastalýðý);Ciltte kuruluk;18+
Epzicom;Abakavir + Lamivudin;HIV tedavisi (Kombine);Halsizlik;18+
Equagesic;Aspirin Karýþýmý;Kas aðrýsý ve kaygý (Eski);Uyku hali;18+
Equetro;Karbamazepin;Bipolar bozukluk (Mani);Sersemlik;18+
Eraxis;Anidulafungin;Þiddetli mantar enfeksiyonu;Ýshal, bulantý;18+
Erbitux;Setuksimab;Kolon ve baþ-boyun kanseri;Cilt döküntüsü;18+
Ergomar;Ergotamin;Migren ataðýný durdurma;Bulantý, uyuþma;18+
Ergocalciferol;Vitamin D2;Kemik ve diþ geliþimi;Yok;Her yaþ
Ergotamine;Cafergot muadili;Damar tipi baþ aðrýsý;Kusma;18+
Erivedge;Vismodegib;Bazal hücreli cilt kanseri;Tat kaybý, kramp;18+
Erleada;Apalutamid;Prostat kanseri tedavisi;Yorgunluk, döküntü;18+ (E)
Erlotinib;Tarceva muadili;Akciðer ve pankreas kanseri;Ýshal, akne;18+
Ertapenem;Invanz muadili;Þiddetli iç organ enf.;Baþ aðrýsý;1+
Ertugliflozin;Steglatro muadili;Tip 2 Diyabet yönetimi;Mantar enfeksiyonu;18+
Erygel;Eritromisin (Jel);Akne (Sivilce) tedavisi;Ciltte kuruluk;12+
Eryped;Eritromisin (Sývý);Solunum yolu iltihabý;Karýn aðrýsý;Her yaþ
Erythromycin;Eritro muadili;Geniþ spektrumlu antibiyotik;Mide bulantýsý;Her yaþ
Esbriet;Pirfenidon;Akciðer sertleþmesi (Fibroz);Bulantý, döküntü;18+
Escitalopram;Cipralex muadili;Depresyon ve kaygý boz.;Uyku hali, terleme;18+
Esgic;Butalbital Karýþýmý;Gerilim tipi baþ aðrýsý;Sersemlik;12+
Esketamine;Spravato muadili;Dirençli depresyon spreyi;Baþ dönmesi;18+
Eslicarbazepine;Aptiom muadili;Sara (Epilepsi) nöbetleri;Uyku hali;4+
Esmolol;Brevibloc muadili;Acil kalp ritim hýzý düþürme;Tansiyon düþmesi;18+
Esomeprazole;Nexium muadili;Reflü ve mide koruyucu;Karýn aðrýsý;1+
Esprol;Esomeprazol;Mide asidi dengeleyici;Ýshal;1+
Estalis;Östradiol + Noretisteron;Menopoz (Hormon bandý);Lekelenme;45+ (K)
Estarylla;Hormon Karýþýmý;Doðum kontrol hapý;Baþ aðrýsý;Yetiþkin K
Estazolam;ProSom muadili;Kýsa süreli uykusuzluk;Sersemlik;18+
Estrace;Östradiol (Tablet);Östrojen eksikliði tedavisi;Meme hassasiyeti;Yetiþkin K
Estradiol;Estrofem muadili;Hormon replasman tedavisi;Kilo alýmý;Yetiþkin K
Estraderm;Östradiol (Bant);Menopoz sýcak basmasý;Kaþýntý (Bant yeri);45+ (K)
Estratest;Östrojen + Testosteron;Menopozda cinsel istek;Akne, tüylenme;45+ (K)
Estring;Östradiol (Halka);Vajinal kuruluk (Hormon);Yerel akýntý;45+ (K)
Estrofem;Östradiol;Menopoz ve kýsýrlýk desteði;Ödem;Yetiþkin K
Estrogel;Östradiol (Jel);Cilt yoluyla hormon desteði;Meme aðrýsý;Yetiþkin K
Estrone;Doðal Östrojen;Hormon dengesizliði (Eski);Bulantý;Yetiþkin K
Estropipate;Ogen muadili;Menopoz þikayetleri;Baþ aðrýsý;45+ (K)
Eszopiclone;Lunesta muadili;Kronik uykusuzluk tedavisi;Aðýzda acý tat;18+
Etaloc;Etol muadili;Eklem iltihabý ve aðrý;Mide yanmasý;18+
Etamsylate;Dicynone muadili;Kýlcal damar kanamasý durdurucu;Baþ aðrýsý;Her yaþ
Etanercept;Enbrel muadili;Romatoid artrit (Biyolojik);Enjeksiyon yeri reaksiyonu;2+
Ethacrynic Acid;Edecrin muadili;Þiddetli vücut ödemi;Ýþitme kaybý (nadir);Her yaþ
Ethambutol;Myambutol muadili;Tüberküloz (Verem) tedavisi;Görme bozukluðu;13+
Ethamivan;Vandid muadili;Solunum uyarýcý (Eski);Huzursuzluk;18+
Ethinyl Estradiol;Östrojen Hormonu;Doðum kontrolü (Kombine);Bulantý, ödem;Yetiþkin K
Ethiodized Oil;Lipiodol muadili;Röntgen kontrast maddesi;Ateþ;Her yaþ
Ethionamide;Trecator muadili;Dirençli tüberküloz ilacý;Mide bulantýsý;Her yaþ
Ethosuximide;Zarontin muadili;Absans (Dalma) nöbetleri;Ýþtahsýzlýk;3+
Ethotoin;Peganone muadili;Sara (Epilepsi) kontrolü;Diþ eti hassasiyeti;Her yaþ
Ethyol;Amifostin;Böbrek koruma (Kemoterapide);Tansiyon düþmesi;18+
Etidronate;Didronel muadili;Kemik erimesi ve Paget;Mide kramplarý;18+
Etodolac;Etol muadili;Þiddetli eklem ve kas aðrýsý;Hazýmsýzlýk;18+
Etomidate;Amidate muadili;Kýsa süreli anestezi (ÝV);Ýstemsiz hareketler;Her yaþ
Etonogestrel;Nexplanon muadili;Cilt altý korunma çubuðu;Adet düzensizliði;Yetiþkin K
Etoposide;Vepesid muadili;Akciðer ve testis kanseri;Saç dökülmesi;18+
Etoral;Ketokonazol muadili;Mantar enfeksiyonu (Hap);Karaciðer zorlanmasý;2+
Etravirine;Intelence muadili;HIV (Antiviral) tedavisi;Döküntü;6+
Eucerin;Cilt Bakým Serisi;Kuru ve hassas cilt onarýmý;Yok;Her yaþ
Euflexxa;Hyaluronat (Ýðne);Diz kireçlenmesi (Sývý);Eklem þiþliði;18+
Euglucon;Glibenklamid;Þeker hastalýðý (Tip 2);Kan þekeri düþmesi;18+
Eurax;Krotamiton;Uyuz ve kaþýntý kremi;Yerel tahriþ;18+
Evamist;Östradiol (Sprey);Menopoz semptomlarý;Meme aðrýsý;45+ (K)
Evekeo;Amfetamin;DEHB ve Narkolepsi;Çarpýntý;3+
Evenity;Romosozumab;Þiddetli kemik erimesi;Eklem aðrýsý;50+ (K)
Everolimus;Afinitor muadili;Kanser ve organ nakli;Aðýz yaralarý;18+
Evista;Raloksifen;Kemik erimesi (Menopoz sonrasý);Sýcak basmasý;45+ (K)
Evoclin;Klindamisin (Köpük);Akne (Sivilce) tedavisi;Baþ aðrýsý;12+
Evotaz;Atazanavir Karýþýmý;HIV tedavisi (Kombine);Sarýlýk (nadir);18+
Evoxac;Sevimelin;Aðýz kuruluðu (Sjögren);Terleme;18+
Evrenzo;Roxadustat;Böbrek kaynaklý kansýzlýk;Tansiyon artýþý;18+
Evrysdi;Risdiplam;SMA (Kas hastalýðý) þurubu;Ýshal, döküntü;Her yaþ
Evusheld;Antikor Karýþýmý;COVID-19 korunma (Riskli grup);Alerji;12+
Exall;Öksürük Karýþýmý;Balgamlý öksürük giderici;Mide bulantýsý;6+
Excedrin;Aspirin + Parasetamol;Migren ve þiddetli aðrý;Mide yanmasý;12+
Exelder;Rivastigmin;Demans ve Alzheimer;Ýþtahsýzlýk;18+
Exelon;Rivastigmin (Bant);Alzheimer tipi unutkanlýk;Bulantý, kusma;18+
Exemestane;Aromasin muadili;Meme kanseri (Hormonal);Yorgunluk;Yetiþkin K
Exenatide;Byetta muadili;Tip 2 Diyabet (Ýðne);Mide bulantýsý;18+
Exforge;Amlodipin + Valsartan;Kombine tansiyon ilacý;Baþ dönmesi;18+
Exjade;Deferasirox;Kandaki demir fazlalýðý;Karýn aðrýsý;2+
Exkivity;Mobocertinib;Akciðer kanseri (Mutasyonlu);Ýshal;18+
Exoderm;Mantar Karýþýmý;Deri ve saçlý deri mantarý;Kaþýntý;Her yaþ
Expansia;Bitkisel Karýþým;Kan dolaþýmý desteði;Yok;18+
Exparel;Bupivakain (Ýnj.);Uzun etkili yara uyuþturma;Kabýzlýk;6+
Expectorant;Þurup Grubu;Göðüs yumuþatýcý/Balgam;Bulantý;2+
Exsel;Selenyum Sülfit;Kepek ve deri mantarý;Saç dökülmesi (nadir);Her yaþ
Extavia;Ýnterferon Beta-1b;Multipl Skleroz (MS);Grip benzeri belirtiler;18+
Extina;Ketokonazol (Köpük);Saçlý deri egzamasý;Uygulama yeri aðrýsý;12+
Extranane;Ýkodextrin;Periton diyaliz çözeltisi;Karýn aðrýsý, döküntü;18+
Exubera;Ýnsülin (Soluma);Þeker hastalýðý (Eski);Öksürük;18+
Exviera;Dasabuvir;Hepatit C (Karýþým ilacý);Kaþýntý, uykusuzluk;18+
Eylea;Aflibersept (Göz);Sarý nokta hastalýðý;Göz içi kanama;18+
Ezetimibe;Ezetrol muadili;Kolesterol emilim önleyici;Karýn aðrýsý, yorgunluk;10+
Ezogabine;Potiga muadili;Sara (Epilepsi) nöbetleri;Sersemlik, bulanýk görme;18+
Factive;Gemifloksasin;Zatürre ve bronþit;Ýshal, döküntü;18+
Factrel;Gonadorelin;Hormon (Hipofiz) testi;Baþ aðrýsý, kýzarma;18+
Falgos;Parasetamol Karýþýmý;Þiddetli aðrý ve ateþ;Nadiren kaþýntý;Her yaþ
Famciclovir;Famvir muadili;Uçuk ve zonat tedavisi;Baþ aðrýsý;18+
Famotidine;Famodin muadili;Mide koruyucu ve reflü;Kabýzlýk, baþ dönmesi;Her yaþ
Famotidine + Mag;Pepcid Dual muadili;Çiðneme tableti (Mide asidi);Ýshal;12+
Famvir;Famsiklovir;Herpes (Uçuk) antivirali;Bulantý;18+
Fanapt;Ýloperidon;Þizofreni tedavisi;Uyku hali, çarpýntý;18+
Fansidar;Sýtma Karýþýmý;Sýtma tedavi ve korunma;Ýþtahsýzlýk, kusma;Her yaþ
Faricimab;Vabysmo muadili;Göz damar dejenerasyonu;Göz aðrýsý;18+
Farid;Sefazolin;Ameliyat öncesi antibiyotik;Ýshal;Her yaþ
Farlutal;Medroksiprogesteron;Adet düzensizliði/Kanser;Kilo alýmý, ödem;Yetiþkin K
Faropenem;Farom muadili;Sinüzit ve deri enf.;Ýshal;18+
Farydak;Panobinostat;Multipl miyelom (Kanser);Þiddetli ishal;18+
Faslodex;Fulvestrant;Ýleri evre meme kanseri;Eklem aðrýsý, halsizlik;Yetiþkin K
Fasprin;Aspirin (Tablet);Aðrý ve ateþ düþürücü;Mide yanmasý;16+
Fasenra;Benralizumab;Þiddetli astým (Ýðne);Boðaz aðrýsý;12+
Fasturtec;Rasburikaz;Ürik asit yüksekliði (Kanser);Ateþ, kusma;Her yaþ
Favipiravir;Favicovir muadili;Bazý virüs enfeksiyonlarý;Karaciðer enzim artýþý;18+
Fazaclo;Klozapin (Eriyen);Dirençli þizofreni;Salya artýþý;18+
Febuxostat;Uloric muadili;Gut (Ürik asit düþürücü);Karaciðer zorlanmasý;18+
Fedratinib;Inrebic muadili;Miyelofibroz (Kemik iliði);Bulantý, ishal;18+
Feiba;Pýhtýlaþma Faktörü;Hemofili kanama kontrolü;Baþ dönmesi;Her yaþ
Felbamate;Felbatol muadili;Þiddetli epilepsi nöbeti;Ýþtah kaybý;2+
Felbatol;Felbamat;Dirençli sara tedavisi;Uykusuzluk;2+
Feldene;Piroksikam;Artrit ve eklem iltihabý;Hazýmsýzlýk;18+
Felodipine;Plendil muadili;Hipertansiyon (Kalsiyum);Ayak bileði þiþliði;18+
Felsit;Flutikazon muadili;Alerjik burun spreyi;Burun kuruluðu;4+
Femara;Letrozol;Meme kanseri (Hormon);Kemik aðrýsý, terleme;Yetiþkin K
Femhrt;Östrojen + Noretisteron;Menopoz semptomlarý;Meme hassasiyeti;45+ (K)
Femring;Östradiol (Vajinal);Menopozal kuruluk/Hormon;Yerel akýntý;45+ (K)
Femtrace;Östradiol Asetat;Menopoz sýcak basmasý;Baþ aðrýsý;45+ (K)
Fenofibrate;Lipofen muadili;Trigliserit (Yað) düþürücü;Karýn aðrýsý;18+
Fenoglide;Fenofibrat;Yüksek kolesterol kontrolü;Bulantý;18+
Fenoprofen;Nalfon muadili;Romatizma ve kireçlenme;Mide aðrýsý;18+
Fenoterol;Berotec muadili;Astým nefes açýcý (Ýnh.);El titremesi;12+
Fentanyl;Duragesic muadili;Þiddetli kronik aðrý;Uyku hali, kabýzlýk;18+
Fentora;Fentanil (Dil üstü);Kanser aðrýsý (Anlýk);Bulantý, uyku;18+
Feosol;Demir Sülfat;Demir eksikliði anemisi;Kabýzlýk, siyah dýþký;Her yaþ
Feratab;Demir Takviyesi;Kansýzlýk tedavisi;Karýn kramplarý;Her yaþ
Fer-In-Sol;Demir Damlasý;Bebeklerde demir eksikliði;Karýn aðrýsý;0+
Feridex;Ferumoksit;MR görüntüleme (Kontrast);Bel aðrýsý;18+
Feriva;Demir + Folik Asit;Gebelik/Kansýzlýk desteði;Mide bulantýsý;Her yaþ
Ferriprox;Deferipron;Aþýrý demir yüklenmesi;Eklem aðrýsý;3+
Ferrlecit;Sodyum Ferrik Glukonat;Diyaliz hastalarýnda kansýzlýk;Tansiyon düþmesi;6+
Ferrous Sulfate;Tardyferon muadili;Demir eksikliði anemisi;Kabýzlýk, siyah dýþký;Her yaþ
Ferumoxytol;Feraheme muadili;Damardan demir takviyesi;Baþ dönmesi, bulantý;18+
Fesoterodine;Toviaz muadili;Aþýrý aktif mesane;Aðýz kuruluðu;18+
Fetzima;Levomilnasipran;Majör depresyon tedavisi;Çarpýntý, terleme;18+
Fexofenadine;Telfast muadili;Alerjik nezle ve kurdeþen;Baþ aðrýsý, uyku;6+
Fiasp;Hýzlý Etkili Ýnsülin;Þeker hastalýðý (Yemek öncesi);Kan þekeri düþmesi;1+
Fibryga;Fibrinojen Konsantresi;Pýhtýlaþma bozukluðu (Kanama);Ateþ;Her yaþ
Filgrastim;Neupogen muadili;Beyaz kan hücresi artýrýcý;Kemik aðrýsý;Her yaþ
Filly;Bitkisel Þurup;Çocuklarda balgamlý öksürük;Ýshal;2+
Finacea;Azelaik Asit (Jel);Akne ve rozasea (Gül hast.);Ciltte yanma;12+
Finasteride;Proscar muadili;Prostat büyümesi/Saç dökülmesi;Cinsel isteksizlik;18+ (E)
Fintepla;Fenfluramin;Dravet sendromu (Epilepsi);Ýþtah kaybý;2+
Fiorinal;Aspirin + Kafein + Butalbital;Gerilim tipi baþ aðrýsý;Uyku hali;12+
Fioricet;Parasetamol + Butalbital;Þiddetli baþ aðrýsý;Sersemlik;12+
Firdapse;Amifampridin;Lambert-Eaton sendromu;Karýncalanma;18+
Firmagon;Degareliks;Ýleri prostat kanseri (Ýðne);Sýcak basmasý;18+ (E)
First-Mouthwash;Reçeteli Gargara;Aðýz yaralarý (Mukozit);Tat deðiþikliði;Her yaþ
Fivasa;Mesalazin muadili;Ülseratif kolit tedavisi;Karýn aðrýsý;18+
Flagyl;Metronidazol;Parazit ve bakteri enf.;Metalik tat, bulantý;Her yaþ
Flarex;Florometolon;Alerjik göz iltihabý;Bulanýk görme;18+
Flavoxate;Urispas muadili;Ýdrar yollarýnda spazm;Aðýz kuruluðu;12+
Flecainide;Tambocor muadili;Kalp ritim düzenleyici;Baþ dönmesi;18+
Flector;Diklofenak (Yama);Kas ve eklem aðrýsý;Cilt tahriþi;18+
Flemoxin;Amoksisilin;Bakteriyel enfeksiyonlar;Ýshal;Her yaþ
Fleroxacin;Quinodis muadili;Ýdrar yolu ve cilt enf.;Uyku bozukluðu;18+
Flexeril;Siklobenzaprin;Þiddetli kas spazmý;Uyku hali;15+
Flonase;Flutikazon (Sprey);Saman nezlesi ve alerji;Burun kanamasý;4+
Florastor;Probiyotik;Ýshal önleyici ve baðýrsak;Gaz;0+
Florbetapir;Amyvid muadili;Alzheimer tanýsý (Görüntüleme);Baþ aðrýsý;18+
Florinef;Fludrokortizon;Adison hastalýðý (Hormon);Kilo alýmý;Her yaþ
Florone;Diflorazon muadili;Þiddetli egzama (Krem);Kaþýntý;Her yaþ
Flovent;Flutikazon (Soluma);Astým koruyucu (Fýsfýs);Boðaz aðrýsý;4+
Floxin;Ofloksasin;Bakteriyel enfeksiyonlar;Karýn aðrýsý;18+
Fluad;Grip Aþýsý;Mevsimsel gripten korunma;Kol aðrýsý;65+
Fluarix;Grip Aþýsý;Grip virüsü baðýþýklýðý;Yorgunluk;6 ay+
Flublok;Rekombinant Grip Aþýsý;Gripten korunma (Yumurta içermez);Baþ aðrýsý;18+
Flucelvax;Grip Aþýsý;Gripten korunma (Hücre bazlý);Kas aðrýsý;6 ay+
Fluconazole;Diflucan muadili;Vajinal ve aðýz mantarý;Baþ aðrýsý;Her yaþ
Flucytosine;Ancobon muadili;Aðýr mantar enfeksiyonu;Mide bulantýsý;Her yaþ
Fludarabine;Fludara muadili;Kan kanseri (Lösemi);Halsizlik;18+
Fludrocortisone;Florinef muadili;Tansiyon ve hormon dengesi;Þiþkinlik;Her yaþ
Flulaval;Grip Aþýsý;Mevsimsel grip önleyici;Kol aðrýsý;6 ay+
Flumadine;Rimantadin;Ýnfluenza A (Grip) ilacý;Sersemlik;1+
Flumazenil;Anexate muadili;Anestezi/Ýlaç etkisini çevirme;Nöbet riski;Her yaþ
Flumist;Canlý Grip Aþýsý;Burundan uygulanan aþý;Burun týkanýklýðý;2-49 yaþ
Flunisolide;Aerobid muadili;Astým ve alerji (Fýsfýs);Boðazda kuruluk;6+
Fluocinolone;Retin-A Micro muadili;Deri egzamasý ve kaþýntý;Tahriþ;Her yaþ
Fluocinonide;Lidex muadili;Þiddetli cilt iltihabý;Yerel yanma;Her yaþ
Fluorescein;Göz Boyasý;Göz hasarý tespiti (Test);Geçici sarý renk;Her yaþ
Fluoride;Diþ Takviyesi;Diþ minesi güçlendirme;Diþlerde lekelenme;6 ay+
Fluorometholone;Flarex muadili;Göz iltihabý ve alerjisi;Göz tansiyonu artýþý;2+
Fluorouracil;Adrucil muadili;Kanser kemoterapisi (ÝV);Aðýz yaralarý;18+
Fluoxetine;Prozac muadili;Depresyon ve OKB;Uykusuzluk, iþtahsýzlýk;8+
Fluoxymesterone;Halotestin muadili;Testosteron eksikliði;Sivilce, tüylenme;18+ (E)
Fluphenazine;Prolixin muadili;Þizofreni ve psikoz;Titreme, sertlik;18+
Flurandrenolide;Cordran muadili;Deri kaþýntýsý (Bant/Krem);Deride incelme;Her yaþ
Flurazepam;Dalmane muadili;Þiddetli uykusuzluk;Sersemlik;18+
Flurbiprofen;Majezik muadili;Boðaz aðrýsý ve iltihap;Mide yanmasý;12+
Flutamide;Eulexin muadili;Prostat kanseri (Hormon);Karaciðer zorlanmasý;18+ (E)
Fluticasone;Flixonase muadili;Alerjik nezle ve astým;Burun kanamasý;4+
Fluvastatin;Lescol muadili;Kolesterol düþürücü;Kas aðrýsý;9+
Fluvoxamine;Luvox muadili;Takýntý (OKB) ve kaygý;Bulantý, uyku hali;8+
Fluzone;Grip Aþýsý;Mevsimsel grip korunma;Kol aðrýsý;6 ay+
FML;Florometolon;Göz içi iltihap damlasý;Bulanýk görme;2+
Focalin;Dekshafifmetilfenidat;DEHB ve odaklanma;Ýþtah kaybý;6+
Folivane;Multivitamin;Gebelik öncesi/sýrasý desteði;Mide bulantýsý;Yetiþkin K
Folotyn;Pralatreksat;T-hücreli lenfoma;Aðýz yaralarý, halsizlik;18+
Fomepizole;Antizol muadili;Alkol/Antifriz zehirlenmesi;Baþ aðrýsý;Her yaþ
Fomivirsen;Vitravene (Eski);CMV göz enfeksiyonu;Göz içi basýnç;18+
Fondaparinux;Arixtra muadili;Ameliyat sonrasý pýhtý önleme;Kanama riski;18+
Foradil;Formoterol;Uzun etkili nefes açýcý;Çarpýntý, titreme;5+
Formoterol;Perforomist muadili;Kronik bronþit ve astým;Boðaz tahriþi;5+
Forteo;Teriparatid;Þiddetli kemik erimesi;Bacak kramplarý;18+
Fortesta;Testosteron (Jel);Hormon eksikliði (Erkek);Cilt reaksiyonu;18+ (E)
Fortovase;Sakinavir (Eski);HIV (Antiviral) tedavisi;Ýshal;18+
Fosamax;Alendronat;Kemik erimesi (Haftalýk);Yemek borusu tahriþi;18+
Fosamprenavir;Lexiva muadili;HIV yönetimi;Döküntü, ishal;2+
Fosaprepitant;Emend (ÝV);Kemoterapi bulantýsý;Halsizlik;18+
Foscarnet;Foscavir muadili;Þiddetli virüs enf. (CMV);Böbrek zorlanmasý;18+
Fosfomycin;Monurol muadili;Tek doz idrar yolu enf.;Ýshal, baþ aðrýsý;12+
Fosinopril;Monopril muadili;Tansiyon ve kalp yetmezliði;Kuru öksürük;18+
Fosphenytoin;Cerebyx muadili;Acil sara nöbeti (ÝV);Baþ dönmesi, kaþýntý;Her yaþ
Fosrenol;Lantan Karbonat;Kandaki fosfat fazlalýðý;Bulantý, kabýzlýk;18+
Fotivda;Tivozanib;Böbrek kanseri tedavisi;Ses kýsýklýðý;18+
Fragmin;Dalteparin;Pýhtý önleyici iðne;Morarma;18+
Frova;Frovatriptan;Adet dönemi migreni;Baþ dönmesi, yorgunluk;18+
Fulvestrant;Faslodex muadili;Meme kanseri (Ýðne);Sýcak basmasý;Yetiþkin K
Fulyak;Bitkisel Þurup;Boðaz kuruluðu ve öksürük;Yok;1+
Fungizone;Amfoterisin B;Þiddetli mantar enfeksiyonu;Ateþ, titreme;Her yaþ
Furadantin;Nitrofurantoin;Kronik idrar yolu iltihabý;Ýþtahsýzlýk;1 ay+
Furazolidone;Furoxone muadili;Bakteriyel ishal (Eski);Bulantý;Her yaþ
Furosemide;Lasix muadili;Þiddetli ödem ve tansiyon;Halsizlik, potasyum düþmesi;Her yaþ
Fuzeon;Enfuvirtid;HIV (Enjeksiyonluk);Enjeksiyon yeri aðrýsý;6+
Fycompa;Perampanel;Nöbetler (Epilepsi);Uyku hali, sinirlilik;4+
Gabapentin;Neurontin muadili;Sinir aðrýsý ve nöbet;Sersemlik, ödem;3+
Gabitril;Tiagabin;Kýsmi sara nöbetleri;Sersemlik, yorgunluk;12+
Galantamine;Razadyne muadili;Alzheimer (Hafýza);Bulantý, kusma;18+
Galzin;Çinko Asetat;Wilson hastalýðý (Bakýr);Mide yanmasý;18+
Gamastan;Ýmmünglobulin;Hepatit A ve Kýzamýk önleme;Ateþ;Her yaþ
Ganciclovir;Cytovene muadili;CMV virüsü (Antiviral);Kan deðerlerinde düþüþ;Her yaþ
Ganirelix;Antagon muadili;Tüp bebek (Erken yumurtlama önleme);Baþ aðrýsý;Yetiþkin K
Gardasil;HPV Aþýsý;Rahim aðzý kanseri ve siðil;Kol aðrýsý, bayýlma hissi;9-45 yaþ
Gastrografin;Kontrast Madde;Sindirim sistemi röntgeni;Ýshal, bulantý;Her yaþ
Gatifloxacin;Zymar muadili;Bakteriyel göz enf. (Damla);Gözde tahriþ;1+
Gavreto;Pralsetinib;Akciðer ve tiroid kanseri;Yüksek tansiyon;18+
Gaviscon;Aljinat + Karbonat;Mide yanmasý ve reflü;Þiþkinlik;Her yaþ
Gazyva;Obinutuzumab;Kronik lenfositik lösemi;Ateþ, titreme;18+
Gefitinib;Iressa muadili;Akciðer kanseri tedavisi;Ýshal, döküntü;18+
Gelclair;Koruyucu Jel;Aðýz içi yara kaplama;Yok;Her yaþ
Gemcitabine;Gemzar muadili;Pankreas ve meme kanseri;Bulantý, halsizlik;18+
Gemfibrozil;Lopid muadili;Trigliserit (Kan yaðý);Karýn aðrýsý;18+
Gemifloxacin;Factive muadili;Bronþit ve zatürre;Döküntü;18+
Gemtesa;Vibegron;Aþýrý aktif mesane;Baþ aðrýsý;18+
Gemzar;Gemsitabin;Ýleri evre kanser tedavisi;Grip benzeri belirtiler;18+
Genclob;Klobetazol muadili;Þiddetli deri egzamasý;Kaþýntý;12+
Gengraf;Siklosporin;Organ nakli reddi önleme;Titreme, tansiyon;Her yaþ
Genotropin;Somatropin;Boy kýsalýðý (Büyüme hormonu);Eklem aðrýsý;Çocuk/Yetiþkin
Gentamicin;Genta muadili;Þiddetli bakteriyel enf.;Ýþitme/Böbrek riski;Her yaþ
Gentian Violet;Antiseptik Boya;Deri ve aðýz mantarý;Geçici mor leke;Her yaþ
Genveya;HIV Dörtlü Karýþým;HIV tedavisi (Kombine);Bulantý;12+
Geodon;Ziprasidon;Bipolar ve þizofreni;Uyku hali;10+
Geratherm;Ateþ Düþürücü;Genel vücut aðrýsý ve ateþ;Yok;Her yaþ
Gevand;Gabapentin muadili;Sinir aðrýsý (Nöropatik);Sersemlik;18+
Gilenya;Fingolimod;Multipl Skleroz (MS);Nabýz yavaþlamasý;10+
Gilotrif;Afatinib;Metastatik akciðer kanseri;Aðýz yaralarý;18+
Gimalax;Laktüloz muadili;Kronik kabýzlýk þurubu;Gaz;Her yaþ
Gimoti;Metoklopramid (Sprey);Diyabetik mide felci;Ýstemsiz hareketler;18+
Givlaari;Givosiran;Karaciðer porfirisi (Nadir);Bulantý, döküntü;18+
Glatiramer;Copaxone muadili;MS ataklarýný önleme;Ciltte sertlik;12+
Gleevec;Ýmatinib;Kan ve mide kanseri;Ödem, kramp;1+
Gleostine;Lomustin;Beyin tümörü tedavisi;Bulantý;18+
Gliadel;Karmustin (Ýmplant);Ameliyat sonrasý beyin tümörü;Nöbet riski;18+
Glimepiride;Amaryl muadili;Tip 2 Diyabet (Þeker);Kan þekeri düþmesi;18+
Glipizide;Glucotrol muadili;Ýnsülin direnci ve diyabet;Baþ dönmesi;18+
Gloperba;Kolsiþin (Sývý);Gut hastalýðý tedavisi;Ýshal;18+
GlucaGen;Glukagon (Acil);Þiddetli þeker düþmesi;Kusma;Her yaþ
Glucagon;Glukagon muadili;Bilinç kaybý (Þeker komasý);Bulantý;Her yaþ
Glucophage;Metformin;Þeker hastalýðý ve insülin;Karýn aðrýsý, ishal;10+
Glucotrol;Glipizid;Tip 2 Diyabet yönetimi;Terleme, açlýk;18+
Glucovance;Metformin + Gliburid;Kombine þeker hapý;Halsizlik;18+
Glumetza;Metformin (Uzatýlmýþ);Diyabet kontrolü;Ýshal;18+
Glyburide;DiaBeta muadili;Yüksek kan þekeri tedavisi;Kilo alýmý;18+
Glycerin;Gliserin (Fitil);Akut kabýzlýk (Yumuþatýcý);Karýn kramplarý;Her yaþ
Glycopyrrolate;Robinul muadili;Mide asidi ve tükürük azaltýcý;Aðýz kuruluðu;Her yaþ
Glyset;Miglitol;Tip 2 Diyabet (Emilim);Gaz, ishal;18+
Glyxambi;Empagliflozin Karýþýmý;Tip 2 Diyabet (Kombine);Ýdrar yolu enf.;18+
Gocovri;Amantadin (Uzatýlmýþ);Parkinson (Diskinezi);Halüsinasyon;18+
Golimumab;Simponi muadili;Romatoid artrit (Ýðne);Üst solunum yolu enf.;2+
Gonal-f;Folitropin Alfa;Kýsýrlýk tedavisi (Ýðne);Karýn aðrýsý;Yetiþkin
Goniocal;Göz Muayene Jeli;Göz içi görüntüleme desteði;Geçici bulanýk görme;Her yaþ
Gonioprisol;Hipromelloz;Göz lensi yerleþtirme yardýmcýsý;Gözde hafif batma;18+
Goprel;Klopidogrel muadili;Pýhtýlaþma önleyici (Tablet);Kolay morarma;18+
Gordof;Aproprostenol muadili;Kalp cerrahisi kanama kontrolü;Tansiyon düþmesi;18+
Gore-Tex;Cerrahi Yama;Organ ve damar onarýmý;Enfeksiyon riski;Her yaþ
Goserelin;Zoladex muadili;Prostat ve meme kanseri;Sýcak basmasý, terleme;18+
Gostantin;Simvastatin muadili;Kan yaðlarý (Kolesterol);Kas aðrýsý;18+
Graftskin;Apligraf muadili;Kronik bacak yarasý örtüsü;Yerel aðrý;18+
Gramicidin;Neosporin muadili;Bakteriyel göz enfeksiyonu;Gözde kýzarýklýk;2+
Granisetron;Kytril muadili;Kemoterapi kaynaklý kusma;Kabýzlýk, baþ aðrýsý;2+
Granix;Tbo-Filgrastim;Beyaz kan hücresi artýrýcý;Kemik aðrýsý;18+
Grastek;Timothy Otu Ekstresi;Polen alerjisi (Dil altý);Aðýzda kaþýntý;5-65 yaþ
Gravid;Multivitamin;Gebelik dönemi vitamin desteði;Mide bulantýsý;Yetiþkin K
Grifulvin V;Griseofulvin;Deri, saç ve týrnak mantarý;Iþýða duyarlýlýk;2+
Gris-PEG;Griseofulvin (Ultra);Dirençli mantar enf.;Baþ dönmesi;2+
Guaifenesin;Mucinex muadili;Balgam söktürücü (Ekspektoran);Mide bulantýsý;4+
Guanfacine;Intuniv muadili;DEHB ve yüksek tansiyon;Uyku hali, yorgunluk;6+
Guanidine;Sinir-Kas Ýlacý;Eaton-Lambert sendromu;Karýncalanma;18+
Guar Gum;Kývam Artýrýcý;Ýshal ve kolesterol desteði;Þiþkinlik, gaz;Her yaþ
Gvoke;Glukagon (Hazýr Kalem);Acil aðýr þeker düþmesi;Bulantý, kusma;2+
Gynazole-1;Butokonazol;Vajinal mantar (Tek doz krem);Yerel yanma;Yetiþkin K
Gyne-Lotrimin;Klotrimazol;Vajinal mantar ve kaþýntý;Tahriþ;12+
Gynix;Metronidazol (Jel);Bakteriyel vajinal enf.;Akýntý artýþý;Yetiþkin K
Gynodiol;Östradiol;Hormon replasman tedavisi;Meme hassasiyeti;Yetiþkin K
Habitrol;Nikotin Bandý;Sigara býrakma yardýmý;Uykusuzluk, rüyalar;18+
Haegarda;C1 Esteraz Ýnhibitörü;Herediter anjiyoödem (HAE);Enjeksiyon yeri aðrýsý;6+
Haemocomplettan;Fibrinojen;Kan pýhtýlaþma bozukluðu;Ateþ;Her yaþ
Haemoctin;Faktör VIII;Hemofili A kanama kontrolü;Alerjik döküntü;Her yaþ
Haldol;Haloperidol;Þizofreni ve aðýr psikoz;Kas sertliði, titreme;3+
Haldol Decanoate;Haloperidol (Depo);Uzun etkili antipsikotik (Ýðne);Uyku hali;18+
HalfLytely;PEG Karýþýmý;Kolonoskopi öncesi baðýrsak temizliði;Karýn kramplarý;18+
Halcinonide;Halog muadili;Þiddetli deri iltihabý;Kýl kökü iltihabý;Her yaþ
Halobetasol;Ultravate muadili;Çok güçlü kortizonlu krem;Deride incelme;12+
Halog;Halsinonid;Sedef ve dirençli egzama;Yerel tahriþ;Her yaþ
Haloperidol;Haldol muadili;Davranýþ bozukluðu ve sesler duyma;Sersemlik;3+
Halotestin;Fluoksimesteron;Erkeklik hormonu eksikliði;Karaciðer zorlanmasý;18+ (E)
Haltran;Ýbuprofen muadili;Adet sancýsý ve aðrý;Hazýmsýzlýk;12+
Havrix;Hepatit A Aþýsý;Sarýlýk (Hep A) korunma;Kol aðrýsý, halsizlik;1+
Hectorol;Dokserkalsiferol;D vitamini (Böbrek hast.);Bulantý;18+
Helidac;Ülser Paketi;H. Pylori (Mide mikrobu) kürü;Metalik tat, ishal;18+
Helixate;Faktör VIII;Genetik kanama tedavisi;Alerji;Her yaþ
Hemabate;Karboprost;Doðum sonrasý aðýr kanama;Ýshal, kusma;Yetiþkin K
Hemady;Deksametazon (Düþük);Multipl miyelom desteði;Uykusuzluk;18+
Hemangeol;Propranolol (Þurup);Bebeklerde hemanjiyom (Damar beni);Uyku bozukluðu;1-12 ay
Hemlibra;Emisizumab;Hemofili A (Koruyucu iðne);Eklem aðrýsý;Her yaþ
Hemofil M;Faktör VIII;Pýhtýlaþma faktör desteði;Ateþ;Her yaþ
Hemonyne;Faktör IX;Hemofili B tedavisi;Baþ dönmesi;Her yaþ
Heparin;Kan Sulandýrýcý;Damar týkanýklýðý önleme (ÝV);Kanama, morarma;Her yaþ
Hepatasol;Amino Asit;Karaciðer yetmezliði beslenmesi;Ateþ;Her yaþ
Hepsera;Adefovir;Kronik Hepatit B;Böbrek zorlanmasý;12+
Herceptin;Trastuzumab;Meme ve mide kanseri;Kalp yorgunluðu;18+
Herceptin Hylecta;Trastuzumab + Hiyalüronidaz;Meme kanseri (Cilt altý);Enjeksiyon yeri aðrýsý;18+
Heredalen;Vitamin B Karýþýmý;Sinir sistemi destekleyici;Yok;Her yaþ
Hereditary;Antikor Karýþýmý;Nadir kan hastalýklarý;Baþ aðrýsý;Her yaþ
Herpetic;Asiklovir Karýþýmý;Þiddetli uçuk enfeksiyonu;Bulantý;Her yaþ
Herzuma;Trastuzumab muadili;Biyobenzer kanser ilacý;Halsizlik;18+
Hespan;Hetastarch;Kan hacmi geniþletici;Alerji, pýhtýlaþma boz.;Her yaþ
Hetastarch;Hespan muadili;Þok ve kan kaybý tedavisi;Ödem;Her yaþ
Hetlioz;Tasimelteon;Görme engelli uyku boz.;Anormal rüyalar;18+
Hetlioz LQ;Tasimelteon (Sývý);Çocuklarda uyku bozukluðu;Sersemlik;3+
Hexalen;Altretamin;Yumurtalýk kanseri;Sinir hasarý (Uyuþma);18+
Hexetidine;Andorex muadili;Aðýz ve boðaz dezenfektaný;Tat deðiþikliði;6+
HibTITER;Menenjit Aþýsý (HiB);Bakteriyel menenjit korunma;Ateþ, huzursuzluk;2 ay+
Hidradenitis;Adalimumab muadili;Þiddetli deri çýbanlarý;Enfeksiyon riski;12+
Hiprex;Metenamin;Kronik idrar yolu enf.;Ýdrarda yanma;6+
Hizentra;Ýmmünglobulin (Deri altý);Baðýþýklýk eksikliði;Ciltte þiþlik;2+
Homatropine;Isopto Homatropine;Göz muayenesi (Damla);Bulanýk görme;Her yaþ
Horizant;Gabapentin Enakarbil;Huzursuz bacak sendromu;Uyku hali;18+
Humalog;Ýnsülin Lispro;Þeker hastalýðý (Hýzlý etki);Hipoglisemi;3+
Humalog Mix;Karýþým Ýnsülin;Uzun ve kýsa etkili þeker kontrolü;Kilo alýmý;18+
Humatin;Paromomisin;Baðýrsak paraziti ve amip;Ýshal;Her yaþ
Humatrope;Somatropin;Büyüme hormonu eksikliði;Kas aðrýsý;Çocuk/Yetiþkin
Humira;Adalimumab;Romatizma ve Crohn;Üst solunum yolu enf.;2+
Humulin N;NPH Ýnsülin;Orta etkili þeker kontrolü;Kan þekeri düþmesi;Her yaþ
Humulin R;Regüler Ýnsülin;Yemek sonrasý þeker kontrolü;Terleme;Her yaþ
Humorsol;Demekaryum;Göz tansiyonu (Eski);Gözde sulanma;18+
Hyalgan;Hyaluronat (Ýðne);Diz eklemi yaðlanmasý;Eklem sertliði;18+
Hycamtin;Topotekan;Yumurtalýk ve akciðer kanseri;Kansýzlýk;18+
Hycodan;Hidrokodon + Homatropin;Þiddetli kuru öksürük;Sersemlik, kabýzlýk;6+
Hydralazine;Apresoline muadili;Yüksek tansiyon (Acil);Baþ aðrýsý, çarpýntý;Her yaþ
Hydrea;Hidroksiüre;Kan kanseri ve orak hücre;Týrnak deðiþikliði;18+
Hydrochlorothiazide;Esidrex muadili;Ödem ve hipertansiyon;Potasyum kaybý;18+
Hydrocodone;Vicodin muadili;Çok þiddetli aðrý kesici;Baðýmlýlýk riski, uyku;18+
Hydrocortisone;Cortef muadili;Alerji, egzama ve ödem;Kilo alýmý;Her yaþ
Hydrocortisone (Rectal);Anusol-HC muadili;Hemoroid ve kaþýntý;Yerel yanma;18+
Hydromet;Hidrokodon Þurup;Þiddetli öksürük baskýlayýcý;Uyku hali;6+
Hydromorphone;Dilaudid muadili;Þiddetli aðrý (Opioid);Solunum yavaþlamasý;18+
Hydroxocobalamin;Cyanokit muadili;Siyanür zehirlenmesi (Acil);Ýdrarda kýrmýzýlýk;Her yaþ
Hydroxychloroquine;Plaquenil muadili;Romatizma ve Sýtma;Görme bozukluðu;Her yaþ
Hydroxyurea;Hydrea muadili;Orak hücreli anemi yönetimi;Bulantý;18+
Hydroxyzine;Atarax muadili;Kaygý ve alerjik kaþýntý;Þiddetli uyku hali;Her yaþ
Hygroton;Klortalidon;Uzun etkili tansiyon hapý;Halsizlik;18+
Hylaform;Hyaluronik Asit (Dolgu);Yüz kýrýþýklýðý giderme;Þiþlik;18+
Hyophen;Ýdrar Yolu Karýþýmý;Ýdrar yolu aðrýsý ve temizleme;Mavi idrar;12+
Hyoscyamine;Buscopan muadili;Karýn spazmý ve IBS;Aðýz kuruluðu;Her yaþ
Hyperhep B;Hepatit B Ýmmünglobulin;Hepatit B temas sonrasý koruma;Ateþ;Her yaþ
Hyperstat;Diazoksit (ÝV);Tansiyon krizi (Acil);Çarpýntý;18+
Hypertet;Tetanos Ýmmünglobulin;Yaralanma sonrasý tetanos önleme;Kas aðrýsý;Her yaþ
Hytrin;Terazosin;Tansiyon ve prostat büyümesi;Baþ dönmesi;18+
Hyzaar;Losartan + HCTZ;Kombine tansiyon hapý;Baþ dönmesi;18+
Ibalizumab;Trogarzo muadili;Dirençli HIV (Antiviral);Ýshal, baþ dönmesi;18+
Ibandronate;Bonviva muadili;Kemik erimesi (Osteoporoz);Mide yanmasý, eklem aðrýsý;18+
Ibrance;Palbosiklib;Meme kanseri (Ýlerlemiþ);Kansýzlýk, enfeksiyon riski;Yetiþkin K
Ibritumomab;Zevalin muadili;Non-Hodgkin Lenfoma;Ateþ, titreme;18+
Ibrofen;Ýbuprofen muadili;Çocuklarda ateþ ve aðrý;Mide hassasiyeti;3 ay+
Ibrutinib;Imbruvica muadili;Lösemi ve lenfoma;Morarma, ishal;18+
Ibuprofen;Advil/Arveles muadili;Aðrý kesici ve iltihap giderici;Mide aðrýsý;6 ay+
Ibutilide;Corvert muadili;Kalp ritim düzenleyici (ÝV);Baþ aðrýsý;18+
Icatibant;Firazyr muadili;Akut anjiyoödem ataðý;Yerel kýzarýklýk;18+
Iclevia;Hormon Karýþýmý;91 günlük doðum kontrolü;Ara kanama;Yetiþkin K
Iclusig;Ponatinib;Kronik miyeloid lösemi;Tansiyon artýþý;18+
Icosapent Ethyl;Vascepa muadili;Yüksek trigliserit (Omega-3);Eklem aðrýsý;18+
Idamycin;Ýdarubisin;Akut miyeloid lösemi;Saç dökülmesi;Her yaþ
Idarucizumab;Praxbind muadili;Pradaxa panzehiri (Acil);Kabýzlýk;18+
Idarubicin;Idamycin muadili;Lösemi kemoterapisi;Bulantý, kusma;Her yaþ
Idelalisib;Zydelig muadili;Lenfoma ve lösemi;Ýshal, döküntü;18+
Idhifa;Enasidenib;Akut miyeloid lösemi;Sarýlýk, bulantý;18+
Idotyl;Parasetamol + Kafein;Migren ve þiddetli aðrý;Uykusuzluk;12+
Idursulfase;Elaprase muadili;Hunter Sendromu;Kaþýntý, döküntü;1+
Ifex;Ýfosfamid;Testis kanseri tedavisi;Ýdrarda kanama;18+
Ifosfamide;Ifex muadili;Kemoterapi ilacý;Saç dökülmesi;18+
Ilaris;Kanakinumab;Periyodik ateþ sendromlarý;Boðaz aðrýsý;2+
Ilevro;Nepafenak (Göz);Katarakt ameliyatý aðrýsý;Gözde batma;18+
Iloperidone;Fanapt muadili;Þizofreni tedavisi;Baþ dönmesi;18+
Ilosone;Eritromisin (Eski);Bakteriyel enfeksiyonlar;Karýn aðrýsý;Her yaþ
Ilotycin;Eritromisin (Göz);Yenidoðan göz enfeksiyonu;Bulanýk görme;0+
Ilumya;Tildrakizumab;Plak tipi sedef (Psoriazis);Üst solunum yolu enf.;18+
Iluvien;Fluosinolon (Ýmplant);Diyabetik ödem (Göz);Göz tansiyonu;18+
Imatinib;Gleevec muadili;Kanser hücre büyüme engelleyici;Ödem, bulantý;1+
Imbruvica;Ibrutinib;Kan ve lenf bezi kanseri;Kas aðrýsý;18+
Imdur;Ýzosorbid Mononitrat;Kalp damar geniþletici;Baþ aðrýsý;18+
Imfinzi;Durvalumab;Akciðer ve safra yolu kanseri;Öksürük, halsizlik;18+
Imiglucerase;Cerezyme muadili;Gaucher hastalýðý;Baþ dönmesi;Her yaþ
Imipramine;Tofranil muadili;Depresyon ve alt ýslatma;Aðýz kuruluðu;6+
Imiquimod;Aldara muadili;Siðil ve cilt kanseri kremi;Ciltte yanma;12+
Imitrex;Sumatriptan;Akut migren ataðý;Göðüste sýkýþma;18+
Imlygic;Talimogen Laherparepvek;Melanom (Cilt kanseri);Grip benzeri belirtiler;18+
Immune Globulin;Gamunex muadili;Baðýþýklýk sistemi desteði;Ateþ, titreme;Her yaþ
Imodium;Loperamid;Þiddetli ishal durdurucu;Kabýzlýk;6+
Imovax;Kuduz Aþýsý;Kuduzdan korunma;Kol aðrýsý;Her yaþ
Impavido;Miltefosin;Leishmaniasis (Þark çýbaný);Karýn aðrýsý;12+
Impeklo;Klobetazol (Losyon);Þiddetli deri iltihabý;Deride incelme;18+
Imuran;Azatioprin;Baðýþýklýk baskýlama;Bulantý, enfeksiyon;Her yaþ
Inapsine;Droperidol;Cerrahi bulantý ve kusma;Baþ dönmesi;Her yaþ
Inbrija;Levodopa (Soluma);"Parkinson ""OFF"" dönemleri";Öksürük;18+
Incassia;Progestin;Emziren anneler için doðum kont.;Lekelenme;Yetiþkin K
Incivek;Telaprevir (Eski);Hepatit C tedavisi;Döküntü;18+
Increlex;Mekasermin;Büyüme yetersizliði (Þiddetli);Baþ aðrýsý;2+
Incruse Ellipta;Umeklidinyum;KOAH nefes açýcý (Günlük);Aðýz kuruluðu;18+
Indapamide;Fludex muadili;Hipertansiyon ve ödem;Potasyum düþmesi;18+
Inderal;Propranolol;Tansiyon ve çarpýntý;Nabýz yavaþlamasý;18+
Inderal LA;Propranolol (Uzatýlmýþ);Migren önleme ve anksiyete;Yorgunluk;18+
Inderide;Propranolol + HCTZ;Kombine tansiyon ilacý;Baþ dönmesi;18+
Indivina;Östradiol + Medroksiprogesteron;Menopoz (HRT);Meme hassasiyeti;45+ (K)
Indocin;Ýndometasin;Þiddetli eklem iltihabý;Mide aðrýsý;14+
Indocyanine Green;IC-Green muadili;Karaciðer ve damar testi (Boya);Alerji;Her yaþ
Indomethacin;Endol muadili;Gut ve romatizma aðrýsý;Baþ aðrýsý;14+
Infacol;Simetikon muadili;Bebeklerde gaz sancýsý;Yok;0+
Infanrix;Karma Aþý (DTaP);Çocukluk çaðý baðýþýklama;Ateþ;2 ay+
Infed;Demir Dekstran;Þiddetli kansýzlýk (Enj.);Eklem aðrýsý;Her yaþ
Infergen;Ýnterferon Alfacon-1;Hepatit C tedavisi (Eski);Grip benzeri belirtiler;18+
Inflectra;Infliksimab (Biyobenzer);Crohn ve sedef hastalýðý;Enfeksiyon riski;6+
Infliximab;Remicade muadili;Baðýþýklýk sistemi baskýlayýcý;Titreme, döküntü;6+
Infugem;Gemsitabin (Hazýr Çözelti);Akciðer ve meme kanseri;Bulantý;18+
Infumorph;Morfin (Pompa için);Çok þiddetli kronik aðrý;Solunum baskýlanmasý;18+
Infuvite;Multivitamin (ÝV);Damardan beslenme desteði;Alerji;Her yaþ
Ingrezza;Valbenazin;Ýstemsiz hareketler (Diskinezi);Uyku hali;18+
Inlyta;Aksitinib;Ýleri evre böbrek kanseri;Tansiyon artýþý;18+
Innohep;Tinzaparin;Pýhtýlaþma önleyici iðne;Kanama;18+
Innopran XL;Propranolol (Gece dozu);Hipertansiyon yönetimi;Uykusuzluk;18+
Inomax;Nitrik Oksit;Yenidoðan solunum yetmezliði;Tansiyon düþmesi;0+
Inositol;Vitamin B8 (Takviye);Polikistik over/Kaygý;Mide bulantýsý;Her yaþ
Inpefa;Sotagliflozin;Kalp yetmezliði ve diyabet;Ýdrar yolu enf.;18+
Inqovi;Desitabin + Sedazuridin;Kemik iliði kanseri (MDS);Halsizlik;18+
Inrebic;Fedratinib;Miyelofibroz (Kemik iliði);Ýshal, kusma;18+
Inspra;Eplerenon;Kalp yetmezliði korumasý;Potasyum artýþý;18+
Instanyl;Fentanil (Burun spreyi);Þiddetli kanser aðrýsý;Burun tahriþi;18+
Insuman;Ýnsülin Grubu;Kan þekeri kontrolü;Hipoglisemi;Her yaþ
Insulin Aspart;Novolog muadili;Hýzlý etkili þeker ilacý;Terleme;Her yaþ
Insulin Glargine;Lantus muadili;Uzun etkili þeker kontrolü;Kilo alýmý;6+
Insulin Lispro;Humalog muadili;Yemek sonrasý þeker ayarý;Açlýk hissi;3+
Intal;Kromolin (Soluma);Astým ataðý önleyici;Öksürük;2+
Integrilin;Epifibatid;Kalp krizi pýhtý önleme;Kanama;18+
Intelence;Etravirin;HIV (Antiviral) tedavisi;Döküntü;6+
Interferon Alfa-2b;Intron A muadili;Hepatit ve bazý kanserler;Yorgunluk;1+
Interferon Beta-1a;Avonex muadili;Multipl Skleroz (MS);Kas aðrýsý;18+
Interferon Gamma-1b;Actimmune muadili;Kronik granülomatöz hast.;Ateþ;1+
Interleukin-2;Proleukin muadili;Böbrek ve cilt kanseri;Tansiyon düþmesi;18+
Intralipid;Yað Emülsiyonu;Damardan kalori desteði;Ateþ;Her yaþ
Intrarosa;Prasteron;Vajinal aðrý ve kuruluk;Akýntý;45+ (K)
Intron A;Ýnterferon Alfa-2b;Baðýþýklýk sistemi uyarýcý;Ýþtah kaybý;1+
Intuniv;Guanfasin (Uzatýlmýþ);Çocuklarda DEHB tedavisi;Uyku hali;6+
Invanz;Ertapenem;Þiddetli iç organ enfeksiyonu;Ýshal;1+
Invega;Paliperidon;Þizofreni ve psikoz;Hareketlerde yavaþlama;12+
Invega Hafyera;Paliperidon (6 Aylýk);Uzun etkili þizofreni iðnesi;Kilo alýmý;18+
Invega Sustenna;Paliperidon (Aylýk);Koruyucu antipsikotik iðne;Yerel aðrý;18+
Invega Trinza;Paliperidon (3 Aylýk);Ýleri evre psikoz yönetimi;Baþ dönmesi;18+
Invelys;Loteprednol (Göz);Göz ameliyatý iltihabý;Bulanýk görme;18+
Inverness;Antiseptik;Kulak delme sonrasý bakým;Yerel kuruluk;Her yaþ
Inversine;Mekamilamin;Þiddetli hipertansiyon (Eski);Kabýzlýk;18+
Invicorp;Avanafil + Phentolamine;Erektil disfonksiyon (Ýðne);Yüz kýzarmasý;18+ (E)
Invokamet;Kanagliflozin + Metformin;Tip 2 Diyabet (Kombine);Ýdrar yolu enf.;18+
Invokana;Kanagliflozin;Böbrekten þeker atýlýmý;Mantar enfeksiyonu;18+
Inzane;Bitkisel Karýþým;Uyku kalitesi desteði;Sabah sersemliði;18+
Iobenguane;Azedra muadili;Nadir tümör tedavisi;Kansýzlýk;12+
Iodoform;Ýyotlu Sargý;Yara ve apse pansumaný;Yerel tahriþ;Her yaþ
Iodopen;Ýyot Takviyesi;Damardan beslenme desteði;Alerji;Her yaþ
Ionil-T;Katranlý Þampuan;Þiddetli kepek ve sedef;Saçta kuruluk;12+
Ionsys;Fentanil (Cilt yolu);Ameliyat sonrasý aðrý;Kaþýntý;18+
Iopamidol;Isovue muadili;BT görüntüleme (Kontrast);Sýcaklýk hissi;Her yaþ
Iopidine;Apraklonidin;Göz tansiyonu kontrolü;Gözde kuruluk;18+
Ioxilan;Oxilan muadili;Damar görüntüleme boyasý;Bulantý;Her yaþ
Ipol;Çocuk Felci Aþýsý;Polio virüsü baðýþýklýðý;Kol aðrýsý;2 ay+
Ipratropium;Atrovent muadili;KOAH ve astým (Fýsfýs);Aðýz kuruluðu;6+
Iprivask;Desirudin;Diz ameliyatý pýhtý önleme;Kanama;18+
Ipsatol;Bitkisel Þurup;Öksürük ve boðaz yumuþatýcý;Ýshal;1+
Iquix;Levofloksasin (Göz);Þiddetli göz enfeksiyonu;Gözde yanma;6+
Irbesartan;Karvea muadili;Hipertansiyon (Yüksek tansiyon);Baþ dönmesi;18+
Iressa;Gefitinib;Akciðer kanseri tedavisi;Cilt döküntüsü;18+
Irinotecan;Camptosar muadili;Kolon ve rektum kanseri;Þiddetli ishal;18+
Iris;Göz Temizleme;Göz yorgunluðu ve yýkama;Geçici bulanýklýk;Her yaþ
Iron Dextran;Infed muadili;Damardan demir yüklemesi;Baþ aðrýsý;Her yaþ
Isentress;Raltegravir;HIV (Antiviral) tedavisi;Uykusuzluk;4 hafta+
Isentress HD;Raltegravir (Yüksek doz);Günlük tek doz HIV yönetimi;Baþ aðrýsý;18+
Ismelin;Guanetidin;Dirençli tansiyon (Eski);Ýshal;18+
Ismo;Ýzosorbid Mononitrat;Kalp anjini (Göðüs aðrýsý);Baþ aðrýsý;18+
Ismotic;Ýzosorbid (Ýçilebilir);Acil göz tansiyonu düþürme;Bulantý;18+
Isoflurane;Forane muadili;Genel anestezi gazý;Tansiyon düþmesi;Her yaþ
Isollyl;Aspirin Karýþýmý;Gerilim tipi baþ aðrýsý;Uyku hali;12+
Isoniazid;ÝNH muadili;Tüberküloz (Verem) önleme;Karaciðer zorlanmasý;Her yaþ
Isopto Atropine;Atropin (Göz);Göz bebeði büyütücü;Iþýða duyarlýlýk;Her yaþ
Isopto Carpine;Pilokarpin;Göz içi basýnç (Glokom);Görme bulanýklýðý;18+
Isordil;Ýzosorbid Dinitrat;Kalp damar geniþletici;Baþ dönmesi;18+
Isosorbide;Monoket muadili;Koroner damar hastalýðý;Yüz kýzarmasý;18+
Isotretinoin;Roaccutane muadili;Þiddetli akne (Sivilce);Cilt/Dudak kuruluðu;12+
Isovue;Iopamidol;Kontrastlý röntgen maddesi;Baþ dönmesi;Her yaþ
Isradipine;DynaCirc muadili;Hipertansiyon tedavisi;Ayak bileði þiþliði;18+
Istadeine;Kodein Karýþýmý;Þiddetli aðrý ve öksürük;Kabýzlýk;18+
Istalol;Timolol (Göz);Glokom (Göz tansiyonu);Gözde batma;18+
Isturisa;Osilodrostat;Cushing hastalýðý (Hormon);Yorgunluk;18+
Isuprel;Ýzoproterenol;Kalp hýzý artýrýcý (Acil);Çarpýntý;Her yaþ
Itacit;Sitalopram muadili;Depresyon ve panik atak;Terleme;18+
Itch-X;Pramoksin;Kaþýntý ve aðrý kremi;Yerel yanma;2+
Itraconazole;Itraspor muadili;Týrnak ve deri mantarý;Karýn aðrýsý;18+
Itraderm;Itrakonazol (Krem);Yerel mantar enfeksiyonu;Tahriþ;18+
Itranol;Itrakonazol (Kapsül);Sistemik mantar ilacý;Mide bulantýsý;18+
Ivemend;Fosaprepitant (ÝV);Kemoterapi kusma önleme;Halsizlik;18+
Ivermectin;Stromectol muadili;Uyuz ve parazit ilacý;Baþ dönmesi;15 kg+
Ivor;Bemiparin;Pýhtýlaþma önleyici iðne;Morarma;18+
Ixiaro;Japon Ensefaliti Aþýsý;Virüs kaynaklý beyin iltihabý;Baþ aðrýsý;2 ay+
Ixabepilone;Ixempra muadili;Ýleri evre meme kanseri;Uyuþma (Nöropati);18+
Ixchiq;Chikungunya Aþýsý;Tropikal virüs baðýþýklýðý;Baþ aðrýsý, eklem aðrýsý;18+
Ixempra;Ýksabepilon;Kemoterapi (Dirençli kanser);Halsizlik, kas aðrýsý;18+
Ixiaro;Japon Ensefaliti Aþýsý;Beyin iltihabý korumasý;Yorgunluk;2 ay+
Ixifi;Ýnfliksimab (Biyobenzer);Romatizma ve Crohn;Enfeksiyon riski;6+
Iylu;Ýbuprofen (Þurup);Bebeklerde yüksek ateþ;Mide hassasiyeti;6 ay+
Iyuzeh;Latanoprost (Damla);Göz tansiyonu (Koruyucusuz);Gözde kýzarýklýk;18+
Izba;Travoprost;Glokom (Göz tansiyonu);Kirpik uzamasý;18+
Izentress;Raltegravir muadili;HIV yönetimi;Baþ aðrýsý;4 hafta+
Izosorbid;Isordil muadili;Göðüs aðrýsý (Angina);Baþ dönmesi;18+
J-Cain;Lidokain (Krem);Yerel deri uyuþturma;Geçici solgunluk;Her yaþ
Jab;Karma Aþý Grubu;Genel baðýþýklama;Ateþ;Her yaþ
Jacere;Levonorgestrel;Acil korunma (72 saat);Bulantý;Yetiþkin K
Jadelle;Levonorgestrel (Ýmplant);5 yýllýk doðum kontrolü;Adet düzensizliði;Yetiþkin K
Jadenu;Deferasiroks (Tablet);Demir fazlalýðý (Þelasyon);Karýn aðrýsý;2+
Jafre;Bitkisel Karýþým;Mide asidi düzenleme;Yok;12+
Jakavi;Ruksolitinib;Kemik iliði hastalýklarý;Baþ dönmesi;18+
Jalyn;Dutasterid + Tamsulosin;Prostat büyümesi (BPH);Cinsel isteksizlik;18+ (E)
Jami;Multivitamin;Çocuklar için çiðneme tableti;Yok;4+
Janampis;Ampisilin muadili;Bakteriyel enfeksiyonlar;Ýshal;Her yaþ
Jantoven;Varfarin muadili;Kan sulandýrýcý (Pýhtý önler);Kanama riski;18+
Janumet;Sitagliptin + Metformin;Tip 2 Diyabet (Kombine);Ýshal, bulantý;18+
Janumet XR;Sitagliptin + Metformin (Uzatýlmýþ);Günlük tek doz þeker hapý;Baþ aðrýsý;18+
Januvia;Sitagliptin;Kandaki þekeri düþürme;Üst solunum yolu enf.;18+
Jardiance;Empagliflozin;Diyabet ve kalp yetmezliði;Ýdrar yolu enf.;18+
Jatenzo;Testosteron (Kapsül);Erkeklik hormonu takviyesi;Tansiyon artýþý;18+ (E)
Javygtor;Sapropterin;Fenilketonüri (PKU);Burun týkanýklýðý;Her yaþ
Jaydess;Levonorgestrel (RÝA);Hormonlu spiral (3 yýllýk);Karýn aðrýsý;Yetiþkin K
Jaypirca;Pirtobrutinib;Lenfoma tedavisi;Halsizlik;18+
Jelmyto;Mitomisin (Jel);Böbrek yolu kanseri;Yan aðrýsý;18+
Jemperli;Dostarlimab;Rahim içi (Endometriyum) kanseri;Bulantý, ishal;18+
Jencycla;Progestin (Hap);Emziren anneler için korunma;Lekelenme;Yetiþkin K
Jentadueto;Linagliptin + Metformin;Þeker hastalýðý yönetimi;Ýþtahsýzlýk;18+
Jentadueto XR;Kombine Diyabet (Uzatýlmýþ);Tip 2 Diyabet (Tek doz);Bulantý;18+
Jepatit;Karaciðer Destek;Bitkisel enzim düzenleyici;Yok;18+
Jesduvroq;Daprodustat;Diyaliz kaynaklý kansýzlýk;Tansiyon artýþý;18+
Jevtana;Kabazitaksel;Ýleri prostat kanseri;Ýshal, halsizlik;18+ (E)
Jewel;Doðum Kontrolü;Östrojen/Progesteron hapý;Baþ aðrýsý;Yetiþkin K
Jez;Akne Karýþýmý;Antibiyotikli sivilce jeli;Kuruluk;12+
Jid;Ýyotlu Dezenfektan;Cilt ve mukoza temizliði;Alerji;Her yaþ
Jimura;Bitkisel Karýþým;Eklem hareketliliði desteði;Yok;18+
Jinteli;Östrojen + Noretisteron;Menopoz semptomlarý;Meme hassasiyeti;45+ (K)
Jintropin;Somatropin muadili;Büyüme hormonu eksikliði;Ödem;Çocuk/Yetiþkin
Jivi;Faktör VIII (Uzatýlmýþ);Hemofili A kanama kontrolü;Öksürük;12+
Jolivette;Progestin;Sadece progesteron hapý;Adet düzensizliði;Yetiþkin K
Jornay PM;Metilfenidat (Gece alýmý);DEHB (Ertesi gün odak);Uykusuzluk;6+
Jot;Aðrý Giderici;Kas ve eklem kremi;Isýnma hissi;12+
Jublia;Efinakonazol;Týrnak mantarý solüsyonu;Yerel tahriþ;6+
Juleber;Hormon Karýþýmý;Doðum kontrol hapý;Bulantý;Yetiþkin K
Juluca;Dolutegravir + Rilpivirin;HIV (Antiviral) yönetimi;Ýshal;18+
Juvisync;Sitagliptin + Simvastatin;Diyabet ve yüksek kolesterol;Kas aðrýsý;18+
Juxpid;Lomitapid;Genetik yüksek kolesterol;Karýn aðrýsý, ishal;18+
Jylamvo;Metotreksat (Sývý);Romatizma ve Sedef hastalýðý;Mide bulantýsý;3+
Jynarque;Tolvaptan;Polikistik böbrek hastalýðý;Susuzluk, sýk idrar;18+
Jynneos;Çiçek Hastalýðý Aþýsý;Maymun çiçeði ve çiçek koruma;Kol aðrýsý;18+
K-Dur;Potasyum Klorür;Potasyum eksikliði takviyesi;Mide krampý;Her yaþ
K-Lor;Potasyum (Toz);Vücut mineral dengesi;Ýshal;Her yaþ
K-Phos;Potasyum Fosfat;Ýdrar asitliði ve fosfat takviyesi;Bulantý;18+
K-Tab;Potasyum Klorür (Tablet);Düþük potasyum tedavisi;Gaz;Her yaþ
Kabiven;Amino Asit + Yað;Damardan tam beslenme (ÝV);Ateþ;Her yaþ
Kadcyla;Trastuzumab Emtansin;Meme kanseri (Ýleri evre);Halsizlik, kanama;18+
Kadian;Morfin Sülfat (Uzatýlmýþ);Sürekli þiddetli aðrý yönetimi;Uyku hali, kabýzlýk;18+
Kalbitor;Ekallantid;Akut anjiyoödem (Alerji);Baþ aðrýsý;12+
Kaletra;Lopinavir + Ritonavir;HIV (Antiviral) tedavisi;Ýshal, bulantý;14 gün+
Kalliga;Bitkisel Karýþým;Boðaz tahriþi ve yumuþatýcý;Yok;4+
Kalydeco;Ývakaftor;Kistik fibrozis tedavisi;Burun týkanýklýðý;1 ay+
Kandizol;Flukonazol muadili;Genital ve sistemik mantar;Karýn aðrýsý;18+
Kanjinti;Trastuzumab (Biyobenzer);Meme ve mide kanseri;Baþ aðrýsý;18+
Kanuma;Sebelipaz Alfa;Kolesterol enzim eksikliði;Ýshal;Her yaþ
Kapidex;Dekslansoprazol muadili;Mide yanmasý ve reflü;Karýn aðrýsý;12+
Kapvay;Klonidin (Uzatýlmýþ);Çocuklarda DEHB tedavisi;Uyku hali;6-17 yaþ
Karbezi;Karbamazepin muadili;Nöropatik aðrý ve nöbet;Sersemlik;18+
Kariva;Hormon Karýþýmý;Doðum kontrol hapý;Baþ aðrýsý;Yetiþkin K
Katerzia;Amlodipin (Sývý);Çocuklarda yüksek tansiyon;Ödem;6+
Katrya;Bitkisel Karýþým;Cilt yenileme ve bakým;Yok;Her yaþ
Kazano;Alogliptin + Metformin;Tip 2 Diyabet yönetimi;Ýshal;18+
Kedrab;Kuduz Ýmmünglobulin;Kuduz þüpheli temas sonrasý;Yerel aðrý;Her yaþ
Keflex;Sefaleksin;Bakteriyel enfeksiyonlar;Ýshal, döküntü;Her yaþ
Kefurox;Sefuroksim;Þiddetli akciðer ve deri enf.;Mide bulantýsý;Her yaþ
Kefzol;Sefazolin;Ameliyat öncesi antibiyotik;Yerel aðrý;Her yaþ
Kemadrin;Prosiklidin;Parkinson ve titreme;Aðýz kuruluðu;18+
Kemoplat;Sisplatin muadili;Kanser kemoterapisi (ÝV);Kusma;18+
Kenalog;Triamsinolon (Ýðne);Eklem iltihabý ve alerji;Kilo alýmý;Her yaþ
Kenalog in Orabase;Triamsinolon (Aðýz);Diþ eti ve aðýz yaralarý;Yerel yanma;Her yaþ
Kepivance;Palifermin;Kemoterapi aðýz yarasý önleme;Tat deðiþikliði;18+
Keppra;Levetirasetam;Sara (Epilepsi) nöbetleri;Uyku hali, halsizlik;1 ay+
Keppra XR;Levetirasetam (Uzatýlmýþ);Günlük tek doz sara ilacý;Baþ dönmesi;12+
Keralyt;Salisilik Asit (Jel);Cilt kalýnlaþmasý ve nasýr;Ciltte soyulma;Her yaþ
Kerasal;Üre + Salisilik Asit;Nasýr ve sert deri yumuþatýcý;Tahriþ;Her yaþ
Kerydin;Tavaborol;Týrnak mantarý (Damla);Yerel kýzarýklýk;6+
Kesimpta;Ofatumumab;Ataklarla seyreden MS;Üst solunum yolu enf.;18+
Ketamine;Ketalar muadili;Genel anestezi ve aðrý kesici;Halüsinasyon riski;Her yaþ
Ketoconazole;Nizoral muadili;Mantarlý deri ve saç bakýmý;Kaþýntý;2+
Ketoprofen;Fastum muadili;Þiddetli eklem aðrýsý;Mide yanmasý;18+
Ketorolac;Toradol muadili;Kýsa süreli þiddetli aðrý;Mide kramplarý;18+
Ketotifen;Zaditen muadili;Alerji ve astým önleme;Uyku hali;3+
Kevatril;Granisetron muadili;Bulantý ve kusma önleyici;Baþ aðrýsý;2+
Kevzara;Sarilumab;Romatoid artrit (Ýðne);Burun týkanýklýðý;18+
Keytruda;Pembrolizumab;Çoklu kanser türü (Ýmmünoterapi);Yorgunluk, kaþýntý;18+
Kezar;Bitkisel Karýþým;Baðýrsak hareketliliði desteði;Karýn þiþliði;12+
Khapzory;Levofolinat;Kemoterapi etkisini dengeleme;Ýshal, bulantý;18+
Ki-Vig;Ýmmünglobulin;Baðýþýklýk desteði (ÝV);Ateþ, titreme;Her yaþ
Kimidola;Bitkisel Karýþým;Hafif kaygý ve rahatlama;Uyku hali;18+
Kimono;Kondom / Koruyucu;Gebelik ve hastalýk önleme;Lateks alerjisi;Üreme çaðý
Kimura;Bitkisel Karýþým;Doðal enerji ve zindelik;Çarpýntý;18+
Kimyrsa;Oritavansin;Þiddetli deri enfeksiyonu;Ýshal;18+
Kineret;Anakinra;Romatoid artrit (Ýðne);Baþ aðrýsý;18+
Kionex;Polistiren Sülfonat;Kandaki yüksek potasyum;Kabýzlýk, bulantý;Her yaþ
Kiovig;Ýmmünglobulin muadili;Antikor eksikliði tedavisi;Yorgunluk;Her yaþ
Kir;Antiseptik Sabun;Cilt dezenfeksiyonu;Kuruluk;Her yaþ
Kiris;Göz Damlasý;Göz kuruluðu ve yorgunluk;Geçici yanma;Her yaþ
Kisqali;Ribosiklib;Ýleri evre meme kanseri;Kansýzlýk;Yetiþkin K
Kisqali Femara;Ribosiklib + Letrozol;Kombine kanser tedavisi;Sýcak basmasý;Yetiþkin K
Kitabis Pak;Tobramisin (Nebül);Kistik fibrozis akciðer enf.;Ses kýsýklýðý;6+
Klaricid;Klaritromisin muadili;Alt solunum yolu enf.;Metalik tat;Her yaþ
Klonopin;Klonazepam;Nöbet ve panik bozukluk;Uyku hali, denge kaybý;Her yaþ
Klor-Con;Potasyum Klorür;Mineral desteði (Tablet);Karýn aðrýsý;Her yaþ
Klorosept;Klorheksidin muadili;Boðaz ve aðýz antiseptiði;Tat deðiþikliði;6+
Klotrix;Potasyum Klorür (Uzatýlmýþ);Potasyum takviyesi;Bulantý;Her yaþ
Koate;Faktör VIII;Hemofili A kanama kontrolü;Alerji;Her yaþ
Kogenate FS;Faktör VIII (Rekombinant);Kanama önleyici faktör;Döküntü;Her yaþ
Kolez;Bitkisel Karýþým;Kolesterol dengesi desteði;Yok;18+
Kolyum;Potasyum Glukonat;Mineral eksikliði þurubu;Mide krampý;Her yaþ
Kombiglyze XR;Saksagliptin + Metformin;Diyabet (Uzatýlmýþ salýným);Ýshal;18+
Konyne 80;Faktör IX;Hemofili B tedavisi;Baþ dönmesi;Her yaþ
Korlym;Mifepriston;Cushing sendromu (Þeker);Yorgunluk;18+
Korsuva;Difelikefalin;Diyaliz kaynaklý kaþýntý;Uyku hali;18+
Koselugo;Selumetinib;Nörofibromatozis tip 1;Ýshal, döküntü;2+
Kovanaze;Tetrakain + Oksimetazolin;Diþ uyuþturucu burun spreyi;Burun akýntýsý;18+
Krintafel;Tafinokin;Sýtma nüksünü önleme;Baþ aðrýsý;16+
Kristalose;Laktüloz (Toz);Kronik kabýzlýk tedavisi;Gaz, þiþkinlik;Her yaþ
Krystexxa;Peglotikaz;Þiddetli kronik gut (ÝV);Morarma;18+
Kuduz;Kuduz Aþýsý muadili;Isýrýlma sonrasý baðýþýklama;Kas aðrýsý;Her yaþ
Kurve;Bitkisel Karýþým;Ödem atýcý çay/takviye;Sýk idrar;18+
Kuvane;Sapropterin muadili;Fenilketonüri yönetimi;Karýn aðrýsý;Her yaþ
Kuvit;Multivitamin;Çocuklar için þurup;Yok;1+
Kuvvan;Vitamin Karýþýmý;Halsizlik ve enerji desteði;Yok;12+
Kuvan;Sapropterin;PKU (Metabolik hastalýk);Baþ aðrýsý;Her yaþ
Kuz;Ýyotlu Merhem;Yara ve yanýk bakýmý;Boyama (geçici);Her yaþ
Kwell;Lindan (Eski);Baþ biti ve uyuz tedavisi;Cilt tahriþi;12+
Kybele;Hormon Karýþýmý;Adet düzenleme desteði;Baþ aðrýsý;Yetiþkin K
Kymriah;Tisajenleklösel;CAR-T Hücre (Kanser) tedavisi;Ateþ, tansiyon düþmesi;3-25 yaþ
Kynmobi;Apomorfin (Dil altý);"Parkinson ""OFF"" dönemleri";Bulantý, uyku;18+
Kyprolis;Karfilzomib;Multipl miyelom (ÝV);Yorgunluk;18+
Kytril;Granisetron;Bulantý ve kusma (Kemoterapi);Baþ aðrýsý;2+
L-Glutamine;Endari muadili;Orak hücreli anemi desteði;Göðüs aðrýsý;5+
L-Thyroxine;Levotiroksin muadili;Tiroid hormonu eksikliði;Çarpýntý;Her yaþ
Laber;Labetalol muadili;Tansiyon düþürücü;Baþ dönmesi;18+
Labetalol;Trandate muadili;Gebelik ve acil tansiyon;Yorgunluk;18+
Labid;Teofilin muadili;Bronþit ve astým açýcý;Uykusuzluk;12+
Lac-Hydrin;Laktik Asit (Lanolinli);Þiddetli cilt kuruluðu ve kaþýntý;Yanma, batma;2+
Lacosamide;Vimpat muadili;Sara (Epilepsi) nöbetleri;Sersemlik, çift görme;1 ay+
Lacrisert;Hidroksipropil Selüloz;Þiddetli göz kuruluðu (Sert);Bulanýk görme;18+
Lactated Ringer's;Elektrolit Çözeltisi;Sývý kaybý ve dengesi (Serum);Ödem;Her yaþ
Lactinol;Laktik Asit (Krem);Kuru ve pullanan cilt bakýmý;Tahriþ;Her yaþ
Lactulose;Duphalac muadili;Kronik kabýzlýk ve siroz;Gaz, karýn aðrýsý;Her yaþ
Ladari;Bitkisel Þurup;Çocuklarda iþtah desteði;Yok;1+
Laeta;Hormon Karýþýmý;Doðum kontrol hapý;Baþ aðrýsý;Yetiþkin K
Lagevrio;Molnupiravir;COVID-19 (Antiviral);Ýshal, bulantý;18+
Lamictal;Lamotrijin;Bipolar bozukluk ve nöbet;Cilt döküntüsü;2+
Lamisil;Terbinafin;Týrnak ve deri mantarý;Karýn aðrýsý, tat kaybý;12+
Lamivudine;Epivir muadili;HIV ve Hepatit B tedavisi;Baþ aðrýsý;Her yaþ
Lamotrigine;Lamictal muadili;Duygudurum dengeleyici;Uyku hali;2+
Lampit;Nifurtimox;Chagas hastalýðý (Parazit);Kusma, iþtahsýzlýk;Her yaþ
Lanoxin;Digoksin;Kalp yetmezliði ve ritim boz.;Ýþtah kaybý, bulantý;Her yaþ
Lanolin;Lansinoh muadili;Meme ucu ve cilt çatlaklarý;Yok;Her yaþ
Lanreotide;Somatuline muadili;Akromegali ve tümör kontrolü;Safra taþý;18+
Lansoprazole;Lansor muadili;Mide asidi ve ülser önleme;Ýshal;1+
Lantus;Ýnsülin Glargine;24 saatlik þeker kontrolü;Kilo alýmý;6+
Lapatinib;Tykerb muadili;Metastatik meme kanseri;El-ayak sendromu;18+
Lariam;Meflokin;Sýtma tedavi ve korunma;Kabuslar, kaygý;Her yaþ
Larissia;Hormon Karýþýmý;Düþük doz doðum kontrolü;Ara kanama;Yetiþkin K
Larodopa;Levodopa (Eski);Parkinson titremesi;Hareket bozukluðu;18+
Larotrectinib;Vitrakvi muadili;Genetik mutasyonlu kanser;Yorgunluk;Her yaþ
Lasix;Furosemid;Vücuttan su atýcý (Ödem);Potasyum kaybý;Her yaþ
Lastacaft;Alcaftadine (Göz);Alerjik kaþýntý damlasý;Gözde yanma;2+
Latanoprost;Xalatan muadili;Glokom (Göz tansiyonu);Kirpik koyulaþmasý;18+
Latuda;Lurasidon;Þizofreni ve depresyon;Yerinde duramama;10+
Laxative;Kabýzlýk Grubu;Baðýrsak yumuþatýcý;Kramplar;2+
Layolis FE;Çiðneme Formu;Doðum kontrolü (Demir destekli);Bulantý;Yetiþkin K
Lazanda;Fentanil (Sprey);Þiddetli kanser aðrýsý;Burun kuruluðu;18+
Ledipasvir;Harvoni muadili;Hepatit C (Antiviral);Halsizlik;3+
Leflunomide;Arava muadili;Romatoid artrit iltihabý;Ýshal, döküntü;18+
Legalyx;Bitkisel Karýþým;Karaciðer detoksu desteði;Yok;18+
Lemalsia;Bitkisel Karýþým;Kas gevþetici krem;Ferahlýk hissi;12+
Lemtrada;Alemtuzumab;Multipl Skleroz (ÝV);Döküntü, ateþ;18+
Lenalidomide;Revlimid muadili;Kemik iliði kanseri;Kansýzlýk;18+
Lenvatinib;Lenvima muadili;Tiroid ve böbrek kanseri;Yüksek tansiyon;18+
Lenvima;Lenvatinib;Ýleri evre tümör tedavisi;Ýþtahsýzlýk;18+
Leqembi;Lecanemab;Erken evre Alzheimer;Baþ aðrýsý;18+
Leqvio;Inclisiran;Kolesterol düþürücü (Ýðne);Enjeksiyon yeri aðrýsý;18+
Lersivine;Antiviral Karýþým;HIV yönetimi (Yeni nesil);Halsizlik;18+
Lescol;Fluvastatin;Damar sertliði ve kolesterol;Kas aðrýsý;9+
Lescol XL;Fluvastatin (Uzatýlmýþ);Günlük tek doz kolesterol hapý;Baþ aðrýsý;9+
Lessina;Hormon Karýþýmý;Gebelik önleme hapý;Ruh hali deðiþikliði;Yetiþkin K
Letairis;Ambrisentan;Akciðer tansiyonu;Ödem, burun týkanýklýðý;18+
Letrozole;Femara muadili;Meme kanseri (Hormonal);Eklem aðrýsý;Yetiþkin K
Leucovorin;Folinik Asit;Kemoterapi yan etki azaltýcý;Bulantý;Her yaþ
Leukeran;Klorambusil;Lösemi ve lenfoma;Kan sayýmý düþüþü;Her yaþ
Leukine;Sargramostim;Beyaz kan hücresi artýrýcý;Kemik aðrýsý;Her yaþ
Leuprolide;Lupron muadili;Prostat kanseri ve Erken ergenlik;Sýcak basmasý;2+
Leustatin;Kladribin;Tüylü hücreli lösemi (Kanser);Halsizlik, ateþ;18+
Levalbuterol;Xopenex muadili;Astým nefes açýcý (Fýsfýs);Titreme, çarpýntý;4+
Levamisole;Ergamisol (Eski);Baðýþýklýk uyarýcý/Parazit;Bulantý, kusma;18+
Levamlodipine;Conjupri muadili;Yüksek tansiyon (Hipertansiyon);Ödem;18+
Levarnine;Bitkisel Karýþým;Hafif uyku bozukluðu desteði;Sersemlik;18+
Levat;Labetalol muadili;Acil tansiyon düþürücü;Baþ dönmesi;18+
Levemir;Ýnsülin Detemir;Uzun etkili þeker kontrolü;Kilo alýmý;2+
Levetiracetam;Keppra muadili;Sara (Epilepsi) kontrolü;Uyku hali, sinirlilik;1 ay+
Levobunolol;Betagan muadili;Göz tansiyonu (Glokom);Gözde batma;18+
Levocarnitine;Carnitor muadili;Karnitin eksikliði tedavisi;Balýk kokulu ter;Her yaþ
Levocetirizine;Xyzal muadili;Alerjik nezle ve kaþýntý;Uyku hali, aðýz kuruluðu;6 ay+
Levofloxacin;Tavanic muadili;Þiddetli akciðer ve idrar yolu enf.;Tendon aðrýsý;18+
Levoketoconazole;Recorlev muadili;Cushing sendromu (Hormon);Karaciðer zorlanmasý;18+
Levoleucovorin;Fusilev muadili;Kemoterapi kurtarma tedavisi;Ýshal, kusma;Her yaþ
Levomilnasipran;Fetzima muadili;Þiddetli depresyon tedavisi;Terleme, çarpýntý;18+
Levonorgestrel;Ertesi Gün Hapý;Acil korunma ve RÝA;Adet düzensizliði;Yetiþkin K
Levophed;Norepinefrin;Þok durumunda tansiyon artýrýcý;Nefes darlýðý;Her yaþ
Levorphanol;Aðýr Opioid;Çok þiddetli aðrý yönetimi;Solunum yavaþlamasý;18+
Levosulpiride;Levopraid muadili;Sindirim bozukluðu ve kaygý;Meme hassasiyeti;18+
Levothroid;Levotiroksin;Tiroid hormonu replasmaný;Çarpýntý;Her yaþ
Levothyroxine;Euthyrox muadili;Guatr ve tiroid eksikliði;Uykusuzluk, terleme;Her yaþ
Levoxyl;Levotiroksin Sodyum;Tiroid bezi az çalýþmasý;Kilo kaybý;Her yaþ
Levulan Kerastick;Aminolevulinik Asit;Cilt kanseri öncüsü (Aktinik);Iþýða duyarlýlýk;18+
Lexapro;Essitalopram;Depresyon ve yaygýn kaygý;Mide bulantýsý;12+
Lexette;Halobetasol (Köpük);Plak tipi sedef hastalýðý;Ciltte incelme;12+
Lexiscan;Regadenoson;Kalp stres testi yardýmý;Baþ aðrýsý, nefes darlýðý;18+
Lexiva;Fosamprenavir;HIV/AIDS yönetimi;Döküntü;2+
Lexxel;Enalapril + Felodipin;Kombine tansiyon hapý;Kuru öksürük;18+
Lialda;Mesalazin (Günde tek);Ülseratif kolit tedavisi;Karýn aðrýsý;5+
Librax;Klordiazepoksit + Klidinyum;Mide spazmý ve anksiyete;Aðýz kuruluðu, uyku;18+
Librium;Klordiazepoksit;Alkol yoksunluðu ve kaygý;Sersemlik;18+
Lidex;Fluosinonid;Þiddetli deri iltihabý kremi;Yerel yanma;Her yaþ
Lidocaine;Jetokain muadili;Yerel uyuþturucu ve uyuþma;Kaþýntý;Her yaþ
Lidocaine Viscous;Aðýz Uyuþturucu;Aðýz ve boðaz yarasý uyuþturma;Tat kaybý;Her yaþ
Lidoderm;Lidokain (Yama);Zona sonrasý sinir aðrýsý;Yerel kýzarýklýk;18+
Lifitegrast;Xiidra muadili;Kronik göz kuruluðu damlasý;Tat deðiþikliði;17+
Likmez;Metronidazol (Sývý);Parazit ve bakteri þurubu;Metalik tat;Her yaþ
Limbrel;Flavocoxid (Eski);Osteoartrit (Kireçlenme);Karaciðer zorlanmasý;18+
Limbitrol;Amitriptilin + Klordiazepoksit;Depresyon ve kaygý karýþýmý;Uyku hali;18+
Linaclotide;Linzess muadili;Kabýzlýk aðýrlýklý IBS;Þiddetli ishal;18+
Linagliptin;Trajenta muadili;Tip 2 Diyabet (Þeker);Burun týkanýklýðý;18+
Lincocin;Linkomisin;Þiddetli kemik ve deri enf.;Ýshal;Her yaþ
Lincomycin;Lincocin muadili;Penisilin alerjisi olanlara;Karýn aðrýsý;Her yaþ
Lindane;Kwell muadili (Eski);Uyuz ve baþ biti (Þampuan);Nöbet riski;12+
Linezolid;Zyvox muadili;Dirençli hastane enfeksiyonu;Baþ aðrýsý, ishal;Her yaþ
Linzess;Linaklotid;Þiddetli kabýzlýk ve þiþkinlik;Karýn kramplarý;18+
Lioresal;Baklofen;Kas sertliði (Spastisite);Uyku hali;12+
Liothyronine;Tiromel muadili;Hýzlý etkili tiroid hormonu;Çarpýntý;Her yaþ
Liotrix;T3 + T4 Hormonu;Mikst tiroid hormon desteði;Terleme;Her yaþ
Lipantil;Fenofibrat muadili;Kandaki trigliserit (yað);Karýn aðrýsý;18+
Lipfen;Fenofibrat;Kolesterol ve yað dengesi;Bulantý;18+
Lipidil;Fenofibrat muadili;Damar sertliði önleme;Karaciðer zorlanmasý;18+
Lipitor;Atorvastatin;Kolesterol düþürücü (Statin);Kas aðrýsý, halsizlik;10+
Lipofen;Fenofibrat (Kapsül);Yüksek kan yaðý tedavisi;Ýþtahsýzlýk;18+
Liposic;Karbomer (Jel);Þiddetli göz kuruluðu;Geçici bulanýklýk;Her yaþ
Lipostat;Pravastatin muadili;Kolesterol kontrolü;Baþ aðrýsý;18+
Liposyn;Yað Emülsiyonu;Damardan beslenme (Serum);Ateþ, titreme;Her yaþ
Lipruzet;Atorvastatin + Ezetimib;Kombine kolesterol hapý;Yorgunluk;18+
Liqui-Char;Aktif Kömür muadili;Acil zehirlenme tedavisi;Siyah dýþký;Her yaþ
Liraglutide;Victoza/Saxenda;Diyabet ve kilo yönetimi;Bulantý, kusma;12+
Lisan;Bitkisel Karýþým;Boðaz tahriþi ve ses kýsýklýðý;Yok;4+
Lisdexamfetamine;Vyvanse muadili;DEHB ve aþýrý yeme boz.;Uykusuzluk, çarpýntý;6+
Lisinopril;Zestril muadili;Tansiyon ve kalp yetmezliði;Kuru öksürük;6+
Liso;Bitkisel Þurup;Balgam sökücü ve öksürük;Ýshal;2+
Lithane;Lityum muadili;Manic-depresif (Bipolar);El titremesi;12+
Lithium Carbonate;Lithuril muadili;Duygudurum dengeleyici;Susuzluk, sýk idrar;12+
Lithobid;Lityum (Uzatýlmýþ salýným);Bipolar bozukluk yönetimi;Bulantý;12+
Litostat;Asetohidroksamik Asit;Üre kaynaklý böbrek taþý;Baþ aðrýsý;18+
Livalo;Pitavastatin;Yeni nesil kolesterol hapý;Kas kramplarý;8+
Livmarli;Maraliksibat;Nadir karaciðer kaþýntýsý;Ýshal, karýn aðrýsý;1+
Livtencity;Maribavir;Nakil sonrasý CMV virüsü;Tat deðiþikliði;12+
Lixiana;Edoksaban muadili;Kan sulandýrýcý (Yeni nesil);Kanama riski;18+
Lixisenatide;Adlyxin muadili;Tip 2 Diyabet (Ýðne);Bulantý;18+
Lmag;Magnezyum Sitrat;Mineral takviyesi (Sývý);Ýshal;Her yaþ
Locametz;Galyum (Ýlaç deðil);Prostat kanseri (Teþhis/PET);Yok;18+
Locasol;Diyet Tozu;Kalsiyum kýsýtlý beslenme;Yok;Bebek+
Locoid;Hidrokortizon (Krem);Egzama ve cilt alerjisi;Deride incelme;Her yaþ
Locoid Lipocream;Hidrokortizon Butirat;Þiddetli deri iltihabý;Yerel yanma;Her yaþ
Lodine;Etodolak;Artrit ve þiddetli aðrý;Mide yanmasý;18+
Lodosyn;Karbidopa;Parkinson (Sadece ek doz);Bulantý;18+
Loestrin;Hormon Karýþýmý;Kombine doðum kontrol hapý;Baþ aðrýsý;Yetiþkin K
Lofexidine;Lucemyra muadili;Opioid (Uyuþturucu) býrakma;Tansiyon düþmesi;18+
Lokelma;Sodyum Zirkonyum;Kandaki yüksek potasyum;Þiþkinlik (Ödem);18+
Lomaira;Fentermin;Kýsa süreli kilo kaybý (Diyet);Çarpýntý, kuruluk;16+
Lomakot;Lomustin muadili;Beyin tümörü kemoterapisi;Mide bulantýsý;18+
Lomotil;Difunoksilat + Atropin;Þiddetli ishal durdurucu;Kabýzlýk, uyku;13+
Lomustine;CeeNU muadili;Beyin ve lenf kanseri;Kan deðerlerinde düþüþ;18+
Lonaversen;Zokinvy muadili;Erken yaþlanma (Progeria);Kusma, ishal;1+
Lonhala Magnair;Glikopirolat (Soluma);KOAH nefes açýcý (Cihazlý);Aðýz kuruluðu;18+
Lonsurf;Trifluridin + Tipirasil;Ýleri evre kolon kanseri;Halsizlik;18+
Loperamide;Imodium muadili;Akut ve kronik ishal;Karýn aðrýsý;6+
Lopid;Gemfibrozil;Trigliserit (Kan yaðý);Mide kramplarý;18+
Lopreeza;Östrojen + Progestin;Menopoz sonrasý hormon;Meme hassasiyeti;45+ (K)
Lopressor;Metoprolol;Tansiyon ve kalp hýzý;Nabýz yavaþlamasý;18+
Lopressor HCT;Metoprolol + HCTZ;Tansiyon (Kombine hap);Baþ dönmesi;18+
Loprox;Siklopiroks (Krem);Deri ve ayak mantarý;Yerel tahriþ;10+
Loratadine;Claritine muadili;Saman nezlesi ve alerji;Uyku (nadir);2+
Lorazepam;Ativan muadili;Kaygý (Anksiyete) ve nöbet;Þiddetli uyku hali;12+
Lorbrena;Lorlatinib;Metastatik akciðer kanseri;Unutkanlýk, kilo artýþý;18+
Lorcet;Hidrokodon + Parasetamol;Þiddetli aðrý kesici;Uyku hali, kabýzlýk;18+
Lorcet Plus;Hidrokodon (Yüksek doz);Çok þiddetli aðrý yönetimi;Baþ dönmesi;18+
Lortab;Hidrokodon Karýþýmý;Orta ve aðýr þiddetli aðrý;Bulantý;18+
Loryna;Drospirenon + Östrojen;Doðum kontrolü ve akne;Meme hassasiyeti;Yetiþkin K
Lorzone;Klorzoksazon;Kas spazmý ve sertliði;Sersemlik;18+
Losartan;Cozaar muadili;Hipertansiyon (Tansiyon);Baþ dönmesi;18+
Losartan + HCTZ;Hyzaar muadili;Kombine tansiyon hapý;Kuru öksürük;18+
Losec;Omeprazol muadili;Mide koruyucu ve reflü;Karýn aðrýsý;1+
Lotemax;Loteprednol (Göz);Göz iltihabý ve þiþliði;Bulanýk görme;18+
Lotensin;Benazepril;Tansiyon ve kalp yetmezliði;Öksürük;6+
Lotensin HCT;Benazepril + HCTZ;Ýdrar söktürücü + Tansiyon;Halsizlik;18+
Loteprednol;Lotemax muadili;Ameliyat sonrasý göz aðrýsý;Gözde yanma;18+
Lotrel;Amlodipin + Benazepril;Ýkili tansiyon tedavisi;Ayak bileði þiþliði;18+
Lotrimin AF;Klotrimazol (Krem);Ayak ve kasýk mantarý;Yerel kaþýntý;2+
Lotrisone;Betametazon + Klotrimazol;Ýltihaplý mantar tedavisi;Ciltte incelme;12+
Lotronex;Alosetron;Þiddetli ishalli IBS (Kadýn);Þiddetli kabýzlýk;Yetiþkin K
Lovastatin;Mevacor muadili;Kolesterol düþürücü;Kas kramplarý;10+
Lovaza;Omega-3 Etil Esterleri;Yüksek trigliserit (Yað);Balýk tadý gelmesi;18+
Lovenox;Enoksaparin;Pýhtý önleyici iðne;Kanama, morarma;18+
Low-Ogestrel;Hormon Karýþýmý;Düþük doz doðum kontrolü;Ara kanama;Yetiþkin K
Loxapine;Loxitane muadili;Þizofreni ve ajitasyon;Aðýz kuruluðu;16+
Loxitane;Loksapin;Psikotik bozukluklar;Hareketlerde sertlik;16+
Lubiprostone;Amitiza muadili;Kronik kabýzlýk ve IBS;Mide bulantýsý;18+
Lucemyra;Lofeksidin;Opioid býrakma belirtileri;Tansiyon düþmesi;18+
Lucentis;Ranibizumab (Göz);Yaþa baðlý sarý nokta;Göz içi basýnç;18+
Lufyllin;Difilin;Astým ve nefes darlýðý;Çarpýntý;18+
Luliconazole;Lulivix muadili;Mantar enfeksiyonu (Krem);Yerel tahriþ;12+
Lumakras;Sotorasib;Akciðer kanseri (Mutasyon);Karaciðer zorlanmasý;18+
Lumigan;Bimatoprost (Göz);Glokom (Göz tansiyonu);Kirpik uzamasý;18+
Luminal;Fenobarbital muadili;Aðýr epilepsi (Sara);Aþýrý uyku hali;Her yaþ
Lumizyme;Alglukosidaz Alfa;Pompe hastalýðý (Enzim);Döküntü;Her yaþ
Lumoxiti;Moxetumomab;Tüylü hücreli lösemi;Ödem, yorgunluk;18+
Lunesta;Eszopiklon;Þiddetli uykusuzluk hapý;Aðýzda acý tat;18+
Lupkynis;Voklosporin;Lupus kaynaklý böbrek ilt.;Tansiyon artýþý;18+
Lupron;Leuprolid;Hormon baskýlama (Kanser);Sýcak basmasý;2+
Lupron Depot;Leuprolid (Aylýk Ýðne);Endometriyozis ve kanser;Kemik aðrýsý;18+
Lurasidone;Latuda muadili;Bipolar depresyon ve psikoz;Bulantý;10+
Lutathera;Lütesyum (177Lu);Nadir tümör tedavisi;Kansýzlýk;18+
Lutera;Hormon Karýþýmý;Doðum kontrol hapý;Baþ aðrýsý;Yetiþkin K
Luvox;Fluvoksamin;Takýntý (OKB) ve kaygý;Mide bulantýsý;8+
Luxiq;Betametazon (Köpük);Saçlý deri egzamasý;Yanma hissi;12+
Luzu;Lulikonazol;Ayak mantarý (Günlük);Cilt kýzarýklýðý;12+
Lynparza;Olaparib;Yumurtalýk ve meme kanseri;Halsizlik, bulantý;18+
Lyrica;Pregabalin;Sinir aðrýsý ve nöbet;Sersemlik, kilo alýmý;18+
Lyumjev;Ultra Hýzlý Ýnsülin;Þeker hastalýðý (Yemek aný);Kan þekeri düþmesi;1+
Lyvispah;Baklofen (Toz);Kas spazmý ve sertliði;Uyku hali;12+
M-End PE;Öksürük Karýþýmý;Soðuk algýnlýðý semptomlarý;Çarpýntý;6+
M-M-R II;Kýzamýk/Kabakulak/Kýzamýkçýk;Üçlü canlý aþý;Hafif ateþ;1+
M-O-S;Morfin (Sývý);Þiddetli aðrý yönetimi;Kabýzlýk;18+
Macrobid;Nitrofurantoin (Uzatýlmýþ);Ýdrar yolu enfeksiyonu;Ýþtahsýzlýk;1 ay+
Macrodantin;Nitrofurantoin;Ýdrar yolu iltihabý;Bulantý, kusma;1 ay+
Macugen;Pegaptanib;Sarý nokta hastalýðý;Gözde sulanma;18+
Mafenide;Sulfamylon muadili;Yanýk enfeksiyon önleme;Ciltte acý;Her yaþ
Mag-Ox;Magnezyum Oksit;Magnezyum takviyesi;Ýshal;Her yaþ
Mag-Tab SR;Magnezyum Laktat;Kas kramplarý desteði;Mide kramplarý;Her yaþ
MagneBind;Kalsiyum + Magnezyum;Böbrek fosfat baðlayýcý;Kabýzlýk;18+
Magnesium Citrate;Magosit muadili;Kabýzlýk ve baðýrsak temiz.;Sulu dýþký;Her yaþ
Magnesium Sulfate;Magnezyum Sülfat;Nöbet önleme (Gebelikte);Kas gevþemesi;Her yaþ
Makar;Bitkisel Karýþým;Baðýþýklýk güçlendirici;Yok;12+
Malarone;Atovakuon + Proguanil;Sýtma tedavi ve korunma;Karýn aðrýsý;5 kg+
Malathion;Ovide muadili;Saç biti tedavisi (Lotion);Cilt tahriþi;6+
Mandol;Sefamandol;Ameliyat öncesi koruma;Döküntü;Her yaþ
Manganese;Eser Element;Serum içi mineral desteði;Yok;Her yaþ
Mannitol;Osmitrol muadili;Beyin ödemi düþürücü;Sýk idrar;Her yaþ
Maprotiline;Ludiomil muadili;Depresyon ve kaygý;Aðýz kuruluðu;18+
Maraviroc;Selzentry muadili;HIV (Antiviral) tedavisi;Öksürük;2+
Marcan;Bupivakain muadili;Bölgesel uyuþturma (Ýðne);Tansiyon düþmesi;Her yaþ
Marcaine;Bupivakain;Lokal anestezi;Sersemlik;Her yaþ
Marezine;Siklizine;Yol tutmasý ve bulantý;Uyku hali;6+
Marinol;Dronabinol;Kemoterapi iþtahsýzlýðý;Kafa karýþýklýðý;18+
Marlissa;Hormon Karýþýmý;Doðum kontrol hapý;Bulantý;Yetiþkin K
Marplan;Ýzokarboksazid;Þiddetli depresyon (MAOI);Baþ dönmesi;18+
Marten-Tab;Butalbital + Parasetamol;Gerilim tipi baþ aðrýsý;Sersemlik;12+
Matulane;Prokarbazin;Hodgkin lenfoma;Bulantý;18+
Matzim LA;Diltiazem (Uzatýlmýþ);Tansiyon ve göðüs aðrýsý;Ödem;18+
Mavenclad;Kladribin (Tablet);Ataklarla seyreden MS;Baþ aðrýsý;18+
Mavia;Bitkisel Çay;Uyku öncesi rahatlama;Yok;18+
Mavyret;Glekaprevir + Pibrentasvir;Hepatit C kürü;Halsizlik;3+
Maxair;Pirbuterol;Astým ve nefes darlýðý;Çarpýntý;12+
Maxalt;Rizatriptan;Þiddetli migren ataðý;Yorgunluk;6+
Maxalt-MLT;Rizatriptan (Aðýzda eriyen);Hýzlý migren kesici;Boðazda sýkýþma;6+
Maxidex;Deksametazon (Göz);Göz içi iltihabý;Bulanýk görme;18+
Maxipime;Sefepim;Aðýr hastane enfeksiyonu;Ýshal;Her yaþ
Maxitrol;Neomisin + Polimiksin;Göz enfeksiyonu ve þiþliði;Gözde yanma;2+
Maxzide;Triamteren + HCTZ;Tansiyon ve ödem hapý;Baþ dönmesi;18+
Mayzent;Siponimod;Ýkincil ilerleyici MS;Tansiyon artýþý;18+
Meclizine;Dramamine muadili;Baþ dönmesi ve yol tutmasý;Uyku hali;12+
Meclofenamate;Meclomen muadili;Artrit ve adet sancýsý;Mide yanmasý;14+
Medroxyprogesterone;Farlutal muadili;Adet düzensizliði/Hormon;Meme hassasiyeti;Yetiþkin K
Mefenamic Acid;Ponstan muadili;Þiddetli adet aðrýsý;Karýn aðrýsý;14+
Mefloquine;Lariam muadili;Sýtma önleme (Haftalýk);Kabuslar;Her yaþ
Megace;Megestrol;Kanser kaynaklý kilo kaybý;Ýktidarsýzlýk;18+
Megace ES;Megestrol (Süspansiyon);Þiddetli iþtahsýzlýk;Þiþkinlik;18+
Mektovi;Binimetinib;Cilt kanseri (Melanom);Ýshal;18+
Meloxicam;Mobýc muadili;Eklem iltihabý ve kireçlenme;Mide aðrýsý;2+
Melphalan;Alkeran muadili;Kemik iliði kanseri;Kansýzlýk;18+
Memantine;Ebixa muadili;Alzheimer (Hafýza kaybý);Baþ dönmesi;18+
Menactra;Menenjit Aþýsý;Beyin zarý iltihabý önleme;Kol aðrýsý;9 ay-55 yaþ
Menest;Esterifiye Östrojenler;Menopoz þikayetleri;Baþ aðrýsý;45+ (K)
Menopur;Menotropin;Kýsýrlýk tedavisi (Ýðne);Karýn þiþliði;Yetiþkin K
Menostar;Östradiol (Yama);Kemik erimesi önleme;Cilt tahriþi;45+ (K)
Mentax;Butenafin (Krem);Mantar ve kaþýntý;Yerel yanma;12+
Meperidine;Aldolan muadili;Orta ve þiddetli aðrý;Uyku hali, bulantý;Her yaþ
Mephentermine;Wyamine muadili;Tansiyon artýrýcý (Acil);Çarpýntý;18+
Mephyton;K1 Vitamini;Kan pýhtýlaþma desteði;Kýzarýklýk;Her yaþ
Mepivacaine;Carbocaine muadili;Bölgesel uyuþturma;Titreme;Her yaþ
Meprobamate;Miltown muadili;Þiddetli kaygý (Anksiyete);Sersemlik;6+
Mepron;Atovakuon;Nadir zatürre türleri;Döküntü;13+
Mercaptopurine;Puri-Nethol muadili;Kan kanseri (Lösemi);Bulantý;Her yaþ
Meridia;Sibutramin (Eski);Kilo verme yardýmý;Tansiyon artýþý;18+
Meropenem;Meronem muadili;Çok aðýr vücut enf. (ÝV);Ýshal;3 ay+
Merrem;Meropenem;Hastane enfeksiyonlarý;Baþ aðrýsý;3 ay+
Mesalamine;Salofalk muadili;Baðýrsak iltihabý (Kolit);Karýn aðrýsý;5+
Mesna;Mesnex muadili;Kemoterapi idrar torbasý kor.;Tat kaybý;Her yaþ
Mestinon;Piridostigmin;Kas güçsüzlüðü (Miyasteni);Ýshal, terleme;Her yaþ
Metadate CD;Metilfenidat (Uzatýlmýþ);Dikkat eksikliði (DEHB);Ýþtahsýzlýk;6+
Metamucil;Psyllium (Lif);Kabýzlýk ve kolesterol;Gaz, þiþkinlik;6+
Metaproterenol;Alupent muadili;Bronþit ve nefes darlýðý;Titreme;6+
Metaraminol;Aramine muadili;Þok ve düþük tansiyon (ÝV);Çarpýntý;Her yaþ
Metaxalone;Skelaxin muadili;Kas spazmý ve aðrýsý;Sersemlik;12+
Metformin;Glifor muadili;Tip 2 Diyabet (Þeker);Ýshal, karýn aðrýsý;10+
Methadone;Metadon;Baðýmlýlýk ve aðýr aðrý;Uyku, solunum yavaþ.;18+
Methazolamide;Neptazane muadili;Göz tansiyonu (Hap);Karýncalanma;18+
Methenamine;Hiprex muadili;Ýdrar yolu enf. önleyici;Ýdrarda yanma;6+
Methergine;Metilergonovin;Doðum sonrasý kanama;Tansiyon artýþý;Yetiþkin K
Methimazole;Thyramazol muadili;Aþýrý çalýþan tiroid (Guatr);Döküntü, eklem aðrýsý;Her yaþ
Methitest;Metiltestosteron;Erkeklik hormonu eksikliði;Sivilce;18+ (E)
Methocarbamol;Robaxin muadili;Kas gevþetici (Tablet/ÝV);Uyku hali;16+
Methotrexate;Emthexate muadili;Kanser, sedef ve romatizma;Bulantý, halsizlik;Her yaþ
Methoxsalen;Oxsoralen muadili;Þiddetli sedef (PUVA);Iþýða duyarlýlýk;12+
Methscopolamine;Pamine muadili;Mide ülseri ve tükürük;Aðýz kuruluðu;18+
Methsuximide;Celontin muadili;Küçük nöbetler (Epilepsi);Sersemlik;Her yaþ
Methyldopa;Alfamet muadili;Gebelik yüksek tansiyonu;Yorgunluk;Her yaþ
Methylergonovine;Methergine muadili;Rahim kasýlmasý (Doðum);Baþ aðrýsý;Yetiþkin K
Methylphenidate;Ritalin/Concerta;DEHB ve Narkolepsi;Uykusuzluk;6+
Methylprednisolone;Prednol muadili;Þiddetli ödem ve alerji;Kilo alýmý;Her yaþ
Methyltestosterone;Metitest muadili;Hormon takviyesi;Tüylenme;18+ (E)
Metipranolol;Optipranolol muadili;Glokom (Göz damlasý);Gözde yanma;18+
Metoclopramide;Metpamid muadili;Mide bulantýsý ve kusma;Hareketlerde huzursuzluk;1+
Metolazone;Zaroxolyn muadili;Þiddetli ödem ve tansiyon;Halsizlik;18+
Metoprolol;Beloc muadili;Kalp hýzý ve tansiyon;Yorgunluk;18+
Metronidazole;Flagyl muadili;Bakteriyel ve parazit enf.;Metalik tat;Her yaþ
Mevacor;Lovastatin;Kolesterol düþürücü;Kas kramplarý;10+
Mexiletine;Mexitil muadili;Kalp ritim bozukluðu;Titreme;18+
Miacalcin;Kalsitonin (Sprey);Kemik erimesi (Menopoz);Burun tahriþi;50+ (K)
Micafungin;Mycamine muadili;Aðýr mantar enfeksiyonu;Ýshal;Her yaþ
Micardis;Telmisartan;Hipertansiyon (Yüksek tansiyon);Baþ dönmesi;18+
Micardis HCT;Telmisartan + HCTZ;Kombine tansiyon ilacý;Halsizlik;18+
Miconazole;Micoteks muadili;Deri ve vajinal mantar;Yerel yanma;Her yaþ
Micro-K;Potasyum Klorür;Mineral eksikliði;Mide aðrýsý;Her yaþ
Microlut;Levonorgestrel;Minipil (Doðum kontrol);Adet düzensizliði;Yetiþkin K
Micronase;Gliburid;Tip 2 Diyabet (Þeker);Kan þekeri düþmesi;18+
Microzide;Hidroklorotiyazid;Tansiyon ve ödem;Baþ dönmesi;18+
Midamor;Amilorid;Potasyum tutucu idrar sökt.;Baþ aðrýsý;18+
Midazolam;Dormicum muadili;Yatýþtýrýcý (Cerrahi öncesi);Hafýza kaybý, uyku;Her yaþ
Midodrine;Gutron muadili;Düþük tansiyon (Ayaða kalkýnca);Karýncalanma, kaþýntý;18+
Midol;Parasetamol + Kafein;Adet sancýsý ve þiþkinlik;Uykusuzluk;12+
Mifepristone;Korlym muadili;Gebelik sonlandýrma/Cushing;Kanama, bulantý;Yetiþkin K
Miglitol;Glyset muadili;Yemek sonrasý þeker kontrolü;Gaz, ishal;18+
Migranal;Ergotamin (Sprey);Akut migren ataðý;Burun tahriþi;18+
Mila;Bitkisel Karýþým;Hafif sakinleþtirici çay;Yok;12+
Mili;Hormon Karýþýmý;Kombine doðum kontrol hapý;Meme hassasiyeti;Yetiþkin K
Milk of Magnesia;Magnezyum Hidroksit;Kabýzlýk ve mide asidi;Ýshal;Her yaþ
Milnacipran;Savella muadili;Fibromiyalji (Kronik aðrý);Terleme, çarpýntý;18+
Milrinone;Primacor muadili;Þiddetli kalp yetmezliði (ÝV);Ritim bozukluðu;Her yaþ
Miltown;Meprobamat;Anksiyete (Kaygý) yönetimi;Sersemlik;6+
Mimvey;Östradiol + Noretisteron;Menopoz semptomlarý;Baþ aðrýsý;45+ (K)
Minastrin 24 Fe;Hormon + Demir;Doðum kontrolü (Çiðneme);Bulantý;Yetiþkin K
Mineral Oil;Sývý Vazelin;Baðýrsak yumuþatýcý;Karýn kramplarý;Her yaþ
Minipress;Prazosin;Tansiyon ve kabuslar;Ýlk doz baygýnlýðý;18+
Minivelle;Östradiol (Yama);Östrojen eksikliði;Cilt kýzarýklýðý;Yetiþkin K
Minocin;Minosiklin;Akne ve bakteriyel enf.;Baþ dönmesi;8+
Minocycline;Minocin muadili;Þiddetli sivilce ve deri enf.;Diþ boyanmasý;8+
Minoxidil;Rogaine muadili;Saç dökülmesi ve tansiyon;Ýstenmeyen tüylenme;18+
Miochol-E;Asetilkolin (Göz);Göz ameliyatý pupil küçültme;Geçici yanma;Her yaþ
Miostat;Karbakol (Göz);Göz içi basýnç düþürme;Baþ aðrýsý;18+
Mirabegron;Myrbetriq muadili;Aþýrý aktif mesane;Tansiyon artýþý;18+
Miradon;Anisindion (Eski);Kan sulandýrýcý (Oral);Kanama;18+
Mirapex;Pramipeksol;Parkinson ve huzursuz bacak;Uyku hali;18+
Mirapex ER;Pramipeksol (Uzatýlmýþ);Günlük tek doz Parkinson hapý;Halüsinasyon riski;18+
Mircera;Metoksi PEG-Epoetin;Böbrek kaynaklý kansýzlýk;Tansiyon artýþý;18+
Mircette;Hormon Karýþýmý;28 günlük doðum kontrolü;Ara kanama;Yetiþkin K
Mirena;Levonorgestrel (RÝA);Hormonlu spiral (5 yýllýk);Karýn aðrýsý;Yetiþkin K
Mirtazapine;Remeron muadili;Depresyon ve iþtahsýzlýk;Þiddetli uyku, kilo;18+
Misoprostol;Cytotec muadili;Mide koruma/Doðum baþlatma;Ýshal, kramplar;Yetiþkin
Mital;Bitkisel Karýþým;Zihin yorgunluðu desteði;Yok;18+
Mitigo;Morfin Sülfat (ÝV);Kronik þiddetli aðrý;Solunum baskýlanmasý;18+
Mitomycin;Mutamycin muadili;Mide ve pankreas kanseri;Kan sayýmý düþüþü;18+
Mitotane;Lysodren muadili;Böbrek üstü bezi kanseri;Sersemlik;18+
Mitoxantrone;Novantrone muadili;Ýleri evre MS ve kanser;Ýdrarda mavi renk;18+
Mivacurium;Mivacron muadili;Kas gevþetici (Ameliyat);Yüz kýzarmasý;Her yaþ
Mixed Salts;Adderall muadili;Odaklanma ve DEHB;Çarpýntý, iþtahsýzlýk;3+
Mobic;Meloksikam;Kireçlenme ve eklem aðrýsý;Hazýmsýzlýk;2+
Modafinil;Modiodal muadili;Narkolepsi (Aþýrý uyku);Baþ aðrýsý;18+
Moderna;COVID-19 Aþýsý;Virüs baðýþýklýðý;Kol aðrýsý, ateþ;6 ay+
Modicon;Hormon Karýþýmý;Gebelik önleyici hap;Bulantý;Yetiþkin K
Moexipril;Univasc muadili;Hipertansiyon (Tansiyon);Öksürük;18+
Molindone;Moban muadili;Þiddetli psikoz (Eski);Hareket bozukluðu;12+
Molipaxin;Trazodon muadili;Depresyon ve uykusuzluk;Baþ dönmesi;18+
Mometasone;Nasonex muadili;Alerjik nezle ve egzama;Burun kanamasý;2+
Monarc;Faktör VIII muadili;Hemofili A kanama kontrolü;Alerjik reaksiyon;Her yaþ
Monistat;Mikonazol;Vajinal mantar (Krem/Fitil);Yerel yanma, kaþýntý;12+
Monodox;Doksisiklin;Bakteriyel enf. ve akne;Iþýða duyarlýlýk;8+
Monoket;Ýzosorbid Mononitrat;Kalp damar geniþletici;Þiddetli baþ aðrýsý;18+
Mononine;Faktör IX;Hemofili B (Pýhtýlaþma);Baþ dönmesi;Her yaþ
Monopril;Fosinopril;Tansiyon ve kalp yetmezliði;Kuru öksürük;6+
Monopril HCT;Fosinopril + HCTZ;Ýdrar söktürücü + Tansiyon;Halsizlik;18+
Montelukast;Singulair muadili;Astým ve alerjik nezle;Kabuslar, sinirlilik;6 ay+
Monurol;Fosfomisin;Akut idrar yolu enfeksiyonu;Ýshal;12+
Morgidox;Doksisiklin (Kapsül);Deri enf. ve sivilce;Mide bulantýsý;8+
Morphine;MST Continus muadili;Çok þiddetli aðrý (Opioid);Kabýzlýk, uyku hali;Her yaþ
Motegrity;Prukaloprid;Kronik kabýzlýk (Kadýnlar);Baþ aðrýsý, bulantý;18+
Motofen;Difenoksin + Atropin;Þiddetli ishal durdurucu;Sersemlik;18+
Motoly;Bitkisel Karýþým;Mide spazmý ve sindirim;Yok;12+
Motpoly;Lakozamid muadili;Sara (Epilepsi) nöbetleri;Çift görme;1 ay+
Motrin;Ýbuprofen muadili;Aðrý, ateþ ve iltihap;Mide aðrýsý;6 ay+
Motrin IB;Ýbuprofen (Draje);Baþ ve kas aðrýsý;Hazýmsýzlýk;12+
Mounjaro;Tirzepatid;Tip 2 Diyabet ve obezite;Bulantý, kusma;18+
Movi;Bitkisel Karýþým;Eklem hareketliliði desteði;Yok;18+
Movantik;Naloksegol;Opioid kaynaklý kabýzlýk;Karýn aðrýsý;18+
Moviprep;PEG Karýþýmý;Kolonoskopi hazýrlýðý;Þiþkinlik, kramp;18+
Moxatag;Amoksisilin (Uzatýlmýþ);Boðaz enfeksiyonu (Farenjit);Ýshal;12+
Moxeza;Moksifloksasin (Göz);Bakteriyel göz iltihabý;Gözde sulanma;0+
Moxifloxacin;Avelox muadili;Aðýr solunum yolu enf.;Tendon hasarý riski;18+
Moxifloxacin (Ophthalmic);Vigamox muadili;Konjonktivit (Göz damlasý);Gözde batma;0+
Moxo;Moksonidin muadili;Merkezi etkili tansiyon hapý;Aðýz kuruluðu;18+
Moy;Bitkisel Karýþým;Hafif diþ eti rahatlatýcý;Yok;Her yaþ
Mozobil;Pleriksafor;Kök hücre toplama yardýmý;Baþ dönmesi;18+
MS Contin;Morfin (Uzatýlmýþ);Sürekli aðýr aðrý yönetimi;Solunum yavaþlamasý;18+
Mucinex;Guaifenesin;Balgam söktürücü (Göðüs);Mide bulantýsý;4+
Mucinex D;Guaifenesin + Psödoefedrin;Balgam ve burun týkanýklýðý;Uykusuzluk, çarpýntý;12+
Mucinex DM;Guaifenesin + Dekstrometorfan;Balgamlý ve kuru öksürük;Sersemlik;4+
Mucomyst;Asetilsistein muadili;Yoðun balgam ve parasetamol zeh.;Bulantý;Her yaþ
Mupirocin;Bactroban muadili;Deri enf. (Yara/Çýban);Yerel yanma;2 ay+
Mupirocin Nasal;Bactroban Nasal;Burun içi bakteri temizliði;Burun tahriþi;12+
Murine;Göz Temizleme;Göz kýzarýklýðý ve toz temiz.;Geçici yanma;Her yaþ
Muro 128;Sodyum Klorür (Göz);Kornea ödemi (Þiþliði);Bulanýk görme;Her yaþ
Muse;Alprostadil (Üretral);Erektil disfonksiyon (Jel);Yerel aðrý;18+ (E)
Mustargen;Mekloretamin (Eski);Hodgkin lenfoma;Þiddetli kusma;18+
Mutamycin;Mitomisin;Adenokarsinom (Kanser);Kan deðerleri düþüþü;18+
MVasi;Bevasizumab (Biyobenzer);Çoklu kanser türleri;Tansiyon artýþý;18+
Mvasi;Bevasizumab-awwb;Metastatik kanser tedavisi;Halsizlik;18+
Myalept;Metreleptin;Leptin eksikliði (Lipodistrofi);Karýn aðrýsý;Her yaþ
Myambutol;Etambutol;Tüberküloz (Verem) tedavisi;Görme bozukluðu;13+
Mycamine;Mikafungin;Mantar enf. ve önleme;Ýshal;Her yaþ
Mycapssa;Oktreotid (Kapsül);Akromegali (Büyüme boz.);Safra kesesi taþý;18+
Mycelex;Klotrimazol muadili;Aðýz ve deri mantarý;Karýn aðrýsý;Her yaþ
Mycobutin;Rifabutin;HIV hastalarýnda verem önleme;Ýdrarda turuncu renk;18+
Mycophenolate Mofetil;CellCept muadili;Organ nakli reddi önleme;Enfeksiyon riski;Her yaþ
Mycophenolic Acid;Myfortic muadili;Baðýþýklýk baskýlayýcý;Mide rahatsýzlýðý;Her yaþ
Mydriacyl;Tropikamid (Göz);Göz bebeði büyütme;Bulanýk görme;Her yaþ
Myfembree;Relugolix + Estradiol;Myom kaynaklý kanama;Baþ aðrýsý, sýcak basmasý;Yetiþkin K
Myfortic;Mikofenolik Asit;Böbrek nakli koruma;Ýshal, enfeksiyon;18+
Myglay;Bitkisel Karýþým;Hafif kas gevþetici;Uyku hali;18+
Myhap;Bitkisel Karýþým;Stres ve kaygý desteði;Yok;18+
Mykrox;Metolazon muadili;Tansiyon ve ödem (Düþük doz);Halsizlik;18+
Mylanta;Antiasit Karýþýmý;Mide yanmasý ve gaz;Kabýzlýk;12+
Mylarg;Gemsitabin muadili;Akciðer ve meme kanseri;Bulantý;18+
Myleran;Busulfan;Kronik miyeloid lösemi;Kansýzlýk;18+
Mylotarg;Gemtuzumab;Akut miyeloid lösemi;Karaciðer zorlanmasý;1 ay+
Myobloc;RimabotulinumtoksinB;Kas sertliði ve tükürük;Yutma güçlüðü;18+
Myochrysine;Altýn Sodyum Tiyomalat;Þiddetli romatizma (Eski);Kaþýntý, döküntü;Her yaþ
Myozyme;Alglukosidaz Alfa;Pompe hastalýðý (Enzim);Döküntü;Her yaþ
Myrbetriq;Mirabegron;Aþýrý aktif mesane;Tansiyon artýþý;18+
Mysoline;Primidon;Sara (Epilepsi) nöbetleri;Sersemlik, bulantý;Her yaþ
Mytelase;Ambenonyum;Miyasteni (Kas zayýflýðý);Karýn kramplarý;Her yaþ
Mytesi;Krofelemer;HIV kaynaklý ishal;Üst solunum yolu enf.;18+
Mytolac;Bitkisel Karýþým;Baðýrsak düzenleyici;Karýn þiþliði;12+
Mytrex;Nistatin + Triamsinolon;Ýltihaplý mantar kremi;Yerel yanma;Her yaþ
Nabi-HB;Hepatit B Ýmmünglobulin;Temas sonrasý baðýþýklýk;Ateþ;Her yaþ
Nabumetone;Relafen muadili;Eklem iltihabý ve aðrý;Hazýmsýzlýk;18+
Nadolol;Corgard muadili;Tansiyon ve göðüs aðrýsý;Nabýz yavaþlamasý;18+
Nafarelin;Synarel muadili;Endometriyozis (Sprey);Sýcak basmasý;Yetiþkin K
Nafcillin;Antibiyotik (ÝV);Þiddetli stafilokok enf.;Ýshal;Her yaþ
Naftifine;Naftin muadili;Ayak ve vücut mantarý;Yerel tahriþ;12+
Naftin;Naftifin (Jel/Krem);Ýnatçý mantar enfeksiyonu;Kuruluk;12+
Naglazyme;Galsülfaz;Maroteaux-Lamy Sendromu;Göðüs aðrýsý;Her yaþ
Nalbuphine;Nubain muadili;Þiddetli aðrý kesici (Ýðne);Uyku hali;18+
Nalcrom;Sodyum Kromoglikat;Gýda alerjisi önleme;Bulantý;2+
Naledge;Bitkisel Karýþým;Odaklanma ve zihin desteði;Yok;18+
Nalfon;Fenoprofen;Artrit ve hafif aðrý;Mide yanmasý;18+
Nalmedine;Naldemedin muadili;Kabýzlýk (Opioid kaynaklý);Karýn kramplarý;18+
Naloxone;Narcan muadili;Opioid (Uyuþturucu) panzehiri;Yoksunluk belirtileri;Her yaþ
Naltrexone;Revia/Vivitrol;Alkol ve madde baðýmlýlýðý;Bulantý, baþ aðrýsý;18+
Namenda;Memantin;Alzheimer (Hafýza kaybý);Baþ dönmesi;18+
Namenda XR;Memantin (Uzatýlmýþ);Orta-aðýr Alzheimer;Kabýzlýk;18+
Namzaric;Memantin + Donepezil;Alzheimer (Kombine hap);Ýshal, kusma;18+
Naphazoline;Naphcon muadili;Göz kýzarýklýðý giderici;Geçici yanma;6+
Naphcon-A;Nafazolin + Feniramin;Alerjik göz kaþýntýsý;Göz bebeði büyümesi;6+
Naprelan;Naproksen (Kontrollü);Sürekli eklem aðrýsý;Mide aðrýsý;18+
Naprosyn;Naproksen muadili;Þiddetli aðrý ve iltihap;Hazýmsýzlýk;2+
Naproxen;Apranax muadili;Aðrý kesici ve ateþ düþürücü;Mide krampý;2+
Naproxen + Esomeprazole;Vimovo muadili;Mide koruyuculu aðrý kesici;Karýn aðrýsý;12+
Naratriptan;Amerge muadili;Migren ataðý tedavisi;Karýncalanma;18+
Narcan;Nalokson (Burun spreyi);Aþýrý doz opioid (Acil);Huzursuzluk;Her yaþ
Nardil;Fenelzin;Depresyon (MAOI grubu);Tansiyon düþmesi;18+
Naropin;Ropivakain;Bölgesel uyuþturma (Ameliyat);Bulantý;Her yaþ
Nasacort;Triamsinolon (Burun);Saman nezlesi ve alerji;Burun kanamasý;2+
Nasalcrom;Kromolin Sodyum;Alerjik nezle önleme;Hapþýrma;2+
Nasalide;Flunisolide (Burun);Mevsimsel alerji spreyi;Burun tahriþi;6+
Nasarel;Flunisolid (Burun);Alerjik rinit (Nezle);Burun kanamasý;6+
Nascobal;B12 Vitamini (Burun);Pernisiyöz anemi desteði;Baþ aðrýsý;18+
Nasonex;Mometazon Furoat;Alerji ve burun polipi;Burun tahriþi;2+
Natacyn;Natamisin (Göz);Mantar kaynaklý göz enf.;Gözde batma;Her yaþ
Natazia;Hormon Karýþýmý;Doðum kontrolü ve aðýr adet;Bulantý;Yetiþkin K
Nateglinide;Starlix muadili;Yemek sonrasý þeker kont.;Kan þekeri düþmesi;18+
Nateley;Bitkisel Karýþým;Uyku kalitesi desteði;Sabah sersemliði;18+
Natesto;Testosteron (Jel);Erkeklik hormonu (Burun);Burun akýntýsý;18+ (E)
Natpara;Paratiroid Hormonu;Kalsiyum dengesi (Nadir);Karýncalanma;18+
Natrecor;Nesiritid;Akut kalp yetmezliði (ÝV);Tansiyon düþmesi;18+
Natulan;Prokarbazin muadili;Hodgkin lenfoma (Kanser);Bulantý, kusma;18+
Natvix;Bitkisel Þurup;Boðaz yumuþatýcý ve öksürük;Yok;4+
Naty;Vitamin Takviyesi;Hamilelik öncesi destek;Mide bulantýsý;Yetiþkin K
Nayzilam;Midazolam (Sprey);Küme nöbetler (Sara);Uyku hali;12+
Nebivolol;Vasoxen muadili;Tansiyon ve kalp yetmezliði;Baþ aðrýsý, yorgunluk;18+
Nebupent;Pentamidin (Soluma);Nadir zatürre türleri;Öksürük;Her yaþ
Necon;Hormon Karýþýmý;Gebelik önleyici hap;Baþ aðrýsý;Yetiþkin K
Nedocromil;Alocril muadili;Alerjik göz kaþýntýsý;Tat deðiþikliði;3+
Nefazodone;Serzone muadili;Majör depresyon tedavisi;Sersemlik, bulantý;18+
NegGram;Nalidiksik Asit (Eski);Ýdrar yolu enfeksiyonu;Iþýða duyarlýlýk;3 ay+
Nelarabine;Arranon muadili;T-hücreli lösemi (Kanser);Uyuþma, uyku hali;Her yaþ
Nelfinavir;Viracept muadili;HIV (Antiviral) yönetimi;Ýshal;2+
Nembutal;Pentobarbital;Þiddetli uykusuzluk/Nöbet;Aþýrý uyku hali;Her yaþ
Neo-Fradin;Neomisin (Sývý);Baðýrsak bakteri temizliði;Ýshal;Her yaþ
Neo-Synephrine;Fenilefrin (Burun);Burun týkanýklýðý giderici;Burun kuruluðu;12+
Neomycin;Antibiyotik;Ameliyat öncesi baðýrsak hzl.;Bulantý;Her yaþ
Neoral;Siklosporin (Modifiye);Organ nakli ve sedef;Tansiyon artýþý;1+
Neosporin;Üçlü Antibiyotik;Küçük kesik ve yaralar;Alerjik döküntü;Her yaþ
Neostigmine;Bloxiverz muadili;Kas gevþetici panzehiri;Tükürük artýþý;Her yaþ
Neovastat;Köpekbalýðý Kýkýrdaðý;Kanser destek (Eski);Mide yanmasý;18+
Nepafenac;Nevanac muadili;Göz ameliyatý aðrýsý;Bulanýk görme;18+
Nephro-Vite;Vitamin Karýþýmý;Diyaliz hastalarý desteði;Yok;18+
Nephrocaps;B-Kompleks + C;Böbrek yetmezliði vitamini;Karýn aðrýsý;18+
Nepitaz;Bitkisel Karýþým;Sindirim ve gaz giderici;Yok;12+
Nerlynx;Neratinib;Meme kanseri (Erken evre);Þiddetli ishal;18+
Nesina;Alogliptin;Kandaki þekeri düþürme;Baþ aðrýsý;18+
Nesiritide;Natrecor muadili;Kalp yetmezliði (Acil);Baþ dönmesi;18+
Nessa;Bitkisel Þampuan;Saç dökülmesi karþýtý;Kuruluk;Her yaþ
Nestor;Bitkisel Karýþým;Bellek ve zihin desteði;Yok;18+
Netupitant + Palonosetron;Akynzeo muadili;Kemoterapi bulantý önleme;Halsizlik;18+
Neulasta;Pegfilgrastim;Enfeksiyon riski azaltýcý;Kemik aðrýsý;Her yaþ
Neumega;Oprelvekin;Trombosit (Pul) artýrýcý;Ödem;18+
Neupogen;Filgrastim;Beyaz kan hücresi artýrýcý;Kas aðrýsý;Her yaþ
Neupro;Rotigotin (Yama);Parkinson ve huzursuz bacak;Cilt tahriþi;18+
Neurontin;Gabapentin;Sinir aðrýsý ve nöbet;Uyku hali, ödem;3+
Nevanac;Nepafenak (Göz);Katarakt ameliyatý sonrasý;Gözde batma;18+
Nevirapine;Viramune muadili;HIV (Antiviral) tedavisi;Þiddetli döküntü;Her yaþ
Nexavar;Sorafenib;Karaciðer ve böbrek kanseri;El-ayak sendromu;18+
Nexiclon XR;Klonidin (Sývý);Hipertansiyon yönetimi;Sersemlik;18+
Nexium;Ezomeprazol;Mide koruyucu (Reflü/Ülser);Baþ aðrýsý, ishal;1+
Nexletol;Bempedoik Asit;Kolesterol düþürücü;Kas spazmý, ürik asit;18+
Nexlizet;Bempedoik Asit + Ezetimib;Kombine kolesterol hapý;Kansýzlýk;18+
Nexplanon;Etonogestrel (Ýmplant);3 yýllýk doðum kontrolü;Adet düzensizliði;Yetiþkin K
Nexterone;Amiodaron (ÝV);Acil ritim bozukluðu;Tansiyon düþmesi;18+
Nextstellis;Estetrol + Drospirenon;Yeni nesil doðum kontrolü;Ruh hali deðiþimi;Yetiþkin K
Nez;Bitkisel Karýþým;Burun týkanýklýðý (Buhar);Yok;6+
Niacin;B3 Vitamini (Niasin);Kolesterol ve vitamin;Yüz kýzarmasý;Her yaþ
Niacor;Niasin (Yüksek doz);Kan yaðlarý düþürücü;Kaþýntý;18+
Niaspan;Niasin (Uzatýlmýþ);Statin destekli kolesterol;Baþ dönmesi;18+
Nicardipine;Cardene muadili;Tansiyon ve göðüs aðrýsý;Ayak þiþliði;18+
Nicoderm CQ;Nikotin (Yama);Sigara býrakma yardýmý;Cilt tahriþi;18+
Nicorette;Nikotin (Sakýz);Sigara isteði azaltýcý;Boðaz tahriþi;18+
Nicotine;Nikotin muadili;Nikotin replasman tedavisi;Çarpýntý;18+
Nicotrol;Nikotin (Fýsfýs/Ýnhaler);Sigara býrakma (Hýzlý);Öksürük;18+
Nifedipine;Adalat muadili;Yüksek tansiyon ve anjin;Baþ aðrýsý;18+
Nifedipine ER;Procardia XL muadili;Günlük tek doz tansiyon;Ödem;18+
Nilandron;Nilutamid;Prostat kanseri (Ameliyatlý);Iþýða duyarlýlýk;18+ (E)
Nilotinib;Tasigna muadili;Kronik miyeloid lösemi;Karýn aðrýsý;1+
Nilutamide;Nilandron muadili;Hormon duyarlý kanser;Bulantý;18+ (E)
Nimbex;Sisatrakuryum;Kas gevþetici (Ameliyat);Tansiyon düþmesi;1 ay+
Nimodipine;Nimotop muadili;Beyin kanamasý sonrasý damar;Baþ dönmesi;18+
Nimotop;Nimodipin;Beyin damar spazmý önleme;Tansiyon düþmesi;18+
Ninlaro;Ýksazomib;Multipl miyelom (Kanser);Ýshal, kusma;18+
Nintedanib;Ofev muadili;Akciðer sertleþmesi (Fibroz);Karaciðer zorlanmasý;18+
Niraparib;Zejula muadili;Yumurtalýk kanseri koruma;Kansýzlýk;18+
Nisoldipine;Sular muadili;Hipertansiyon (Tansiyon);Yüz kýzarmasý;18+
Nitazoxanide;Alinia muadili;Parazit kaynaklý ishal;Ýdrar rengi koyulaþma;1+
Nithiodote;Sodyum Nitrit + Tiyosülfat;Siyanür zehirlenmesi panzehiri;Baþ dönmesi;Her yaþ
Nitisinone;Orfadin muadili;Nadir metabolik hastalýk;Göz iltihabý;Her yaþ
Nitro-Bid;Nitrogliserin (Merhem);Göðüs aðrýsý önleme;Baþ aðrýsý;18+
Nitro-Dur;Nitrogliserin (Yama);24 saatlik anjin korumasý;Tansiyon düþmesi;18+
Nitrofurantoin;Piyeloseptyl muadili;Ýdrar yolu enfeksiyonu;Ýþtahsýzlýk;1 ay+
Nitroglycerin;Nitrostat muadili;Acil kalp damar geniþletici;Baþ aðrýsý;18+
Nitroglycerin Sublingual;Dil altý hapý;Göðüs aðrýsý (Anjin) ataðý;Yüz kýzarmasý;18+
Nitromist;Nitrogliserin (Sprey);Dil altý anjin spreyi;Baþ dönmesi;18+
Nitrostat;Nitrogliserin (Dil altý);Acil kalp krampý ilacý;Þiddetli baþ aðrýsý;18+
Nivestym;Filgrastim (Biyobenzer);Beyaz kan hücresi artýrýcý;Kemik aðrýsý;Her yaþ
Nivolumab;Opdivo muadili;Ýmmünoterapi (Kanser);Halsizlik, kaþýntý;Her yaþ
Nix;Permetrin muadili;Baþ biti ve sirke tedavisi;Kaþýntý;2 ay+
Nizatidine;Axid muadili;Mide ülseri ve reflü;Baþ aðrýsý;12+
Nizoral;Ketokonazol (Krem/Þampuan);Mantar ve kepek tedavisi;Yerel yanma;2+
Nobligan;Tramadol muadili;Þiddetli aðrý kesici;Kabýzlýk, uyku;12+
Noctiva;Desmopressin (Sprey);Gece sýk idrara çýkma;Sodyum düþüklüðü;50+
Nora-BE;Progestin;Sadece progesteron hapý;Adet düzensizliði;Yetiþkin K
Norco;Hidrokodon + Parasetamol;Orta ve aðýr þiddetli aðrý;Uyku hali;18+
Norditropin;Somatropin;Büyüme hormonu eksikliði;Eklem aðrýsý;Çocuk/Yetiþkin
Norepinephrine;Levophed muadili;Tansiyon artýrýcý (Acil);Çarpýntý;Her yaþ
Norelgestromin;Ortho Evra muadili;Doðum kontrol yamasý;Baþ aðrýsý;Yetiþkin K
Norethindrone;Aygestin muadili;Adet düzensizliði ve korunma;Kilo artýþý;Yetiþkin K
Norflex;Orfenadrin muadili;Kas gevþetici (Spazm);Baþ dönmesi;18+
Norfloxacin;Noroxin muadili;Ýdrar yolu ve prostat enf.;Karýn aðrýsý;18+
Norgestimate;Ortho-Cyclen muadili;Hormonal doðum kontrolü;Meme hassasiyeti;Yetiþkin K
Norgestrel;Ovrette muadili;Gebelik önleyici (Minipil);Adet düzensizliði;Yetiþkin K
Noritate;Metronidazol (Krem);Rozasea (Gül hastalýðý);Yerel kuruluk;18+
Normodyne;Labetalol muadili;Hipertansiyon (Tansiyon);Yorgunluk;18+
Noroxin;Norfloksasin;Bakteriyel enfeksiyonlar;Baþ dönmesi;18+
Norpace;Disopiramid;Kalp ritim bozukluðu;Aðýz kuruluðu;18+
Norpace CR;Disopiramid (Uzatýlmýþ);Günlük ritim kontrolü;Kabýzlýk;18+
Norplant;Levonorgestrel (Eski);5 yýllýk deri altý implant;Kilo alýmý;Yetiþkin K
Norpramin;Desipramin;Þiddetli depresyon;Çarpýntý;18+
Norvasc;Amlodipin;Tansiyon ve göðüs aðrýsý;Ayak þiþliði (Ödem);6+
Norvir;Ritonavir;HIV (Antiviral) desteði;Bulantý, ishal;1 ay+
Nourianz;Istradefylline;"Parkinson ""OFF"" dönemleri";Hareket bozukluðu;18+
Novaferrum;Polisakkarit Demir;Kansýzlýk (Anemi) desteði;Kabýzlýk;Her yaþ
Novantrone;Mitoksantron;Kanser ve ilerleyici MS;Ýdrar rengi deðiþimi;18+
Novarel;HCG (Hormon);Kýsýrlýk ve testis geliþimi;Karýn aðrýsý;Her yaþ
Novocaine;Prokain;Lokal uyuþturucu (Ýðne);Alerji;Her yaþ
Novolin 70/30;Karýþýk Ýnsülin;Orta ve hýzlý etkili þeker;Kan þekeri düþmesi;Her yaþ
Novolin N;NPH Ýnsülin;Orta etkili þeker kontrolü;Kilo alýmý;Her yaþ
Novolin R;Regüler Ýnsülin;Kýsa etkili (Yemek öncesi);Titreme;Her yaþ
NovoLog;Ýnsülin Aspart;Çok hýzlý etkili þeker hapý;Baþ dönmesi;2+
NovoLog Mix 70/30;Aspart Karýþýmý;Hýzlý ve orta þeker ayarý;Terleme;2+
NovoSeven RT;Faktör VIIa;Nadir kanama bozukluklarý;Pýhtý riski;Her yaþ
Noxafil;Posakonazol;Þiddetli mantar enf.;Ýshal;2 ay+
Nplate;Romiplostim;Trombosit (Pul) eksikliði;Baþ aðrýsý;1+
Nubain;Nalbufin;Þiddetli aðrý (Ameliyat);Uyku hali;18+
Nubeqa;Darolutamid;Prostat kanseri (Metastatik);Yorgunluk;18+ (E)
Nucala;Mepolizumab;Þiddetli astým (Ýðne);Baþ aðrýsý;6+
Nucynta;Tapentadol;Þiddetli akut aðrý;Sersemlik;18+
Nucynta ER;Tapentadol (Uzatýlmýþ);Sürekli kronik aðrý;Bulantý;18+
Nuedexta;Dekstrometorfan + Kinidin;Kontrolsüz gülme/aðlama;Baþ dönmesi;18+
NuLytely;PEG + Elektrolit;Baðýrsak temizliði;Karýn kramplarý;6 ay+
Nulojix;Belatasept;Böbrek nakli reddi önleme;Baþ aðrýsý;18+
Nulytely;PEG Karýþýmý;Kolonoskopi hazýrlýðý;Bulantý;6 ay+
Numbrino;Kokain (Lokal);Burun içi uyuþturma;Tansiyon artýþý;18+
Numoisyn;Yapay Tükürük;Aðýz kuruluðu giderici;Yok;Her yaþ
Nuplazid;Pimavanserin;Parkinson kaynaklý psikoz;Ayak þiþliði;18+
Nurtec ODT;Rimegepant;Migren ataðý ve önleme;Bulantý;18+
Nutropin;Somatropin muadili;Büyüme yetmezliði;Kalça aðrýsý;Çocuk/Yetiþkin
Nutropin AQ;Somatropin (Sývý);Hormon eksikliði tedavisi;Þiþkinlik;Çocuk/Yetiþkin
NuvaRing;Vajinal Halkalý Hormon;Aylýk doðum kontrolü;Vajinal tahriþ;Yetiþkin K
Nuvessa;Metronidazol (Vajinal);Bakteriyel vajinozis;Mantar enf.;18+
Nuvigil;Armodafinil;Aþýrý uyku hali (Narkolepsi);Baþ aðrýsý;17+
Nuwiq;Faktör VIII (Rekombinant);Hemofili A tedavisi;Enjeksiyon aðrýsý;Her yaþ
Nyamyc;Nistatin (Toz);Deri kývrýmý mantarý;Yerel tahriþ;Her yaþ
Nylia;Hormon Karýþýmý;Doðum kontrol hapý;Bulantý;Yetiþkin K
Nymalize;Nimodipin (Sývý);Beyin damar spazmý;Tansiyon düþmesi;18+
NyMVE;Östradiol + Noretisteron;Menopoz sonrasý destek;Baþ aðrýsý;45+ (K)
Nystatin;Mikostatin muadili;Aðýz, mide ve deri mantarý;Karýn aðrýsý;Her yaþ
Nyvepria;Pegfilgrastim-apgf;Beyaz kan hücresi desteði;Kemik aðrýsý;Her yaþ
O-Cal FA;Multivitamin + Demir;Gebelik ve emzirme desteði;Mide bulantýsý;Yetiþkin K
O-Cal Prenatal;Vitamin Karýþýmý;Doðum öncesi besin takviyesi;Kabýzlýk;Yetiþkin K
Obalon;Gastrik Balon;Kilo verme (Yutulabilir);Karýn kramplarý;18+
Obecalp;Plasebo;Ýlaç deneme/Psikolojik;Yok;Her yaþ
Obeticholic Acid;Ocaliva muadili;Safra kanalý iltihabý;Þiddetli kaþýntý;18+
Obizur;Faktör VIII (Domuz);Edinsel hemofili kanamasý;Pýhtý riski;18+
Obrexta;Bitkisel Karýþým;Göz yorgunluðu desteði;Yok;12+
Obrevin;Bitkisel Þurup;Balgam sökücü ve öksürük;Ýshal;2+
Ocaliva;Obetiholik Asit;Karaciðer sirozu (Primer);Yorgunluk;18+
Ocella;Drospirenon + Östrojen;Doðum kontrolü ve ödem;Meme hassasiyeti;Yetiþkin K
Ocrevus;Okrelizumab;Multipl Skleroz (MS);Enfeksiyon riski;18+
Octagam;Ýmmünglobulin (ÝV);Antikor eksikliði (Baðýþýklýk);Ateþ, titreme;Her yaþ
Octreotide;Sandostatin muadili;Tümör kaynaklý ishal;Safra taþý;18+
Ocudox;Doksisiklin (Göz);Göz kapaðý iltihabý (Blefarit);Mide aðrýsý;18+
Ocufen;Flurbiprofen (Göz);Göz ameliyatý pupil kont.;Geçici yanma;18+
Ocuflox;Ofloksasin (Göz);Bakteriyel göz enfeksiyonu;Gözde batma;1+
Ocuhist;Nafazolin + Feniramin;Alerjik göz kýzarýklýðý;Gözde sulanma;6+
Ocupress;Karteolol (Göz);Glokom (Göz tansiyonu);Gözde tahriþ;18+
Ocusert;Pilokarpin (Ýnsert);Sürekli göz tansiyonu kont.;Bulanýk görme;18+
Ocuvite;Vitamin + Çinko;Göz saðlýðý ve makula desteði;Yok;18+
Odaily;Multivitamin;Günlük zindelik tableti;Yok;12+
Odefsey;Üçlü Antiviral;HIV/AIDS yönetimi;Baþ aðrýsý;12+
Odomzo;Sonidegib;Bazal hücreli cilt kanseri;Kas aðrýsý, saç kaybý;18+
Ofev;Nintedanib;Akciðer sertleþmesi (Fibroz);Ýshal, bulantý;18+
Ofloxacin;Tarivid muadili;Þiddetli deri ve idrar enf.;Tendon aðrýsý;18+
Ofloxacin (Ophthalmic);Ocuflox muadili;Arpacýk ve göz iltihabý;Gözde kuruluk;1+
Oforta;Fludarabin muadili;Lösemi (Kanser) tedavisi;Halsizlik;18+
Ogestrel;Hormon Karýþýmý;Yüksek doz doðum kontrolü;Ara kanama;Yetiþkin K
Ogivri;Trastuzumab-dkst;Meme ve mide kanseri;Baþ aðrýsý;18+
Ogsive;Bitkisel Karýþým;Mide asidi dengeleyici;Yok;12+
Oit;Bitkisel Merhem;Piþik ve deri tahriþi;Yok;Her yaþ
Oje;Bitkisel Karýþým;Týrnak güçlendirici solüsyon;Yok;Her yaþ
Ojer;Bitkisel Þurup;Boðaz tahriþi (Çocuk);Yok;1+
Ok;Koruyucu Grubu;Gebelik ve hastalýk önleme;Lateks alerjisi;Üreme çaðý
Olanzapine;Zyprexa muadili;Þizofreni ve bipolar bozukluk;Kilo alýmý, uyku;13+
Olanzapine + Fluoxetine;Symbyax muadili;Dirençli depresyon;Ýþtah artýþý;10+
Olaparib;Lynparza muadili;Yumurtalýk ve meme kanseri;Kansýzlýk;18+
Olaratumab;Lartruvo muadili;Yumuþak doku kanseri;Bulantý;18+
Oleptro;Trazodon (Uzatýlmýþ);Majör depresyon;Baþ dönmesi;18+
Olesive;Bitkisel Karýþým;Kabýzlýk desteði;Karýn þiþliði;12+
Olmesartan;Olmetec muadili;Hipertansiyon (Tansiyon);Baþ dönmesi;6+
Olmesartan + HCTZ;Olmetec Plus muadili;Kombine tansiyon ilacý;Halsizlik;18+
Olopatadine;Patanol/Pataday;Alerjik göz kaþýntýsý;Tat deðiþikliði;2+
Olopatadine (Nasal);Patanase muadili;Alerjik nezle (Burun);Acý tat;6+
Olumiant;Barisitinib;Romatoid artrit ve Alopesi;Enfeksiyon riski;18+
Olux;Klobetasol (Köpük);Þiddetli saçlý deri egzamasý;Yanma hissi;12+
Olux-E;Klobetasol (Emolyan);Kuru ve iltihaplý deri;Ciltte incelme;12+
Omadacycline;Nuzyra muadili;Þiddetli deri ve akciðer enf.;Bulantý;18+
Omalizumab;Xolair muadili;Þiddetli astým ve kurdeþen;Eklem aðrýsý;6+
Ombitasvir Karýþýmý;Viekira Pak muadili;Hepatit C tedavisi;Kaþýntý;18+
Omce;Bitkisel Karýþým;Mide asidi dengeleyici;Yok;12+
Omega-3;Balýk Yaðý;Kalp ve beyin saðlýðý;Balýk kokulu nefes;Her yaþ
Omeprazole;Losec muadili;Mide koruyucu ve reflü;Karýn aðrýsý, ishal;1+
Omeprazole + Sodyum;Zegerid muadili;Hýzlý etkili mide koruma;Baþ aðrýsý;18+
Omidria;Fenilefrin + Ketorolak;Katarakt ameliyatý yardýmý;Gözde yanma;18+
Omnaris;Siklesonid (Burun);Alerjik nezle (Sprey);Burun kanamasý;6+
Omnicef;Sefdinir muadili;Orta kulak ve solunum enf.;Ýshal, döküntü;6 ay+
Omnipaque;Ýoheksol (Ýyotlu);BT/Röntgen kontrast maddesi;Sýcaklýk hissi;Her yaþ
Omnipred;Prednizolon (Göz);Göz içi iltihabý ve ödem;Bulanýk görme;18+
Omniscan;Gadodiamid (ÝV);MR görüntüleme ilacý;Baþ dönmesi;Her yaþ
Omnitrope;Somatropin;Boy kýsalýðý ve hormon;Eklem aðrýsý;Çocuk/Yetiþkin
Omvoh;Mirikizumab;Ülseratif kolit (Baðýrsak);Üst solunum yolu enf.;18+
OnabotulinumtoxinA;Botox muadili;Migren, terleme ve kýrýþýklýk;Yerel zayýflýk;18+
Oncaspar;Pegaspargaz;Akut lenfoblastik lösemi;Karaciðer zorlanmasý;Her yaþ
Oncet;Cetirizine muadili;Alerji ve kaþýntý (Draje);Uyku hali;6+
Onclive;Bitkisel Karýþým;Zindelik ve enerji desteði;Yok;18+
Onfi;Klobazam;Þiddetli epilepsi (Sara);Uyku hali, sersemlik;2+
Onglyza;Saksagliptin;Tip 2 Diyabet (Þeker);Burun týkanýklýðý;18+
Onivyde;Ýrinotekan (Lipozomal);Pankreas kanseri (Ýleri);Ýshal, yorgunluk;18+
Onpattro;Patisiran;Genetik sinir hasarý (ATTR);Ödem, nefes darlýðý;18+
Onreg;Bitkisel Þurup;Çocuklarda huzursuzluk;Yok;2+
Onsolis;Fentanil (Film);Þiddetli kanser aðrýsý;Bulantý, uyku;18+
Onureg;Azasitidin (Tablet);Akut miyeloid lösemi (AML);Bulantý, kusma;18+
Onx;Antiseptik Sprey;Küçük kesik ve yara bakýmý;Yok;Her yaþ
Onzetra Xsail;Sumatriptan (Toz);Þiddetli migren (Burun);Acý tat, burun kuruluðu;18+
Opana;Oksimorfon;Çok þiddetli aðrý kesici;Kabýzlýk, uyku;18+
Opana ER;Oksimorfon (Uzatýlmýþ);Sürekli aðýr aðrý yönetimi;Solunum yavaþlamasý;18+
Opdivo;Nivolumab;Ýmmünoterapi (Çeþitli kanser);Halsizlik, kaþýntý;Her yaþ
Opeve;Bitkisel Karýþým;Kadýnlarda hormon dengesi;Yok;Yetiþkin K
Ophtetic;Proparakain (Göz);Hýzlý göz uyuþturucu;Geçici yanma;Her yaþ
Opime;Bitkisel Karýþým;Saç ve týrnak saðlýðý;Yok;12+
Opium Tincture;Afyon Tentürü;Þiddetli ishal (Dirençli);Uyku hali;18+
Opizelura;Ruksolitinib (Krem);Egzama ve vitiligo (Ala);Yerel tahriþ;12+
Oportuzumab;Kanser Ýlacý (Yeni);Mesane kanseri tedavisi;Kanlý idrar;18+
Oprelvekin;Neumega muadili;Düþük trombosit tedavisi;Ödem;18+
Opsumit;Makitentan;Akciðer yüksek tansiyonu;Kansýzlýk, baþ aðrýsý;18+
Opticrom;Kromolin (Göz);Alerjik göz damlasý;Gözde batma;4+
Optimat;Bitkisel Karýþým;Odaklanma ve zihin açýcý;Yok;12+
Optipranolol;Metipranolol muadili;Göz içi basýncý düþürücü;Gözde kuruluk;18+
Optivar;Azelastin (Göz);Mevsimsel göz alerjisi;Baþ aðrýsý;3+
Optive;Suni Göz Yaþý;Göz kuruluðu ve batmasý;Geçici bulanýklýk;Her yaþ
Oracea;Doksisiklin (Düþük doz);Rozasea (Gül hastalýðý);Mide rahatsýzlýðý;18+
Oracit;Sodyum Sitrat Karýþýmý;Ýdrar asitliði dengeleme;Ýshal;Her yaþ
Orajel;Benzokain (Jel);Diþ eti ve aðýz uyuþturucu;Yerel yanma;2+
Oralair;Polen Özleri (Dil altý);Saman nezlesi baðýþýklýðý;Aðýzda kaþýntý;5-65 yaþ
Oramorph SR;Morfin (Uzatýlmýþ);Kronik aðýr aðrý tableti;Kabýzlýk;18+
Orap;Pimozid;Tourette sendromu (Tikler);Hareketlerde yavaþlýk;12+
Orapred;Prednizolon (Sývý);Þiddetli alerji ve ödem;Ýþtah artýþý;Her yaþ
Orapred ODT;Prednizolon (Eriyen);Astým ve iltihap ataðý;Kilo alýmý;Her yaþ
Oravig;Mikonazol (Aðýzda);Aðýz içi mantar (Pamukçuk);Tad bozukluðu;18+
Orbactiv;Oritavansin (ÝV);Þiddetli deri enfeksiyonu;Baþ aðrýsý, bulantý;18+
Orca;Bitkisel Karýþým;Genel zindelik ve enerji;Çarpýntý;18+
Orencia;Abatasept;Romatoid artrit (Ýðne);Baþ aðrýsý, nezle;2+
Orenitram;Treprostinil (Tablet);Akciðer yüksek tansiyonu;Yüz kýzarmasý;18+
Orfadin;Nitisinon;Nadir metabolik hastalýk;Göz iltihabý;Her yaþ
Orfenadrine;Norflex muadili;Kas spazmý gevþetici;Baþ dönmesi;18+
Orgovyx;Relugolix;Ýleri evre prostat kanseri;Sýcak basmasý;18+ (E)
Oria;Bitkisel Çay;Sakinleþtirici ve gevþeme;Uyku hali;18+
Oriahnn;Elagolix Karýþýmý;Myom kaynaklý aðýr kanama;Baþ aðrýsý;Yetiþkin K
Orilissa;Elagolix;Endometriyozis aðrýsý;Gece terlemesi;Yetiþkin K
Orkambi;Lumakaftor + Ývakaftor;Kistik fibrozis tedavisi;Nefes darlýðý;2+
Orladeyo;Berotralstat;Kalýtsal anjioödem önleme;Karýn aðrýsý;12+
Orlistat;Xenical muadili;Obezite (Yað emilim eng.);Yaðlý dýþký;12+
Orphenadrine;Kas Gevþetici;Akut kas aðrýlarý;Aðýz kuruluðu;18+
Orserdu;Elacestrant;Metastatik meme kanseri;Bulantý, halsizlik;Yetiþkin K
Ortho-Cyclen;Hormon Karýþýmý;Doðum kontrol hapý;Baþ aðrýsý;Yetiþkin K
Ortho-Novum;Hormon Karýþýmý;Gebelik önleyici (Kombine);Ara kanama;Yetiþkin K
Ortho-Tri-Cyclen;Üç Fazlý Hormon;Akne ve doðum kontrolü;Meme hassasiyeti;Yetiþkin K
Orudis;Ketoprofen muadili;Þiddetli aðrý ve artrit;Mide yanmasý;18+
Oruvail;Ketoprofen (Uzatýlmýþ);Günlük tek doz aðrý kesici;Hazýmsýzlýk;18+
Orve;Bitkisel Karýþým;Mide þiþkinliði ve gaz;Yok;12+
Orvigliz;Bitkisel Karýþým;Kan þekeri dengeleme dest.;Yok;18+
Oseltamivir;Tamiflu muadili;Grip (Ýnfluenza) tedavisi;Bulantý, kusma;1 ay+
Osmitrol;Mannitol muadili;Kafa içi basýnç düþürücü;Sýk idrar;Her yaþ
OsmoPrep;Sodyum Fosfat;Kolonoskopi temizliði;Karýn kramplarý;18+
Osphena;Ospemifen;Menopozda aðrýlý iliþki;Sýcak basmasý;45+ (K)
Otezla;Apremilast;Sedef ve sedef romatizmasý;Ýshal, bulantý;18+
Oticaine;Benzokain (Kulak);Kulak aðrýsý uyuþturucu;Yerel yanma;2+
Otivel;Bitkisel Damla;Kulak kiri yumuþatýcý;Yok;Her yaþ
Otiz;Bitkisel Karýþým;Dikkat ve odaklanma desteði;Yok;4+
Otomize;Deksametazon muadili;Kulak yolu iltihabý;Kaþýntý;2+
Oton;Bitkisel Þurup;Boðaz ve ses teli desteði;Yok;4+
Otop;Kulak Temizleme;Kulak içi hijyen spreyi;Yok;Her yaþ
Otrexup;Metotreksat (Ýðne);Þiddetli romatizma ve sedef;Bulantý;18+
Ova;Bitkisel Karýþým;Kadýn saðlýðý ve vitamin;Mide bulantýsý;Yetiþkin K
Ovale;Vitamin Takviyesi;Hamilelik dönemi desteði;Kabýzlýk;Yetiþkin K
Ovidrel;HCG (Rekombinant);Yumurta çatlatma iðnesi;Karýn aðrýsý;Yetiþkin K
Oxaliplatin;Eloxatin muadili;Kolon ve rektum kanseri;El-ayak uyuþmasý;18+
Oxandrin;Oksandrolon (Eski);Kilo alýmý yardýmý;Karaciðer zorlanmasý;Her yaþ
Oxandrolone;Anabolik Steroid;Ameliyat sonrasý kilo alýmý;Akne;Her yaþ
Oxaprozin;Daypro muadili;Eklem iltihabý ve sertliði;Mide aðrýsý;6+
Oxazepam;Serax muadili;Kaygý ve alkol yoksunluðu;Uyku hali;6+
Oxbryta;Voxelotor;Orak hücreli anemi;Baþ aðrýsý, ishal;4+
Oxcarbazepine;Trileptal muadili;Sara (Epilepsi) nöbetleri;Sersemlik, bulantý;2+
Oxervate;Cenegermin (Göz);Kornea iyileþtirme (Nadir);Gözde aðrý;2+
Oxiconazole;Oxistat muadili;Deri mantarý ve kaþýntý;Yerel yanma;Her yaþ
Oxistat;Oksikonazol (Krem);Ayak ve vücut mantarý;Kaþýntý;Her yaþ
Oxon;Bitkisel Karýþým;Göðüs rahatlatýcý merhem;Yok;2+
Oxprenolol;Beta Bloker (Eski);Tansiyon ve çarpýntý;Yorgunluk;18+
Oxybutynin;Üropan muadili;Aþýrý aktif mesane;Aðýz kuruluðu;5+
Oxycet;Oksikodon + Parasetamol;Þiddetli aðrý kesici;Uyku hali, bulantý;18+
Oxycodone;OxyContin muadili;Orta ve aðýr aðrý (Opioid);Kabýzlýk, baþ dönmesi;18+
OxyContin;Oksikodon (Uzatýlmýþ);12 saatlik sürekli aðrý kont.;Solunum yavaþlamasý;18+
Oxymetazoline;Iliadin muadili;Burun týkanýklýðý (Sprey);Burun kuruluðu;6+
Oxymorphone;Opana muadili;Çok þiddetli kronik aðrý;Kusma, uyku;18+
Oxytetracycline;Antibiyotik (Eski);Bakteriyel enfeksiyonlar;Diþ lekelenmesi;8+
Oxytocin;Pitocin muadili;Doðum baþlatma (Suni sancý);Rahim kramplarý;Yetiþkin K
Oxyvix;Bitkisel Karýþým;Boðaz ve nefes ferahlatýcý;Yok;6+
Oystcal;Kalsiyum Karbonat;Kemik saðlýðý desteði;Gaz, kabýzlýk;Her yaþ
Oyster Shell Calcium;Doðal Kalsiyum;Kalsiyum eksikliði;Þiþkinlik;Her yaþ
Ozempic;Semaglutid;Tip 2 Diyabet ve kilo kont.;Mide bulantýsý;18+
Ozerva;Bitkisel Karýþým;Hafif uyku bozukluðu;Sersemlik;18+
Ozurdex;Deksametazon (Ýmplant);Göz içi damar týkanýklýðý;Göz içi basýnç artýþý;18+
Ozy;Bitkisel Karýþým;Sindirim kolaylaþtýrýcý;Yok;12+
P-V-Tussin;Öksürük Karýþýmý;Soðuk algýnlýðý ve öksürük;Uyku hali;18+
Pacerone;Amiodaron;Kalp ritim bozukluðu;Iþýða duyarlýlýk;18+
Paclitaxel;Taxol muadili;Meme, akciðer ve yumurtalýk k.;Saç dökülmesi;18+
Pads;Týbbi Pedler;Hemoroid ve yerel temizlik;Yok;Her yaþ
Palbociclib;Ibrance muadili;Ýleri evre meme kanseri;Kan sayýmý düþüþü;18+
Palifermin;Kepivance muadili;Kemoterapi aðýz yaralarý;Dil kalýnlaþmasý;18+
Paliperidone;Invega muadili;Þizofreni ve þizoaffektif boz.;Hareket bozukluðu;12+
Palivizumab;Synagis muadili;Bebeklerde RSV virüsü önleme;Ateþ, döküntü;0-2 yaþ
Palmid;Bitkisel Karýþým;Cilt bariyeri destekleyici;Yok;Her yaþ
Palonosetron;Aloxi muadili;Kemoterapi bulantý önleme;Kabýzlýk, baþ aðrýsý;Her yaþ
Palsiv;Bitkisel Þurup;Çocuklarda öksürük desteði;Yok;1+
Palu;Bitkisel Karýþým;Baðýþýklýk sistemi desteði;Yok;12+
Pamelor;Nortriptilin;Depresyon ve sinir aðrýsý;Aðýz kuruluðu;18+
Pamidronate;Aredia muadili;Kemik erimesi ve kanser;Ateþ, kas aðrýsý;18+
Pamiv;Bitkisel Karýþým;Hafif eklem rahatlatýcý;Yok;18+
Pamine;Metskopolamin;Mide asidi ve kramplar;Bulanýk görme;18+
Pamprin;Adet Sancýsý Karýþýmý;PMS (Adet öncesi) þikayetleri;Uyku hali;12+
Panasol;Prednizolon muadili;Ýltihap ve alerji kontrolü;Kilo alýmý;Her yaþ
Pancreaze;Pankrelipaz (Enzim);Pankreas yetmezliði/Sindirim;Karýn aðrýsý;Her yaþ
Pancrelipase;Creon muadili;Kistik fibrozis sindirim des.;Ýshal;Her yaþ
Pancuronium;Kas Gevþetici (ÝV);Ameliyat sýrasý gevþeme;Çarpýntý;Her yaþ
Pandel;Hidrokortizon Probutat;Þiddetli egzama ve kaþýntý;Deride incelme;18+
Panretin;Alitretinoin (Jel);AIDS kaynaklý deri lezyonlarý;Kýzarýklýk, soyulma;18+
Pantoprazole;Pantpas muadili;Mide koruyucu ve ülser;Baþ aðrýsý;5+
Panzyga;Ýmmünglobulin (ÝV);Baðýþýklýk yetmezliði;Baþ aðrýsý;2+
Papaverine;Damar Geniþletici;Kan akýþý ve ereksiyon des.;Yüz kýzarmasý;Her yaþ
Paragard;Bakýrlý Spiral (RÝA);10 yýllýk hormonsuz korunma;Aðýr adet kanamasý;Yetiþkin K
Paramethadione;Paradione (Eski);Küçük nöbetler (Epilepsi);Iþýða duyarlýlýk;Her yaþ
Paraplatin;Karboplatin;Yumurtalýk ve akciðer kanseri;Bulantý, halsizlik;18+
Paraster;Bitkisel Karýþým;Hafif stres yönetimi;Yok;18+
Parathyroid Hormone;Natpara muadili;Hormon eksikliði dengesi;Karýncalanma;18+
Paregoric;Afyon Karýþýmý;Þiddetli ishal tedavisi;Uyku hali;18+
Paricalcitol;Zemplar muadili;Böbrek kaynaklý hormon deng.;Baþ dönmesi;1+
Parlodel;Bromokriptin;Parkinson ve hormon bozuk.;Bulantý, sersemlik;18+
Parnate;Tranilsipromin;Þiddetli depresyon (MAOI);Uykusuzluk;18+
Paromomycin;Humatin muadili;Baðýrsak parazitleri (Amip);Karýn kramplarý;Her yaþ
Paroxetine;Paxil muadili;Depresyon ve Panik Atak;Uyku hali, aðýz kuruluðu;18+
Paroxetine ER;Paxil CR muadili;Günlük tek doz anksiyete;Kilo deðiþimi;18+
Parsabiv;Etelkalsetid (ÝV);Diyaliz kalsiyum dengesi;Kas spazmý, kusma;18+
Paser;Aminosalisilik Asit;Dirençli Tüberküloz (Verem);Mide kramplarý;Her yaþ
Patanase;Olopatadin (Burun);Mevsimsel burun alerjisi;Acý tat, burun aðrýsý;6+
Pataday;Olopatadin (Göz);24 saatlik alerji damlasý;Gözde kuruluk;2+
Patanol;Olopatadin (%0.1);Akut göz kaþýntýsý;Tat deðiþikliði;2+
Patreon;Bitkisel Karýþým;Genel zindelik desteði;Yok;18+
Paxil;Paroksetin;Sosyal fobi ve depresyon;Terleme, isteksizlik;18+
Paxil CR;Paroksetin (Kontrollü);Panik bozukluk tedavisi;Baþ dönmesi;18+
Paxlovid;Nirmatrelvir + Ritonavir;Akut COVID-19 tedavisi;Tat bozukluðu, ishal;12+
Pazopanib;Votrient muadili;Böbrek ve doku kanseri;Tansiyon artýþý;18+
Pediarix;Karma Aþý (5'li);Çocukluk çaðý baðýþýklýðý;Ateþ, huzursuzluk;6 hafta-7 yaþ
Pediazole;Eritromisin + Sülfa;Çocuklarda kulak iltihabý;Karýn aðrýsý;2 ay+
Pediotic;Kulak Damlasý;Dýþ kulak yolu iltihabý;Kaþýntý;Her yaþ
Pegasys;Peginterferon alfa-2a;Hepatit B ve C (Haftalýk);Grip benzeri belirti;5+
Pegfilgrastim;Neulasta muadili;Baðýþýklýk sistemi desteði;Kemik aðrýsý;Her yaþ
Peginterferon alfa-2b;PEG-Intron muadili;Kronik Hepatit C tedavisi;Halsizlik;3+
Pegintron;Peginterferon alfa-2b;Virüs yükü azaltma (Ýðne);Titreme, kas aðrýsý;3+
Pegloticase;Krystexxa muadili;Þiddetli kronik gut (ÝV);Döküntü;18+
Pegvisomant;Somavert muadili;Büyüme hormonu fazlalýðý;Karaciðer zorlanmasý;18+
Pembrolizumab;Keytruda muadili;Ýmmünoterapi (Melanom vb.);Kaþýntý, yorgunluk;Her yaþ
Pemoline;Cylert (Eski);Narkolepsi ve DEHB;Karaciðer riski;6+
Pemetrexed;Alimta muadili;Akciðer kanseri (Ýleri);Halsizlik, bulantý;18+
Pemiv;Bitkisel Karýþým;Eklem konforu desteði;Yok;18+
Pemphigus;Baðýþýklýk Ýlacý (Özel);Deri döküntüsü kontrolü;Baþ aðrýsý;18+
Pen-Vee K;Penisilin V Potasyum;Boðaz ve aðýz enfeksiyonu;Ýshal, döküntü;Her yaþ
Penciclovir;Denavir muadili;Dudak uçuðu (Krem);Yerel tahriþ;12+
Penicillamine;Cuprimine muadili;Wilson hast. ve romatizma;Tat kaybý, kaþýntý;Her yaþ
Penicillin G;Bicillin muadili;Þiddetli bakteriyel enf.;Alerjik reaksiyon;Her yaþ
Penicillin V;Oral Penisilin;Hafif ve orta enfeksiyonlar;Mide bulantýsý;Her yaþ
Penlac;Siklopiroks (Oje);Týrnak mantarý tedavisi;Yerel yanma;12+
Penstar;Bitkisel Karýþým;Hafif odaklanma desteði;Yok;12+
Pentamidine;Pentam muadili;Nadir zatürre türleri (ÝV);Tansiyon düþmesi;Her yaþ
Pentasa;Mesalamine (Uzatýlmýþ);Ülseratif kolit ve Crohn;Karýn aðrýsý;5+
Pentazocine;Talwin muadili;Orta ve aðýr þiddetli aðrý;Uyku hali;12+
Pentobarbital;Nembutal muadili;Nöbet durdurma ve uyku;Aþýrý sersemlik;Her yaþ
Pentosan Polysulfate;Elmiron muadili;Mesane aðrýsý (Sistit);Saç dökülmesi;18+
Pentoxifylline;Trental muadili;Bacakta dolaþým bozukluðu;Mide bulantýsý;18+
Pepcid;Famotidin muadili;Mide asidi ve reflü;Baþ aðrýsý;Her yaþ
Pepcid AC;Famotidin (Düþük doz);Yanma öncesi mide koruma;Yok;12+
Pepcid Complete;Famotidin + Antiasit;Hýzlý ve uzun süreli ferahlýk;Kabýzlýk;12+
Pepo;Bitkisel Þurup;Bebeklerde gaz sancýsý;Yok;Bebek+
Pepto-Bismol;Bismut Subsalisilat;Ýshal, mide yanmasý ve gaz;Siyah dýþký/dil;12+
Perative;Beslenme Sývýsý;Cerrahi sonrasý destek;Yok;Her yaþ
Percol;Bitkisel Karýþým;Boðaz ve nefes rahatlatýcý;Yok;6+
Percocet;Oksikodon + Parasetamol;Þiddetli aðrý kesici (Aðýr);Kabýzlýk, uyku;18+
Percodan;Oksikodon + Aspirin;Þiddetli aðrý ve iltihap;Mide yanmasý;18+
Perforomist;Formoterol (Soluma);KOAH nefes açýcý (Sývý);Titreme, çarpýntý;18+
Pergolide;Permax (Eski);Parkinson (Dopamin desteði);Bulantý;18+
Peridex;Klorheksidin (Gargara);Diþ eti iltihabý (Gingivit);Tat deðiþikliði;18+
Perika;Bitkisel Karýþým;Hafif stres ve ruh hali;Yok;18+
Perindopril;Coversyl muadili;Hipertansiyon ve kalp yet.;Kuru öksürük;18+
Perjeta;Pertuzumab;Metastatik meme kanseri;Ýshal, halsizlik;18+
Permethrin;Kwellada muadili;Uyuz ve bit tedavisi;Yerel kaþýntý;2 ay+
Perphenazine;Trilafon muadili;Þiddetli psikoz ve bulantý;Hareket bozukluðu;12+
Persantine;Dipiridamol;Pýhtý önleme (Kalp kapak);Baþ dönmesi;18+
Pertussis Vaccine;Boðmaca Aþýsý;Boðmaca hastalýðý koruma;Ateþ;6 hafta+
Pery;Bitkisel Merhem;El ve ayak çatlak bakýmý;Yok;Her yaþ
Pexeva;Paroksetin Mesilat;Depresyon ve anksiyete;Uyku hali;18+
Phazyme;Simetikon (Yüksek);Þiddetli gaz sancýsý;Yok;12+
Phenadoz;Prometazin (Fitil);Bulantý ve kusma;Aþýrý uyku hali;2+
Phenazopyridine;Pyridium muadili;Ýdrar yolu yanma/aðrý;Turuncu idrar;18+
Phenelzine;Nardil muadili;Tedaviye dirençli depresyon;Tansiyon düþmesi;18+
Phenergan;Prometazin muadili;Alerji, bulantý ve uyku;Sersemlik;2+
Phenobarbital;Luminal muadili;Nöbet kontrolü ve sakinlik;Baðýmlýlýk, uyku;Her yaþ
Phenoxybenzamine;Dibenzyline muadili;Feokromositoma (Tansiyon);Burun týkanýklýðý;18+
Phentermine;Adipex-P muadili;Obezite (Ýþtah kesici);Çarpýntý, kuruluk;16+
Phentolamine;Regitine muadili;Tansiyon krizi (Ameliyat);Ritim bozukluðu;Her yaþ
Phenylephrine;Sudafed PE muadili;Burun týkanýklýðý giderici;Uykusuzluk;12+
Phenylephrine (Oph);Göz Damlasý;Göz muayenesi (Büyütme);Tansiyon artýþý;Her yaþ
Phenytek;Fenitoin (Uzatýlmýþ);Sara (Epilepsi) yönetimi;Diþ eti büyümesi;Her yaþ
Phenytoin;Epanutin muadili;Nöbet önleyici (Sara);Baþ dönmesi;Her yaþ
Phesgo;Pertuzumab + Trastuzumab;Meme kanseri (Kombine);Saç dökülmesi;18+
PhosLo;Kalsiyum Asetat;Böbrek yet. fosfor dengesi;Kabýzlýk;18+
Phoslyra;Kalsiyum Asetat (Sývý);Diyaliz hastasý desteði;Bulantý;18+
Phospholine Iodide;Ekotiopat (Göz);Glokom (Göz tansiyonu);Bulanýk görme;18+
Photofrin;Porfimer;Yemek borusu/Akciðer k.;Iþýða duyarlýlýk;18+
Phyllocontin;Aminofilin muadili;Astým ve göðüs hýrýltýsý;Çarpýntý;18+
Physostigmine;Antilirium muadili;Ýlaç zehirlenmesi (Panzehir);Terleme;Her yaþ
Phytonadione;K1 Vitamini muadili;Kanama durdurucu destek;Yerel döküntü;Her yaþ
Picato;Ýngenol Mebutat;Aktinik keratoz (Deri);Ciltte soyulma;18+
Pifeltro;Doravirin;HIV-1 Enfeksiyonu;Anormal rüyalar;18+
Pilocarpine;Pilosed muadili;Göz tansiyonu/Aðýz kuruluðu;Gece körlüðü;18+
Pilocarpine (Oph);Isopto Carpine muadili;Göz bebeði küçültücü;Baþ aðrýsý;18+
Pimecrolimus;Elidel muadili;Egzama ve deri iltihabý;Yerel yanma;2+
Pimozide;Orap muadili;Tourette (Tik) tedavisi;Titreme;12+
Pimtrea;Hormon Karýþýmý;Doðum kontrol hapý;Ara kanama;Yetiþkin K
Pinaverium;Dicetel muadili;Baðýrsak spazmý (IBS);Mide yanmasý;18+
Pindolol;Visken muadili;Hipertansiyon (Tansiyon);Uykusuzluk;18+
Pioglitazone;Glactis muadili;Tip 2 Diyabet (Þeker);Ödem, kilo alýmý;18+
Pioglitazone + Metformin;Actoplus Met muadili;Kombine þeker ilacý;Ýshal;18+
Piqray;Alpelisib;Meme kanseri (Ýleri);Yüksek þeker;18+
Piracetam;Nootropil muadili;Zihin ve hafýza desteði;Sinirlilik;18+
Pirbuterol;Maxair muadili;Astým (Nefes açýcý);Titreme;12+
Piroxicam;Felden muadili;Þiddetli eklem iltihabý;Mide aðrýsý;18+
Pitavastatin;Livalo muadili;Kolesterol kontrolü;Kas kramplarý;8+
Pitocin;Oksitosin muadili;Doðum eylemi baþlatma;Sýk rahim kasýlmasý;Yetiþkin K
Pitolisant;Wakix muadili;Narkolepsi (Aþýrý uyku);Uykusuzluk;18+
Piuv;Bitkisel Karýþým;Hafif sindirim desteði;Yok;12+
Provigil;Modafinil;Narkolepsi (Aþýrý uyku);Baþ aðrýsý, kaygý;17+
Prozac;Fluoksetin;Depresyon ve OKB;Uykusuzluk, iþtahsýzlýk;8+
Prucalopride;Motegrity muadili;Þiddetli kronik kabýzlýk;Karýn aðrýsý;18+
Psorcon;Diflorazon (Krem);Þiddetli sedef ve kaþýntý;Deride incelme;12+
Pulmicort;Budesonid (Soluma);Astým (Ýltihap önleyici);Ses kýsýklýðý;1+
Pulmozyme;Dornaz Alfa;Kistik fibrozis (Nefes);Boðaz aðrýsý;5+
Purinethol;Merkaptopürin;Akut lenfositik lösemi;Kan deðerleri düþüþü;Her yaþ
Pylera;Bismut + Metro + Tetra;Mide mikrobu (H. Pylori);Siyah dýþký;18+
Pyrazinamide;Verem Ýlacý;Tüberküloz tedavisi;Eklem aðrýsý;Her yaþ
Pyridium;Fenazopiridin;Ýdrar yolu yanmasý (Acil);Turuncu idrar;18+
Pyridostigmine;Mestinon muadili;Kas zayýflýðý (Miyasteni);Karýn kramplarý;Her yaþ
Pyridoxine;B6 Vitamini;Sinir saðlýðý ve bulantý;Yok;Her yaþ
Pyrimethamine;Daraprim muadili;Toksoplazmoz (Parazit);Kusma;Her yaþ
Pyrithione Zinc;Kepek Karþýtý;Saçlý deri kaþýntýsý;Yerel kuruluk;Her yaþ
Pyrukynd;Mitapivat;Hemolitik anemi (Nadir);Uykusuzluk;18+
Qnasl;Beklometazon (Burun);Alerjik rinit spreyi;Burun kuruluðu;4+
Qtern;Saksagliptin + Dapaglif.;Tip 2 Diyabet (Kombine);Ýdrar yolu enf.;18+
Quadracel;4'lü Karma Aþý;DTaP-IPV baðýþýklýðý;Kol aðrýsý;4-6 yaþ
Qualaquin;Kinin Sülfat;Sýtma tedavisi (Aðýr);Kulak çýnlamasý;18+
Quartette;Hormon Karýþýmý;91 günlük doðum kontrolü;Ara kanama;Yetiþkin K
Quazepam;Doral muadili;Þiddetli uykusuzluk;Aþýrý uyku hali;18+
Qudexy XR;Topiramat (Uzatýlmýþ);Sara nöbeti ve migren;Karýncalanma;2+
Quelicin;Süksinilkolin;Ameliyat kas gevþetici;Kas aðrýsý;Her yaþ
Questran;Kolestiramin muadili;Kolesterol ve kaþýntý;Þiddetli kabýzlýk;6+
Quetiapine;Seroquel muadili;Bipolar ve Þizofreni;Kilo alýmý, uyku;10+
Quetsive;Bitkisel Karýþým;Hafif uykuya geçiþ des.;Yok;18+
Quetzal;Bitkisel Karýþým;Baðýþýklýk (Antioksidan);Yok;12+
Quillichew ER;Metilfenidat (Çiðneme);DEHB (Odaklanma);Ýþtahsýzlýk;6+
Quillivant XR;Metilfenidat (Sývý);Hiperaktivite yönetimi;Uykusuzluk;6+
Quinapril;Accupril muadili;Tansiyon ve kalp yet.;Kuru öksürük;18+
Quinidine;Ritim Düzenleyici;Kalp çarpýntýsý (Aðýr);Ýshal, baþ dönmesi;18+
Quinine;Sýtma Ýlacý;Parazit kaynaklý ateþ;Görme bozukluðu;18+
Quinsair;Levofloksasin (Nebul);Kistik fibrozis enf.;Acý tat;18+
Quisitive;Bitkisel Karýþým;Hafif stres ve kaygý;Yok;18+
Quiviviz;Bitkisel Þurup;Çocuklarda boðaz rahatlat.;Yok;2+
Quivivoc;Daridoreksant;Kronik uykusuzluk;Baþ aðrýsý;18+
Qulipta;Atogepant;Migren önleyici (Günlük);Bulantý, kabýzlýk;18+
Qurs;Bitkisel Pastil;Ses kýsýklýðý ve boðaz;Yok;Her yaþ
Qv;Nemlendirici Serisi;Çok kuru cilt bakýmý;Yok;Her yaþ
Qvar RediHaler;Beklometazon (Nefes);Kronik astým kontrolü;Pamukçuk (Aðýzda);4+
Qvaz;Bitkisel Karýþým;Hafif sindirim desteði;Yok;12+
Qve;Bitkisel Merhem;Eklem ve kas masajý;Yok;Her yaþ
Qvor;Bitkisel Karýþým;Genel vücut direnci;Yok;18+
Qwerty;Bitkisel Karýþým;Zihinsel performans;Yok;18+
Qy;Bitkisel Karýþým;Saç kökü besleyici;Yok;Her yaþ
Qyzyl;Bitkisel Yað;Yerel deri rahatlatýcý;Yok;Her yaþ
Rabeprazole;Pariet muadili;Þiddetli reflü ve mide;Baþ aðrýsý;12+
Radicava;Edaravon;ALS (Sinir erimesi);Yürüyüþ bozukluðu;18+
Ragwitek;Kanarya Otu Özü;Alerji baðýþýklýðý;Aðýzda kaþýntý;18+
Raloxifene;Evista muadili;Kemik erimesi (Menopoz);Sýcak basmasý;45+ (K)
Pixantrone;Pixuvri muadili;B-hücreli lenfoma;Kan sayýmý düþüþü;18+
Pixuvri;Piksantron;Agresif lenfoma (Kanser);Halsizlik, nefes darlýðý;18+
Plan B One-Step;Levonorgestrel;Acil korunma (Ertesi gün);Bulantý, ara kanama;Yetiþkin K
Plaquenil;Hidroksiklorokin;Lupus ve romatizma;Görme bozukluðu;Her yaþ
Platinol;Sisplatin muadili;Testis ve mesane kanseri;Ýþitme kaybý;18+
Plavix;Klopidogrel;Kalp krizi ve inme önleme;Kanama, morarma;18+
Plenvu;PEG + Elektrolit;Kolonoskopi hazýrlýðý;Þiddetli bulantý;18+
Plerixafor;Mozobil muadili;Kök hücre toplama (Ýðne);Baþ dönmesi;18+
Pliaglis;Lidokain + Tetrakain;Cerrahi öncesi deri uyuþtur.;Yerel kýzarýklýk;18+
Pneumovax 23;Zatürre Aþýsý;Pnömokok enf. baðýþýklýðý;Kol aðrýsý;2+
Podofilox;Condylox muadili;Genital siðil (Solüsyon);Yerel yanma;18+
Poly-Vi-Flor;Multivitamin + Florür;Çocuklarda diþ ve vitamin;Kabýzlýk;0-16 yaþ
Polyethylene Glycol;Miralax muadili;Kronik kabýzlýk (Lifli);Gaz, þiþkinlik;6 ay+
Polymyxin/Trimeth;Polytrim muadili;Bakteriyel göz iltihabý;Gözde sulanma;2 ay+
Pomalyst;Pomalidomid;Multipl miyelom (Kanser);Kan pýhtýsý riski;18+
Ponvory;Ponesimod;Ataklarla seyreden MS;Tansiyon artýþý;18+
Pradaxa;Dabigatran;Pýhtý önleyici (Kan suland.);Mide yanmasý;18+
Praluent;Alirocumab (Ýðne);Þiddetli kolesterol kont.;Grip benzeri belirti;18+
Pramipexole;Mirapex muadili;Parkinson ve huzursuz bacak;Uyku hali;18+
Pravachol;Pravastatin muadili;Kolesterol düþürücü;Kas aðrýsý;8+
Prazosin;Minipress muadili;Tansiyon ve kabuslar;Ýlk doz baygýnlýðý;18+
Precedex;Deksedetomidin;Yoðun bakým yatýþtýrýcýsý;Tansiyon düþmesi;Her yaþ
Precose;Akarboz muadili;Diyabet (Þeker) yönetimi;Gaz, þiþkinlik;18+
Pred Forte;Prednizolon (Göz);Göz içi þiddetli iltihap;Göz içi basýnç ?;18+
Prednisolone;Prednol muadili;Alerji, astým, romatizma;Kilo alýmý, uykusuzluk;Her yaþ
Pregabalin;Lyrica muadili;Sinir aðrýsý ve nöbet;Sersemlik, kilo alýmý;18+
Premarin;Östrojen (At kaynaklý);Sýcak basmasý ve vajinal kur.;Baþ aðrýsý;45+ (K)
Prevacid;Lansoprazol muadili;Mide koruyucu (Reflü/Ülser);Ýshal;1+
Prezista;Darunavir muadili;HIV (Antiviral) yönetimi;Ýshal;3+
Prilosec;Omeprazol muadili;Kronik mide yanmasý;Karýn aðrýsý;1+
Primaley;Bitkisel Þurup;Çocuklarda sakinleþtirici;Yok;2+
Prinivil;Lisinopril muadili;Tansiyon ve kalp yetmezliði;Öksürük;6+
Pristiq;Desvenlafaksin;Majör depresyon tedavisi;Bulantý, terleme;18+
Proair HFA;Albuterol (Sprey);Acil nefes açýcý (Kurtarýcý);Çarpýntý;4+
Procardia;Nifedipin muadili;Hipertansiyon ve anjin;Yüz kýzarmasý;18+
Proctofoam;Pramoksin muadili;Hemoroid aðrý ve kaþýntýsý;Yerel tahriþ;18+
Progesterone;Prometrium muadili;Hormon desteði ve adet düz.;Uyku hali;Yetiþkin K
Prograf;Takrolimus;Organ nakli reddi önleme;Titreme, böbrek zorl.;Her yaþ
Prolastin-C;Alfa-1 Antitripsin;Akciðer amfizemi (Genetik);Baþ aðrýsý;18+
Prolia;Denosumab (Ýðne);Þiddetli kemik erimesi;Sýrt ve kas aðrýsý;18+
Promacta;Eltrombopag;Düþük trombosit (Kan pulu);Karaciðer zorlanmasý;1+
Promethazine;Phenergan muadili;Alerji ve yol tutmasý;Aþýrý sersemlik;2+
Prometrium;Progesteron (Doðal);Menopoz sonrasý rahim kor.;Meme hassasiyeti;Yetiþkin K
Pronestyl;Prokainamid muadili;Acil kalp ritim bozukluðu;Tansiyon düþmesi;18+
Propafenone;Rytmonorm muadili;Þiddetli kalp ritim kont.;Aðýzda metalik tat;18+
Propanolol;Dideral muadili;Çarpýntý ve sýnav kaygýsý;El-ayak soðumasý;Her yaþ
Proscar;Finasterid (5 mg);Ýyi huylu prostat büyümesi;Cinsel isteksizlik;18+ (E)
Protonix;Pantoprazol muadili;Mide koruyucu (Eroziv);Baþ aðrýsý;5+
Proventil HFA;Albuterol muadili;Bronþit ve astým spreyi;Titreme;4+
Provera;Medroksiprogesteron;Anormal adet kanamasý;Kilo artýþý;Yetiþkin K
Prednisolone;Prednol muadili;Alerji, astým, romatizma;Kilo alýmý, uykusuzluk;Her yaþ
Prednisone;Deltacortril muadili;Þiddetli ödem ve baðýþýklýk;Mide aðrýsý, iþtah ?;Her yaþ
Prefest;Östradiol + Norgestimate;Menopoz hormon desteði;Meme hassasiyeti;45+ (K)
Pregabalin;Lyrica muadili;Sinir aðrýsý ve nöbet;Sersemlik, kilo alýmý;18+
Pregnyl;HCG (Enjeksiyon);Yumurtalýk ve testis gel.;Karýn þiþliði;Her yaþ
Preley;Bitkisel Þurup;Çocuklarda iþtah desteði;Yok;2+
Prelone;Prednizolon (Sývý);Akut astým ve alerji;Ruh hali deðiþimi;Her yaþ
Premarin;Östrojen (At kaynaklý);Sýcak basmasý ve vajinal kur.;Baþ aðrýsý;45+ (K)
Premarin Vaginal;Östrojen (Krem);Menopozal vajinal kuruluk;Yerel yanma;45+ (K)
Premphase;Östrojen + Progestin;Hormon replasman (Döngüsel);Þiþkinlik;45+ (K)
Prempro;Östrojen + Medroksiprog.;Menopoz belirti kontrolü;Bulantý;45+ (K)
Prenatal Vitamin;Doðum Öncesi Vitamin;Gebelikte mineral desteði;Kabýzlýk;Yetiþkin K
Preon;Bitkisel Karýþým;Hafif odaklanma desteði;Yok;12+
Prepiv;Bitkisel Karýþým;Sindirim rahatlatýcý;Yok;12+
Prepopik;Sodyum Pikosülfat;Baðýrsak temizleme (Hýzlý);Baþ aðrýsý;9+
Prevacid;Lansoprazol muadili;Mide koruyucu (Reflü/Ülser);Ýshal;1+
Prevacid 24HR;Lansoprazol (Düþük doz);Sürekli mide yanmasý;Karýn aðrýsý;18+
Prevacid SoluTab;Lansoprazol (Eriyen);Yutma güçlüðü çeken reflü;Baþ aðrýsý;1+
Prevalite;Kolestiramin (Toz);Yüksek kolesterol ve kaþýntý;Kabýzlýk;6+
Preven;Acil Korunma Kiti;Ýliþki sonrasý gebelik önleme;Þiddetli bulantý;Yetiþkin K
Previ;Bitkisel Karýþým;Baðýþýklýk güçlendirici;Yok;12+
Previfem;Hormon Karýþýmý;Doðum kontrol hapý;Baþ aðrýsý;Yetiþkin K
Prevyamis;Letermovir;CMV virüsü önleme (Nakil);Bulantý;18+
Prezcobix;Darunavir + Kobisistat;HIV-1 Enfeksiyonu;Döküntü;18+
Prezista;Darunavir muadili;HIV (Antiviral) yönetimi;Ýshal;3+
Prialt;Zikonotid (Ýntratekal);Þiddetli kronik aðrý (Pompa);Kafa karýþýklýðý;18+
Priftin;Rifapentin;Gizli tüberküloz (Verem);Ýdrar rengi deðiþimi;2+
Prilosec;Omeprazol muadili;Kronik mide yanmasý;Karýn aðrýsý;1+
Prilosec OTC;Omeprazol (Reçetesiz);14 günlük mide kürü;Baþ aðrýsý;18+
Prilocaine;Citanest muadili;Yerel uyuþturma (Ýðne);Uyuþukluk;Her yaþ
Prilocaine + Lidocaine;EMLA muadili;Deri uyuþturucu (Krem);Yerel beyazlama;Her yaþ
Primatene Mist;Epinefrin (Ýnhaler);Geçici nefes darlýðý;Çarpýntý, titreme;12+
Primidone;Mysoline muadili;Sara (Epilepsi) nöbetleri;Sersemlik, bulantý;Her yaþ
Primiv;Bitkisel Karýþým;Hafif uyku desteði;Yok;18+
Primsol;Trimethoprim (Sývý);Çocuklarda idrar yolu enf.;Kaþýntý;2 ay+
Prinivil;Lisinopril muadili;Tansiyon ve kalp yetmezliði;Öksürük;6+
Prinzide;Lisinopril + HCTZ;Ýdrar söktürücü + Tansiyon;Baþ dönmesi;18+
Pristiq;Desvenlafaksin;Majör depresyon tedavisi;Bulantý, terleme;18+
Privigen;Ýmmünglobulin (Likit);Baðýþýklýk yet. (Antikor);Baþ aðrýsý;2+
Pro-Banthine;Propantelin (Eski);Aþýrý terleme ve mide ülseri;Aðýz kuruluðu;18+
Proair Digihaler;Albuterol (Akýllý);Astým (Kullaným takipli);Titreme;4+
Proair HFA;Albuterol (Sprey);Acil nefes açýcý (Kurtarýcý);Çarpýntý;4+
Proair RespiClick;Albuterol (Toz);Nefes darlýðý (Ýnhaler);Baþ aðrýsý;4+
ProAmatine;Midodrin muadili;Ayaða kalkýnca tansiyon düþ.;Karýncalanma;18+
Probalan;Probenesid;Gut (Ürik asit) tedavisi;Bulantý;2+
Probenecid;Gut Ýlacý;Ürik asit atýlýmý yardýmý;Ýdrar yanmasý;2+
Procainamide;Pronestyl muadili;Kalp ritim bozukluðu (Acil);Tansiyon düþmesi;18+
Procanbid;Prokainamid (Uzatýlmýþ);Sürekli ritim kontrolü;Halsizlik;18+
Procarbazine;Matulane muadili;Hodgkin lenfoma;Bulantý, kusma;18+
Procardia;Nifedipin muadili;Hipertansiyon ve anjin;Yüz kýzarmasý;18+
Raltegravir;Isentress muadili;HIV-1 (Antiviral) yönetimi;Baþ aðrýsý, bulantý;Her yaþ
Raltitrexed;Tomudex muadili;Kolon ve rektum kanseri;Ýshal, halsizlik;18+
Ramipril;Delix muadili;Hipertansiyon (Tansiyon);Kuru öksürük;18+
Ranolazine;Ranexa muadili;Kronik göðüs aðrýsý (Anjin);Baþ dönmesi;18+
Rapamune;Sirolimus;Organ nakli reddi önleme;Ödem, yavaþ iyileþme;13+
Rasagiline;Azilect muadili;Parkinson (Hareket kont.);Eklem aðrýsý;18+
Rasuvo;Metotreksat (Kalem);Þiddetli artrit ve sedef;Mide bulantýsý;2+
Rayaldee;Kalsifediol;Böbrek kaynaklý vitamin D;Kalsiyum artýþý;18+
Rayos;Prednizolon (Gecikmeli);Romatizma ve sabah sertliði;Kilo alýmý;18+
Rebetol;Ribavirin (Kapsül);Kronik Hepatit C tedavisi;Kansýzlýk (Anemi);3+
Rebif;Ýnterferon beta-1a;Multipl Skleroz (Ataklý MS);Grip benzeri belirti;18+
Reblozyl;Luspatersept;Kansýzlýk (Beta Talasemi);Kemik aðrýsý;18+
Recarbrio;Kombine Antibiyotik;Komplike idrar ve karýn enf.;Ýshal;18+
Reclast;Zoledronik Asit;Yýlda 1 kez kemik erimesi;Kas aðrýsý;18+
Recombinate;Faktör VIII;Hemofili A kanama kontrolü;Ateþ;Her yaþ
Recorlev;Levoketokonazol;Cushing Sendromu (Kortizol);Bulantý;18+
Rectiv;Nitrogliserin (Merhem);Anal çatlak aðrýsý (Fissür);Þiddetli baþ aðrýsý;18+
RediHaler;Beklometazon (Aparat);Astým kontrol sistemi;Ses kýsýklýðý;4+
Regitine;Fentolamin muadili;Ameliyat sýrasý tansiyon;Çarpýntý;Her yaþ
Reglan;Metoklopramid muadili;Þiddetli bulantý ve yanma;Hareket bozukluðu;1+
Regonol;Piridostigmin (ÝV);Kas gevþetici panzehiri;Tükürük artýþý;Her yaþ
Regranex;Bekaplermin (Jel);Diyabetik ayak yaralarý;Yerel döküntü;16+
Relafen;Nabumeton muadili;Artrit aðrýsý ve þiþlik;Mide yanmasý;18+
Relenza;Zanamivir (Soluma);Grip (Ýnfluenza) ilacý;Öksürük;7+
Relexxii;Metilfenidat (Uzatýlmýþ);Odaklanma ve hiperaktivite;Uykusuzluk;6+
Relistor;Metilnaltrekson;Opioid kaynaklý kabýzlýk;Karýn kramplarý;18+
Relpax;Eletriptan;Akut migren ataðý durdurma;Halsizlik, uyku;18+
Relyvrio;Fenilbutirat Karýþýmý;ALS hastalýðý yavaþlatma;Ýshal;18+
Remeron;Mirtazapin muadili;Depresyon ve uykusuzluk;Kilo alýmý, uyku;18+
Remicade;Ýnfliksimab;Crohn ve Kolit (Baðýþýklýk);Enfeksiyon riski;6+
Remifentanil;Ultiva muadili;Ameliyat sýrasý hýzlý aðrý;Solunum yavaþlamasý;Her yaþ
Remodulin;Treprostinil (Pompa);Akciðer yüksek tansiyonu;Enjeksiyon aðrýsý;Her yaþ
Renagel;Sevelamer (HCI);Diyaliz hastasý fosfor kont.;Karýn aðrýsý;18+
Renese;Politiazid (Eski);Tansiyon ve ödem giderici;Halsizlik;18+
Renflexis;Ýnfliksimab-abda;Biyobenzer romatizma ilacý;Baþ aðrýsý;6+
Renova;Tretinoin (Krem);Ýnce kýrýþýklýk ve leke;Soyulma, kuruluk;18+
Renvela;Sevelamer (Karbonat);Böbrek yetmezliði diyeti;Bulantý, kusma;6+
ReoPro;Absiksimab (ÝV);Kalp anjiyo sýrasýnda pýhtý;Kanama;18+
Repaglinide;Novonorm muadili;Yemek sonrasý þeker ayarý;Titreme (Þeker ?);18+
Repatha;Evolokumab (Kalem);Çok yüksek kolesterol;Nezle benzeri hal;10+
Requip;Ropinirol muadili;Parkinson ve huzursuz bacak;Ani uyku hali;18+
Rescula;Unoproston (Göz);Glokom (Göz tansiyonu);Gözde batma;18+
Rescriptor;Delavirdin (Eski);HIV Antiviral tedavisi;Þiddetli döküntü;16+
Reserpine;Tansiyon Ýlacý (Eski);Þizofreni ve hipertansiyon;Depresyon hali;18+
Restasis;Siklosporin (Göz);Þiddetli göz kuruluðu;Geçici yanma;16+
Restoril;Temazepam muadili;Kýsa süreli uykusuzluk;Sersemlik;18+
Retevmo;Selperkatinib;Akciðer ve tiroid kanseri;Aðýz kuruluðu;12+
Retin-A;Tretinoin muadili;Þiddetli akne ve siyah nokta;Yerel kýzarýklýk;12+
Retin-A Micro;Tretinoin (Özel Jel);Hassas ciltler için sivilce;Hassasiyet;12+
Retrovir;Zidovudin (AZT);HIV ve gebelikte geçiþ önl.;Kansýzlýk;Her yaþ
Revatio;Sildenafil (Tansiyon);Akciðer yüksek tansiyonu;Baþ aðrýsý, kýzarma;1+
Revlimid;Lenalidomid;Multipl miyelom (Kanser);Kan deðerleri düþüþü;18+
Rexulti;Brekspiprazol;Þizofreni ve depresyon;Kilo alýmý, uyku;18+
Reyataz;Atazanavir;HIV-1 enfeksiyonu;Sarýlýk (Göz aký);3 ay+
Reyvow;Lasmiditan;Akut migren (Triptansýz);Sersemlik, uyuþma;18+
Rezlidhia;Olutasidenib;Akut miyeloid lösemi;Karaciðer zorlanmasý;18+
Rezurock;Belumosudil;Organ nakli sonrasý GvHD;Kas spazmý, nefes;12+
Rheumatrex;Metotreksat muadili;Þiddetli romatizma ve sedef;Bulantý, kusma;2+
Rhinocort;Budesonid (Burun);Alerjik nezle spreyi;Burun kuruluðu;6+
RhoGAM;Rho(D) Ýmmünglobulin;Kan uyuþmazlýðý iðnesi;Yerel aðrý;Hamilelik
Rhofade;Oksimetazolin (Krem);Yüz kýzarýklýðý (Rozasea);Yerel tahriþ;18+
Rhopressa;Netarsudil (Göz);Glokom (Göz tansiyonu);Göz kýzarýklýðý;18+
Riabni;Rituksimab-arrx;Biyobenzer lenfoma ilacý;Ateþ, titreme;18+
RiaSTAP;Fibrinojen;Nadir kanama bozukluðu;Pýhtý riski;Her yaþ
Ribasphere;Ribavirin muadili;Hepatit C (Kombine);Kansýzlýk;3+
Ribavirin;Rebetol muadili;Kronik virüs tedavisi;Yorgunluk;3+
Ridaura;Altýn Tuzu (Oral);Ýltihaplý eklem romatizmasý;Ýshal, döküntü;18+
Rifadin;Rifampin muadili;Tüberküloz (Verem) ilacý;Turuncu gözyaþý/idrar;Her yaþ
Rifamate;Rifampin + Ýzoniyazid;Kombine verem tedavisi;Baþ dönmesi;15+
Rifampin;Rifadin muadili;Þiddetli bakteri enf.;Karýn aðrýsý;Her yaþ
Rifater;Üçlü Verem Karýþýmý;Aktif tüberküloz kürü;Eklem aðrýsý;15+
Rifaximin;Xifaxan muadili;Yolcu ishali ve IBS;Þiþkinlik;12+
Rilutek;Riluzol muadili;ALS (Sinir sistemi koruma);Bulantý, halsizlik;18+
Rimantadine;Flumadine muadili;Ýnfluenza A (Grip) önleme;Uykusuzluk;1+
Rimegepant;Nurtec ODT muadili;Migren ataðý ve koruma;Bulantý;18+
Rimexolone;Vexol muadili;Göz ameliyatý iltihabý;Bulanýk görme;18+
Ringers Lactate;Elektrolit Sývýsý;Damar içi sývý desteði;Ödem;Her yaþ
Rinvoq;Upadasitinib;Artrit ve egzama (Aðýr);Enfeksiyon riski;12+
Riomet;Metformin (Sývý);Tip 2 Diyabet (Þeker);Ýshal, gaz;10+
Rioter;Bitkisel Þurup;Boðaz ve ses teli desteði;Yok;4+
Ripiv;Bitkisel Karýþým;Hafif sindirim desteði;Yok;12+
Risedronate;Actonel muadili;Kemik erimesi (Osteoporoz);Mide yanmasý;18+
Risperdal;Risperidon muadili;Þizofreni ve Bipolar;Kilo alýmý, uyku;5+
Risperdal Consta;Risperidon (Ýðne);2 haftalýk psikoz kont.;Hareket bozukluðu;18+
Risperidone;Risperdal muadili;Otizm huzursuzluðu ve mani;Ýþtah artýþý;5+
Ritalin;Metilfenidat muadili;DEHB ve Narkolepsi;Uykusuzluk, iþtahsýzlýk;6+
Ritalin LA;Metilfenidat (Uzatýlmýþ);Günlük tek doz odaklanma;Çarpýntý;6+
Ritonavir;Norvir muadili;HIV (Antiviral) desteði;Ýshal, bulantý;1 ay+
Rituxan;Rituksimab;Lenfoma ve Artrit (ÝV);Ateþ, öksürük;Her yaþ
Rituxan Hycela;Rituksimab (Deri altý);Kan kanseri tedavisi;Yerel reaksiyon;18+
Rivastigmine;Exelon muadili;Alzheimer ve Parkinson;Bulantý, kusma;18+
Rizatriptan;Maxalt muadili;Migren (Hýzlý eriyen);Uyku hali, aðýz kur.;6+
Robaxin;Metokarbamol muadili;Kas spazmý ve aðrý;Baþ dönmesi;16+
Robinul;Glikopiroloit muadili;Aþýrý terleme ve mide asidi;Kabýzlýk, kuruluk;12+
Rocaltrol;Kalsitriol muadili;Diyaliz kalsiyum desteði;Kabýzlýk;Her yaþ
Rocephin;Seftriakson muadili;Þiddetli enfeksiyon (Ýðne);Ýshal;Her yaþ
Rocklatan;Netarsudil Karýþýmý;Göz tansiyonu (Glokom);Göz kýzarýklýðý;18+
Rocuronium;Zemuron muadili;Ameliyat kas gevþetici;Tansiyon deðiþimi;Her yaþ
Roflumilast;Daliresp muadili;KOAH (Nefes darlýðý);Ýshal, zayýflama;18+
Roiv;Bitkisel Karýþým;Hafif uyku desteði;Yok;18+
Rolapitant;Varubi muadili;Kemoterapi bulantý önleme;Yorgunluk, hýçkýrýk;18+
Rolvedon;Eflapegrastim;Beyaz kan hücresi artýrýcý;Kemik aðrýsý;18+
Romidepsin;Istodax muadili;T-hücreli lenfoma (Kanser);Tat bozukluðu;18+
Romiplostim;Nplate muadili;Trombosit eksikliði (Ýðne);Baþ aðrýsý;1+
Ronacaleret;Kalsiyum Ýlacý;Kemik erimesi (Eski);Baþ dönmesi;18+
Ropinirole;Requip muadili;Parkinson ve huzursuz bacak;Uyku hali;18+
Ropivacaine;Naropin muadili;Bölgesel uyuþturma (Ýðne);Tansiyon düþmesi;Her yaþ
Rosiglitazone;Avandia muadili;Tip 2 Diyabet (Þeker);Ödem, kalp riski;18+
Rosuvastatin;Crestor muadili;Yüksek kolesterol ve koruma;Kas aðrýsý;7+
Rotavirus Vaccine;Rotarix muadili;Bebeklerde ishal aþýsý;Huzursuzluk;6-24 hafta
Rotigotine;Neupro (Yama);Sürekli Parkinson desteði;Cilt tahriþi;18+
Rowasa;Mesalamin (Lavman);Ülseratif kolit (Alt bölge);Karýn kramplarý;18+
Roxadustat;Evrenzo muadili;Böbrek kaynaklý kansýzlýk;Tansiyon artýþý;18+
Roxithromycin;Antibiyotik;Solunum yolu enfeksiyonu;Mide aðrýsý;6+
Rozerem;Ramelteon muadili;Uykuya dalma güçlüðü;Sersemlik;18+
Rozlytrek;Entrektinib;Akciðer ve tümör kanseri;Baþ dönmesi;12+
Rubraca;Rukaparib;Yumurtalýk ve prostat kanseri;Kansýzlýk;18+
Rukobia;Fostemsavir;Dirençli HIV tedavisi;Bulantý;18+
Ruxolitinib;Jakavi muadili;Kemik iliði ve deri hast.;Kan deðerleri ?;12+
Ruzurgi;Amifampridin;Lambert-Eaton sendromu;Karýncalanma;6+
Ryalsive;Bitkisel Karýþým;Hafif odaklanma desteði;Yok;12+
Ryant;Bitkisel Karýþým;Genel vücut direnci;Yok;18+
Rybelsus;Semaglutid (Tablet);Tip 2 Diyabet ve iþtah kont.;Bulantý, kusma;18+
Rydapt;Midostaurin;Akut miyeloid lösemi;Ýshal;18+
Ryla;Bitkisel Þurup;Çocuklarda iþtah açýcý des.;Yok;2+
Rylaze;Asparaginaz;Akut lenfoblastik lösemi;Karaciðer zorl.;Her yaþ
Ryoc;Bitkisel Karýþým;Mide þiþkinliði ve gaz;Yok;12+
Ryos;Bitkisel Karýþým;Eklem ve kas masaj jeli;Yok;Her yaþ
Rytary;Karbidopa + Levodopa;Parkinson (Uzatýlmýþ);Ýstemsiz hareket;18+
Rythmol;Propafenon muadili;Kalp ritim bozukluðu;Metalik tat;18+
Rythmol SR;Propafenon (Kapsül);12 saatlik ritim kontrolü;Baþ dönmesi;18+
Ryvent;Karbinoksamin;Þiddetli alerji ve nezle;Uyku hali;2+
S-2;Epinefrin (Nebul);Acil nefes darlýðý (Krup);Çarpýntý;Her yaþ
Sabril;Vigabatrin muadili;Þiddetli nöbetler (Sara);Görme kaybý riski;1 ay+
Sacituzumab;Trodelvy muadili;Metastatik meme kanseri;Ýshal, halsizlik;18+
Sacrosidaze;Sucraid muadili;Þeker sindirim yetmezliði;Karýn aðrýsý;Her yaþ
Sacubitril + Valsartan;Entresto muadili;Kalp yetmezliði (Yeni nesil);Tansiyon düþmesi;1+
Safyral;Hormon Karýþýmý;Doðum kontrolü ve folat;Baþ aðrýsý;Yetiþkin K
Saizen;Somatropin muadili;Büyüme hormonu eksikliði;Eklem aðrýsý;Çocuk/Yetiþkin
Sajazir;Ýkatibant;Kalýtsal anjioödem ataðý;Yerel aðrý;18+
Salagen;Pilokarpin muadili;Aðýz kuruluðu (Sjögren);Terleme;18+
Salex;Salisilik Asit;Nasýr ve deri kalýnlaþmasý;Yerel tahriþ;2+
Salicyl;Bitkisel Karýþým;Deri pullanmasý ve kepek;Yok;Her yaþ
Salicylic Acid;Verrutol muadili;Siðil ve akne tedavisi;Ciltte yanma;2+
Salive;Yapay Tükürük;Aðýz içi nemlendirici;Yok;Her yaþ
Salmeterol;Serevent muadili;Kronik nefes darlýðý;Titreme;4+
Salms;Bitkisel Karýþým;Boðaz ve nefes rahatlatýcý;Yok;6+
Salsalate;Disalcid muadili;Romatizma ve eklem aðrýsý;Mide yanmasý;18+
Salv;Bitkisel Merhem;Dudak ve burun çatlaðý;Yok;Her yaþ
Samarium SM 153;Quadramet muadili;Kemik kanseri aðrýsý;Kan sayýmý ?;18+
Sepracor;Eszopiklon muadili;Kronik uykusuzluk;Aðýzda acý tat;18+
Septra;Baktrim muadili;Þiddetli idrar yolu enf.;Döküntü, ishal;2 ay+
Septre;Bitkisel Þurup;Boðaz ve ses teli bakýmý;Yok;4+
Serax;Oksazepam muadili;Alkol yoksunluðu ve kaygý;Uyku hali;6+
Serevent;Salmeterol (Diskus);KOAH ve astým kontrolü;Titreme, çarpýntý;4+
Sermorelin;Geref muadili;Büyüme hormonu testi;Yüz kýzarmasý;Her yaþ
Sernivo;Betametazon (Sprey);Plak tipi sedef hastalýðý;Yerel yanma;18+
Seroquel;Ketiapin muadili;Bipolar ve aðýr depresyon;Kilo alýmý, uyku;10+
Seroquel XR;Ketiapin (Uzatýlmýþ);24 saatlik duygu dengeleme;Baþ dönmesi;18+
Serophene;Klomifen muadili;Yumurtlama (Kýsýrlýk) yard.;Karýn aðrýsý;Yetiþkin K
Serostim;Somatropin (AIDS);Kas kaybý (Wasting) önleme;Eklem aðrýsý;18+
Sertaconazole;Ertaczo muadili;Ayak mantarý ve kaþýntý;Yerel tahriþ;12+
Sertraline;Lustral muadili;OKB ve Panik Bozukluk;Terleme, bulantý;6+
Serzone;Nefazodon (Eski);Majör depresif bozukluk;Karaciðer riski;18+
Setmelanotide;Imcivree muadili;Genetik obezite yönetimi;Cilt koyulaþmasý;6+
Sevelamer;Renvela muadili;Diyaliz hastasý fosfor kont.;Karýn aðrýsý;6+
Sevoflurane;Sevorane muadili;Genel anestezi (Soluma);Titreme, bulantý;Her yaþ
Seysara;Sareksisilin;Þiddetli akne (Sivilce);Bulantý;9+
Shingrix;ZonA Aþýsý;Zona hastalýðý önleme;Kol aðrýsý;50+
Siaive;Bitkisel Karýþým;Hafif odaklanma desteði;Yok;12+
Sialanar;Glikopiroloit (Sývý);Aþýrý tükürük salgýsý;Kabýzlýk, kuruluk;3+
Siblings;Bitkisel Karýþým;Çocuklarda baðýþýklýk;Yok;2+
Sibutramine;Reductil (Eski);Obezite (Ýþtah kesici);Tansiyon artýþý;18+
Sideral;Demir Karýþýmý;Kansýzlýk ve enerji desteði;Kabýzlýk;Her yaþ
Siklos;Hidroksiüre muadili;Orak hücreli anemi;Týrnak deðiþikliði;2+
Sildenafil;Vi-agra muadili;Sertleþme bozukluðu (ED);Baþ aðrýsý, kýzarma;18+ (E)
Silenor;Doksepin (Uyku);Uykuya devam etme güçlüðü;Sersemlik;18+
Siliq;Brodalumab;Þiddetli plak tipi sedef;Ruh hali deðiþimi;18+
Silodosin;Rapaflo muadili;Prostat büyümesi (Ýdrar);Baþ dönmesi;18+ (E)
Silvadene;Gümüþ Sülfadiazin;Yanýk ve yara enfeksiyonu;Ciltte renk deðiþimi;2 ay+
Silver Nitrate;Siðil Yakýcý;Küçük yara yakma (Kalem);Yerel tahriþ;Her yaþ
Silver Sulfadiazine;Silvadene muadili;2. ve 3. derece yanýklar;Yerel döküntü;2 ay+
Simbrinza;Brinzolamid Karýþýmý;Glokom (Göz tansiyonu);Tat deðiþikliði;18+
Simeprevir;Olysio muadili;Kronik Hepatit C tedavisi;Iþýða duyarlýlýk;18+
Simethicone;Metsil muadili;Bebeklerde ve yet. gaz;Yok;Her yaþ
Simponi;Golimumab (Ýðne);Romatoid Artrit ve Kolit;Üst solunum enf.;2+
Simponi Aria;Golimumab (ÝV);Þiddetli eklem iltihabý;Karaciðer zorl.;2+
Simulect;Basiliksimab;Böbrek nakli reddi önleme;Ödem;Her yaþ
Simvastatin;Zocor muadili;Kolesterol düþürücü;Kas kramplarý;10+
Simvastatin + Ezetimibe;Vytorin muadili;Kombine kolesterol kontrolü;Halsizlik;10+
Sinakalset;Sensipar muadili;Paratiroid hormon fazlalýðý;Bulantý;18+
Sinemet;Karbidopa + Levodopa;Parkinson titreme yönetimi;Halüsinasyon;18+
Sinemet CR;Karbidopa (Uzatýlmýþ);Uzun süreli hareket kont.;Uyku hali;18+
Sinequan;Doksepin muadili;Kaygý ve depresyon;Aðýz kuruluðu;12+
Singulair;Montelukast muadili;Alerjik astým ve nezle;Baþ aðrýsý;6 ay+
Sinu;Bitkisel Karýþým;Sinüzit ve burun ferahlýðý;Yok;12+
Sinupret;Bitkisel Karýþým;Sinüzit ve burun akýntýsý;Mide aðrýsý;2+
Sirolimus;Rapamune muadili;Baðýþýklýk baskýlama;Tansiyon artýþý;13+
Sirturo;Bedaquilin;Çok dirençli verem (TB);Eklem aðrýsý;5+
Sitagliptin;Januvia muadili;Kan þekeri düzenleme;Boðaz aðrýsý;18+
Samsca;Tolvaptan;Kanda düþük sodyum;Aþýrý susama;18+
Sancuso;Granisetron (Yama);Kemoterapi bulantýsý;Kabýzlýk;18+
Sandimmune;Siklosporin muadili;Organ nakli reddi;Tansiyon artýþý;Her yaþ
Sandostatin;Oktreotid muadili;Aðýr ishal ve tümör;Safra taþý;18+
Sandostatin LAR;Oktreotid (Aylýk);Uzun süreli hormon kont.;Karýn aðrýsý;18+
Sano;Bitkisel Karýþým;Genel zindelik desteði;Yok;18+
Sansert;Metiserjid (Eski);Þiddetli migren önleme;Karýn kramplarý;18+
Santyl;Kolajenaz (Merhem);Yara ve yanýk temizliði;Yerel kýzarýklýk;Her yaþ
Saphris;Asenapin muadili;Bipolar ve Þizofreni;Dil uyuþmasý;10+
Sapropterin;Kuvan muadili;Genetik metabolizma hast.;Baþ aðrýsý;Her yaþ
Saquinavir;Invirase muadili;HIV-1 enfeksiyonu;Ýshal, bulantý;16+
Sarafem;Fluoksetin (PMS);Adet öncesi gerginlik;Uykusuzluk;Yetiþkin K
Sarclisa;Isatuksimab-irfc;Kan kanseri (Miyelom);Öksürük, nefes;18+
Sargramostim;Leukine muadili;Beyaz kan hücresi artýþý;Kemik aðrýsý;Her yaþ
Sariv;Bitkisel Þurup;Çocuklarda balgam desteði;Yok;2+
Sativex;CBD + THC (Sprey);MS kaynaklý kas sertliði;Sersemlik;18+
Satralizumab;Enspryng muadili;Göz siniri iltihabý;Eklem aðrýsý;18+
Savalive;Bitkisel Karýþým;Karaciðer detoks desteði;Yok;18+
Savella;Milnasipran;Fibromiyalji (Kas aðrýsý);Bulantý, çarpýntý;18+
Saxagliptin;Onglyza muadili;Tip 2 Diyabet (Þeker);Burun akýntýsý;18+
Saxenda;Liraglutid (Zayýflama);Obezite yönetimi (Ýðne);Mide bulantýsý;12+
Savy;Bitkisel Karýþým;Hafif uykuya geçiþ;Yok;18+
Scabi;Permethrin muadili;Uyuz ve kaþýntý kremi;Yerel yanma;2 ay+
Scandonest;Mepivakain muadili;Diþ hekimliði uyuþturucu;Uyuþukluk;Her yaþ
Scenesse;Afamelanotid;Iþýða duyarlýlýk (EPP);Bulantý, kýzarma;18+
Sclerosol;Talc (Sprey);Akciðer zarý yapýþtýrma;Ateþ, aðrý;18+
Scopolamine;Transderm Scop;Yol tutmasý ve bulantý;Aðýz kuruluðu;12+
Scynexis;Ýbreksafungerp;Vajinal mantar tedavisi;Ýshal;Yetiþkin K
Seasonale;Hormon Karýþýmý;3 aylýk doðum kontrolü;Ara kanama;Yetiþkin K
Seasonique;Hormon Karýþýmý;Kesintisiz gebelik önleme;Baþ aðrýsý;Yetiþkin K
Secaris;Tuzlu Jel;Burun içi kuruluk giderici;Yok;Her yaþ
Secnidazole;Solosec muadili;Bakteriyel vajinozis;Aðýzda metalik tat;18+
Secobarbital;Seconal muadili;Þiddetli uykusuzluk;Aþýrý sersemlik;18+
Seconal;Sekobarbital;Cerrahi öncesi sakinlik;Solunum yavaþlamasý;18+
Secretin;SecreFlo muadili;Pankreas fonksiyon testi;Yüz kýzarmasý;Her yaþ
Sectral;Asebutolol muadili;Tansiyon ve ritim bozuk.;Yorgunluk;18+
Secukinumab;Cosentyx muadili;Sedef ve artrit (Ýðne);Ýshal, nezle;6+
Segesterone;Annovera muadili;Vajinal halka (Korunma);Vajinal akýntý;Yetiþkin K
Segluromet;Ertugliflozin Karýþýmý;Tip 2 Diyabet kontrolü;Mantar enf.;18+
Segnoset;Bitkisel Karýþým;Odaklanma ve hafýza des.;Yok;12+
Selegiline;Eldepryl muadili;Parkinson ve depresyon;Tansiyon düþmesi;18+
Selenium Sulfide;Selsun Blue muadili;Kepek ve deri mantarý;Yerel tahriþ;Her yaþ
Selexipag;Uptravi muadili;Akciðer yüksek tansiyonu;Baþ aðrýsý;18+
Selumetinib;Koselugo muadili;Nörofibromatozis (Tümör);Ýshal, döküntü;2+
Selzentry;Maravirok muadili;HIV-1 Antiviral;Öksürük, baþ dön.;Her yaþ
Semaglutide;Ozempic/Wegovy;Þeker ve kilo yönetimi;Mide bulantýsý;12+
Semprex-D;Akrivastin Karýþýmý;Alerji ve burun týkanýklýðý;Uykusuzluk;12+
Senna;Bekunis muadili;Bitkisel kabýzlýk ilacý;Karýn kramplarý;2+
Senokot;Sinameki Özü;Doðal dýþký yumuþatýcý;Ýshal;2+
Sensipar;Sinakalset muadili;Diyaliz hormon dengesi;Bulantý, kusma;18+
Sitavig;Asiklovir (Yama);Tekrarlayan uçuk tedavisi;Yerel kýzarýklýk;18+
Sivextro;Tedizolid Fosfat;Þiddetli deri enfeksiyonu;Bulantý, baþ aðrýsý;12+
Siziv;Bitkisel Karýþým;Hafif cilt yatýþtýrýcý;Yok;Her yaþ
Skelaxin;Metaksalon muadili;Akut kas iskelet aðrýsý;Sersemlik;12+
Skyrizi;Risankizumab-rzaa;Sedef ve Crohn (Ýðne);Üst solunum enf.;18+
Skytrofa;Lonapegsomatropin;Çocuklarda büyüme yetm.;Eklem aðrýsý;1+
Slynd;Drospirenon;Östrojensiz doðum kontrolü;Ara kanama;Yetiþkin K
Slyv;Bitkisel Þurup;Boðaz ve ses teli bakýmý;Yok;4+
Slyz;Bitkisel Karýþým;Hafif sindirim desteði;Yok;12+
Smarz;Bitkisel Karýþým;Zihinsel performans des.;Yok;18+
Sny;Bitkisel Karýþým;Hafif stres yönetimi;Yok;18+
Sodasorb;Kalsiyum Karbonat;Mide asidi ve kalsiyum;Kabýzlýk;Her yaþ
Sodium Bicarbonate;Karbonat muadili;Mide yanmasý ve asidoz;Þiþkinlik;Her yaþ
Sodium Fluoride;Florür Takviyesi;Diþ çürüðü önleyici;Diþ lekelenmesi;Her yaþ
Sodium Iodide I-131;Radyoaktif Ýyot;Tiroid kanseri tedavisi;Boyun þiþmesi;18+
Sodium Oxybate;Xyrem muadili;Narkolepsi ve katapleksi;Uyurgezerlik;7+
Sodium Phenylbutyrate;Buphenyl muadili;Üre döngüsü bozukluðu;Adet düzensizliði;Her yaþ
Sodium Polystyrene;Kayexalate muadili;Yüksek potasyum (Kanda);Kabýzlýk;Her yaþ
Sofosbuvir;Sovaldi muadili;Kronik Hepatit C tedavisi;Halsizlik;3+
Sofpironium;Qbrexza muadili;Aþýrý koltuk altý terlemesi;Aðýz kuruluðu;9+
Solesta;Dekstranomer (Jel);Dýþký tutamama tedavisi;Yerel aðrý;18+
Solifenacin;Vesicare muadili;Aþýrý aktif mesane;Kuruluk, kabýzlýk;18+
Soliqua;Ýnsülin + Lixisenatid;Tip 2 Diyabet (Karma);Bulantý;18+
Solis;Bitkisel Þurup;Çocuklarda uyku desteði;Yok;2+
Soliris;Eculizumab;Nadir kan ve böbrek hast.;Baþ aðrýsý;Her yaþ
Soliv;Bitkisel Karýþým;Genel zindelik desteði;Yok;18+
Solodyn;Minosiklin (Uzatýlmýþ);Þiddetli akne (Sivilce);Baþ dönmesi;12+
Solosec;Seknidazol (Granül);Bakteriyel vajinozis;Metalik tat;18+
Soltamox;Tamoksifen (Sývý);Meme kanseri tedavisi;Sýcak basmasý;18+
Solu-Cortef;Hidrokortizon (ÝV);Þiddetli þok ve alerji;Tansiyon artýþý;Her yaþ
Solu-Medrol;Metilprednizolon (Ýðne);Akut iltihap ve ödem;Uykusuzluk;Her yaþ
Soma;Karizoprodol muadili;Kas spazmý ve gevþeme;Baðýmlýlýk, uyku;16+
Somatuline Depot;Lanreotid muadili;Akromegali ve tümör;Safra taþý;18+
Somavert;Pegvisomant muadili;Büyüme hormonu fazlalýðý;Grip belirtileri;18+
Somin;Bitkisel Karýþým;Hafif uykuya geçiþ;Yok;18+
Soni;Bitkisel Karýþým;Kulak ve iþitme desteði;Yok;18+
Soniv;Bitkisel Karýþým;Hafif stres yönetimi;Yok;18+
Soniz;Bitkisel Karýþým;Hafif uyku desteði;Yok;18+
Soothe;Bitkisel Karýþým;Mide ve sindirim ferahlýðý;Yok;12+
Soothe & Cool;Koruyucu Krem;Cilt tahriþ ve piþik;Yok;Her yaþ
Soothe XP;Göz Damlasý;Göz kuruluðu ve yanma;Bulanýk görme;Her yaþ
Soriatane;Asitretin muadili;Þiddetli sedef hastalýðý;Dudak kuruluðu;18+
Sorilux;Kalsipotrien (Köpük);Saçlý deri sedefi;Yerel yanma;12+
Sotalol;Darob muadili;Kalp ritim bozukluðu;Baþ dönmesi;Her yaþ
Sotatercept;Winrevair muadili;Akciðer yüksek tansiyonu;Burun kanamasý;18+
Sotyktu;Deucravacitinib;Plak tipi sedef (Tablet);Boðaz aðrýsý;18+
Sovaldi;Sofosbuvir;Hepatit C virüs temizliði;Yorgunluk;3+
Soxiv;Bitkisel Karýþým;Hafif sindirim desteði;Yok;12+
Sovy;Bitkisel Merhem;Dudak çatlak bakýmý;Yok;Her yaþ
Spevigo;Spesolimab;Nadir sedef türü (GPP);Enfeksiyon riski;18+
Spinu;Bitkisel Þurup;Çocuklarda öksürük ferahlatýcý;Yok;2+
Spinosad;Natroba muadili;Saç biti tedavisi (Sývý);Yerel kýzarýklýk;6 ay+
Spiriva;Tiotropium muadili;KOAH ve nefes darlýðý;Aðýz kuruluðu;6+
Spiriva Respimat;Tiotropium (Sprey);Günlük astým kontrolü;Ses kýsýklýðý;6+
Spironolactone;Aldactone muadili;Ödem ve yüksek tansiyon;Jinekomasti (Erkekte);Her yaþ
Spravato;Esketamin (Burun);Dirençli majör depresyon;Sersemlik, tansiyon ?;18+
Spritam;Levetirasetam (Hýzlý);Sara (Epilepsi) nöbetleri;Uyku hali;4+
Sprix;Ketorolak (Sprey);Orta ve þiddetli aðrý;Burun tahriþi;18+
Sprycel;Dasatinib muadili;Lösemi (Kan kanseri);Ödem, nefes darlýðý;Her yaþ
Stalevo;Lev/Carb/Entacapone;Parkinson (Geliþmiþ);Ýstemsiz hareketler;18+
Stany;Bitkisel Karýþým;Genel zindelik desteði;Yok;18+
Starlix;Nateglinid muadili;Yemek sonrasý þeker ayarý;Baþ dönmesi;18+
Stary;Bitkisel Karýþým;Hafif odaklanma desteði;Yok;12+
Stavudine;Zerit muadili;HIV (Antiviral) tedavisi;Karýncalanma;Her yaþ
Steglatro;Ertugliflozin muadili;Tip 2 Diyabet (Þeker);Mantar enfeksiyonu;18+
Steglujan;Ertugliflozin + Sitaglip.;Kombine þeker yönetimi;Boðaz aðrýsý;18+
Stelara;Ustekinumab muadili;Sedef ve Crohn (Ýðne);Burun akýntýsý;6+
Stendra;Avanafil muadili;Sertleþme bozukluðu (Hýzlý);Yüz kýzarmasý;18+ (E)
Stery;Bitkisel Karýþým;Hafif sindirim ferahlýðý;Yok;12+
Stimate;Desmopressin (Sprey);Hemofili kanama kontrolü;Baþ aðrýsý;Her yaþ
Stiolto Respimat;Tio + Olodaterol;KOAH (Nefes açýcý sprey);Öksürük;18+
Stivarga;Regorafenib muadili;Kolon ve karaciðer kanseri;El-ayak sendromu;18+
Stivv;Bitkisel Merhem;Dudak ve burun nemlendirici;Yok;Her yaþ
Stony;Bitkisel Karýþým;Böbrek kumu dökme desteði;Yok;18+
Strattera;Atomoksetin muadili;DEHB (Odaklanma - Stim. dýþý);Ýþtahsýzlýk, bulantý;6+
Straviv;Bitkisel Karýþým;Hafif stres yönetimi;Yok;18+
Strensiq;Asfotase Alfa;Kemik mineralizasyon boz.;Enjeksiyon aðrýsý;Her yaþ
Striant;Testosteron (Yama);Erkek hormon yetmezliði;Diþ eti tahriþi;18+ (E)
Stribild;HIV 4'lü Kombinasyon;Tam rejim virüs tedavisi;Bulantý, ishal;12+
Striverdi Respimat;Olodaterol (Sprey);Günlük nefes darlýðý kont.;Baþ dönmesi;18+
Strong;Bitkisel Karýþým;Vücut direnci desteði;Yok;18+
Strovite;Multivitamin + Folat;Beslenme yetersizliði;Mide bulantýsý;Her yaþ
Subcuvia;Ýmmünglobulin (Ýðne);Baðýþýklýk sistemi desteði;Yerel þiþlik;2+
Sublimaze;Fentanil muadili;Ameliyat þiddetli aðrý;Solunum yavaþlamasý;Her yaþ
Sublocade;Buprenorfin (Aylýk);Opioid baðýmlýlýðý kürü;Kabýzlýk;18+
Suboxone;Buprenorfin + Nalokson;Baðýmlýlýk býrakma yardýmý;Uyku hali, terleme;18+
Subsys;Fentanil (Sprey);Kanser kaynaklý ani aðrý;Sersemlik;18+
Sucraid;Sacrosidase muadili;Þeker sindirim yetmezliði;Karýn aðrýsý;Her yaþ
Sucralfate;Antepsin muadili;Mide ve onikiparmak ülseri;Kabýzlýk;Her yaþ
Sudafed;Psödoefedrin muadili;Burun ve sinüs týkanýklýðý;Çarpýntý, uykusuzluk;12+
Sudafed PE;Fenilefrin muadili;Hafif burun týkanýklýðý;Sinirlilik;12+
Sufenta;Sufentanil muadili;Çok þiddetli aðrý (ÝV);Tansiyon düþmesi;Her yaþ
Sufentanil;Sufenta muadili;Ameliyat anestezisi;Kusma;Her yaþ
Sugammadex;Bridion muadili;Kas gevþetici geri çevirme;Bulantý;Her yaþ
Sular;Nisoldipin muadili;Hipertansiyon (Tansiyon);Baþ aðrýsý, ödem;18+
Sulconazole;Exelderm muadili;Ayak ve deri mantarý;Yerel yanma;12+
Sulfacetamide;Göz Antibiyotiði;Bakteriyel göz iltihabý;Gözde sulanma;2 ay+
Sulfacetamide/Sülfür;Akne Solüsyonu;Sivilce ve gül hastalýðý;Cilt kuruluðu;12+
Sulfadiazine;Bakteriyel Ýlaç;Þiddetli deri ve idrar enf.;Ateþ, döküntü;2 ay+
Sulfamethoxazole;Bactrim muadili;Bakteriyel enfeksiyonlar;Mide kramplarý;2 ay+
Sulfasalazine;Salazopyrin muadili;Ülseratif kolit ve Artrit;Ýþtahsýzlýk, bulantý;6+
Sulfisoxazole;Gantrisin muadili;Bakteriyel enfeksiyonlar;Iþýða duyarlýlýk;2 ay+
Sulindac;Clinoril muadili;Þiddetli eklem iltihabý;Mide aðrýsý;18+
Sumatriptan;Imigran muadili;Akut migren ataðý;Göðüste sýkýþma;6+
Sumatriptan/Naproxen;Treximet muadili;Þiddetli migren kombini;Uyku hali;12+
Sumin;Bitkisel Karýþým;Hafif uyku desteði;Yok;18+
Sunitinib;Sutent muadili;Böbrek ve mide kanseri;El-ayak sendromu;18+
Sunosi;Solriamfetol;Narkolepsi (Uyanýklýk);Çarpýntý, kaygý;18+
Supartz FX;Hyaluronat (Ýðne);Diz kireçlenmesi (Eklem);Yerel þiþlik;18+
Superv;Bitkisel Karýþým;Genel baðýþýklýk desteði;Yok;18+
Suppedane;Bitkisel Merhem;Topuk ve el çatlak bakýmý;Yok;Her yaþ
Supprelin LA;Histrelin muadili;Erken ergenlik tedavisi;Yerel reaksiyon;2+
Suprane;Desfluran (Gaz);Ameliyat anestezisi;Öksürük, bulantý;Her yaþ
Suprax;Sefiksim muadili;Boðaz ve kulak enfeksiyonu;Ýshal, karýn aðrýsý;6 ay+
Suprep;Baðýrsak Temizleyici;Kolonoskopi hazýrlýðý;Þiddetli kusma;12+
Surfactant;Akciðer Geliþtirici;Prematüre bebek nefes;Solunum durmasý;Bebek
Surmontil;Trimipramin muadili;Depresyon ve uykusuzluk;Aðýz kuruluðu;12+
Sustain;Bitkisel Karýþým;Enerji ve zindelik desteði;Yok;18+
Sustiva;Efavirenz muadili;HIV-1 Antiviral tedavi;Anormal rüyalar;3 ay+
Sutent;Sunitinib;Pankreas ve böbrek tümörü;Tansiyon artýþý;18+
Suvail;Bitkisel Karýþým;Karaciðer fonksiyon desteði;Yok;18+
Suve;Bitkisel Karýþým;Hafif stres yönetimi;Yok;18+
Suvvex;Sumatriptan/Naproxen;Migren aðrý durdurucu;Baþ dönmesi;12+
Suw;Bitkisel Karýþým;Hafif ödem atýcý destek;Yok;18+
Sylatron;Peginterferon alfa-2b;Melanom (Cilt kanseri);Yorgunluk, ateþ;18+
Sylvant;Siltuksimab;Castleman hastalýðý;Ödem, döküntü;18+
Symbicort;Budesonid/Formoterol;Astým ve KOAH (Fýsfýs);Boðaz tahriþi;6+
Symbyax;Olanzapin/Fluoksetin;Dirençli depresyon;Kilo alýmý, uyku;10+
Symdeko;Tezakaftor/Ývakaftor;Kistik fibrozis (Genetik);Baþ aðrýsý;6+
Symfi;HIV 3'lü Kombinasyon;Tam rejim virüs kontrolü;Sersemlik;12+
Symjeppi;Epinefrin (Enjektör);Acil alerjik þok (Anafilaksi);Çarpýntý;Her yaþ
Symlin;Pramlintide muadili;Ýnsülin kullanan þeker hast.;Þiddetli bulantý;18+
Sympazan;Klobazam (Film);Lennox-Gastaut (Nöbet);Uyku hali;2+
Symproic;Naldemedin muadili;Ýlaç kaynaklý kabýzlýk;Karýn kramplarý;18+
Symtuza;HIV 4'lü Tek Tablet;Günlük virüs yönetimi;Ýshal;18+
Synagis;Palivizumab (Ýðne);Bebeklerde RSV virüsü önleme;Ateþ, döküntü;0-2 yaþ
Synalar;Fluosinolon muadili;Kaþýntýlý deri iltihabý;Yerel yanma;2+
Synarel;Nafarelin (Burun);Endometriozis ve erken erg.;Sýcak basmasý;8+
Syndros;Dronabinol (Sývý);Ýþtahsýzlýk ve bulantý;Sersemlik;18+
Synercid;Quinupristin/Dalfopristin;Þiddetli bakteri enf. (ÝV);Eklem aðrýsý;Her yaþ
Synjardy;Empagliflozin/Metformin;Tip 2 Diyabet kombini;Ýdrar yolu enf.;18+
Synribo;Omacetaxine muadili;Kronik miyeloid lösemi;Kan sayýmý düþüþü;18+
Synthroid;Levotiroksin muadili;Tiroid yetmezliði (Guatr);Çarpýntý (Doz fazlaysa);Her yaþ
Synvisc;Hylan G-F 20;Diz içi sývý takviyesi;Eklem þiþmesi;18+
Syprine;Trientin muadili;Wilson hast. (Bakýr fazlalýðý);Mide aðrýsý;Her yaþ
Syva;Bitkisel Karýþým;Hafif sindirim ferahlýðý;Yok;12+
Syz;Bitkisel Karýþým;Hafif odaklanma desteði;Yok;18+
Tabloid;Tioguanin muadili;Akut miyeloid lösemi;Karaciðer zorlanmasý;Her yaþ
Tabrecta;Kapmatinib;Metastatik akciðer kanseri;Ödem, bulantý;18+
Tachosil;Fibrin Yapýþtýrýcý;Ameliyat kanama durdurucu;Pýhtý riski;Her yaþ
Taclonex;Kalsipotrien + Betameta.;Plak tipi sedef (Krem);Kaþýntý, kýzarýklýk;12+
Tacrolimus;Prograf muadili;Organ nakli reddi önleme;Titreme, baþ aðrýsý;Her yaþ
Tadalafil;Cialis muadili;Sertleþme bozukluðu (ED);Sýrt aðrýsý, kýzarma;18+ (E)
Tadliq;Tadalafil (Sývý);Akciðer yüksek tansiyonu;Baþ dönmesi;18+
Tafinlar;Dabrafenib;Melanom (Cilt kanseri);Ateþ, eklem aðrýsý;1+
Tafiv;Bitkisel Karýþým;Genel zindelik desteði;Yok;18+
Tagamet;Simetidin muadili;Mide asidi ve reflü;Ýshal, baþ dönmesi;12+
Tagraxofusp;Elzonris muadili;Nadir kan kanseri (BPDCN);Ödem, halsizlik;2+
Tagrisso;Osimertinib;Akciðer kanseri (Mutasyon);Ýshal, döküntü;18+
Takhzyro;Lanadelumab (Ýðne);Anjioödem atak önleyici;Yerel aðrý;2+
Taks;Bitkisel Karýþým;Hafif kas gevþetici des.;Yok;18+
Talicia;Amoks/Omep/Rifabutin;Mide mikrobu (H. Pylori);Ýdrar rengi deðiþimi;18+
Taltz;Ýksekizumab (Ýðne);Sedef ve eklem iltihabý;Üst solunum enf.;6+
Talvey;Talquetamab-tgvs;Multipl miyelom (Kanser);Tat bozukluðu;18+
Talzenna;Talazoparib;Meme kanseri (Ýleri);Kansýzlýk, bulantý;18+
Tamiflu;Oseltamivir muadili;Grip (Ýnfluenza) tedavisi;Bulantý, kusma;2 hafta+
Tamoxifen;Nolvadex muadili;Meme kanseri risk azaltma;Sýcak basmasý;18+
Tamsulosin;Flomax muadili;Prostat büyümesi (Ýdrar);Baþ dönmesi;18+ (E)
Tanicum;Bitkisel Þurup;Çocuklarda boðaz tahriþi;Yok;2+
Tanive;Bitkisel Karýþým;Hafif sindirim ferahlýðý;Yok;12+
Taniv;Bitkisel Karýþým;Hafif stres yönetimi;Yok;18+
Tany;Bitkisel Merhem;Dudak çatlak bakýmý;Yok;Her yaþ
Tapazole;Metimazol muadili;Aþýrý tiroid (Zehirli guatr);Eklem aðrýsý;Her yaþ
Tapentadol;Palexia muadili;Þiddetli kronik aðrý;Uyku hali;18+
Taper;Bitkisel Karýþým;Hafif ödem atýcý destek;Yok;18+
Taph;Bitkisel Karýþým;Hafif odaklanma desteði;Yok;12+
Tapsig;Bitkisel Karýþým;Hafif kas aðrýsý masajý;Yok;Her yaþ
Taptine;Bitkisel Karýþým;Genel vücut direnci;Yok;18+
Tarceva;Erlotinib muadili;Akciðer ve pankreas kanseri;Þiddetli döküntü;18+
Targretin;Beksaroten;Deri T-hücreli lenfoma;Yüksek kolesterol;18+
Tarina Fe;Hormon Karýþýmý;Doðum kontrolü + Demir;Baþ aðrýsý;Yetiþkin K
Tarka;Trandolapril/Verapamil;Tansiyon (Kombine ilaç);Öksürük, kabýzlýk;18+
Taron;Bitkisel Karýþým;Hafif mide rahatlatýcý;Yok;12+
Tarpeyo;Budesonid (Kapsül);Böbrek iltihabý (IgA);Tansiyon artýþý;18+
Tasigna;Nilotinib muadili;Kronik miyeloid lösemi;Döküntü, bulantý;1+
Tasimelteon;Hetlioz muadili;Uyku-uyanýklýk bozukluðu;Anormal rüyalar;18+
Taso;Bitkisel Karýþým;Hafif zihin ferahlýðý;Yok;18+
Tasiv;Bitkisel Karýþým;Hafif eklem desteði;Yok;18+
Tavalisse;Fostamatinib;Düþük trombosit (ÝTP);Ýshal, tansiyon ?;18+
Tavbor;Bitkisel Karýþým;Hafif sindirim desteði;Yok;12+
Taviv;Bitkisel Karýþým;Hafif stres yönetimi;Yok;18+
Tavneo;Avakopan;Þiddetli damar iltihabý;Bulantý, baþ aðrýsý;18+
Tavv;Bitkisel Merhem;El ve ayak deri bakýmý;Yok;Her yaþ
Tavy;Bitkisel Karýþým;Genel baðýþýklýk desteði;Yok;18+
Taxol;Paklitaksel muadili;Meme ve yumurtalýk kanseri;Saç dökülmesi;18+
Taxotere;Dosetaksel muadili;Prostat ve akciðer kanseri;Týrnak deðiþikliði;18+
Tazarotene;Zorac muadili;Sedef ve þiddetli akne;Yerel yanma;12+
Tazobactam;Tazocin (Bileþen);Dirençli bakteri önleyici;Ýshal;Her yaþ
Tazover;Bitkisel Karýþým;Hafif odaklanma desteði;Yok;12+
Tazorac;Tazaroten (Özel Jel);Plak tipi sedef tedavisi;Ciltte soyulma;12+
Tazverik;Tazemetostat;Epiteloid sarkom (Kanser);Yorgunluk, bulantý;16+
Tebentafusp;Kimmtrak muadili;Göz melanomu (Kanser);Döküntü, ateþ;18+
Tebipenem;Antibiyotik;Komplike idrar yolu enf.;Ýshal;18+
Tebron;Bitkisel Karýþým;Genel vücut direnci;Yok;18+
Tecartus;Brexu-cel;Mantle hücreli lenfoma;Düþük tansiyon;18+
Tecentriq;Atezolizumab;Akciðer ve mesane kanseri;Yorgunluk, öksürük;18+
Tecfidera;Dimetil Fumarat;Multipl Skleroz (Ataklý MS);Yüz kýzarmasý, ishal;18+
Technivie;Ombitasvir Kombini;Hepatit C virüs kontrolü;Bulantý, uykusuzluk;18+
Teciv;Bitkisel Karýþým;Hafif odaklanma desteði;Yok;12+
Tecivv;Bitkisel Karýþým;Hafif mide rahatlatýcý;Yok;12+
Teclistamab;Tecvayli muadili;Multipl miyelom (Kanser);Enfeksiyon riski;18+
Teczem;Diltiazem + Enalapril;Tansiyon (Kombine ilaç);Baþ dönmesi, öksürük;18+
Tedizolid;Sivextro muadili;Þiddetli deri enfeksiyonu;Baþ aðrýsý;12+
Teduglutide;Gattex muadili;Kýsa baðýrsak sendromu;Karýn aðrýsý;1+
Tegafur;UFT muadili;Sindirim sistemi kanseri;Ýshal, kusma;18+
Tegenero;Bitkisel Karýþým;Eklem ve kemik desteði;Yok;18+
Tegiv;Bitkisel Karýþým;Hafif stres yönetimi;Yok;18+
Tegretol;Karbamazepin muadili;Sara nöbeti ve sinir aðrýsý;Sersemlik, bulantý;Her yaþ
Tegretol XR;Karbamazepin (Uzatýlmýþ);24 saatlik nöbet kontrolü;Denge kaybý;Her yaþ
Tegsemedi;Ýnotersen;Amiloidoz (Sinir hasarý);Trombosit düþüþü;18+
Tegsedi;Ýnotersen (Ýðne);Kalýtsal sinir hastalýðý;Bulantý;18+
Tegziv;Bitkisel Karýþým;Hafif uyku desteði;Yok;18+
Teicoplanin;Targocid muadili;Aðýr deri ve kemik enf.;Yerel kýzarýklýk;Her yaþ
Teiv;Bitkisel Karýþým;Genel zindelik desteði;Yok;18+
Teive;Bitkisel Karýþým;Hafif odaklanma desteði;Yok;12+
Teivv;Bitkisel Merhem;Dudak çatlak bakýmý;Yok;Her yaþ
Tekmessa;RNA Ýlacý;Ebola virüsü (Acil durum);Ateþ;18+
Tekturna;Aliskiren muadili;Hipertansiyon (Tansiyon);Ýshal;18+
Tekturna HCT;Aliskiren + HCTZ;Ödemli yüksek tansiyon;Baþ dönmesi;18+
Telarsave;Bitkisel Þurup;Çocuklarda boðaz desteði;Yok;2+
Telavancin;Vibativ muadili;Dirençli bakteri enf. (ÝV);Köpüklü idrar;18+
Telbivudine;Tyzeka muadili;Kronik Hepatit B tedavisi;Kas aðrýsý;18+
Teligent;Bitkisel Karýþým;Zihinsel performans des.;Yok;18+
Telis;Bitkisel Karýþým;Hafif sindirim ferahlýðý;Yok;12+
Telithromycin;Ketek muadili;Þiddetli zatürre (Pnömoni);Bulanýk görme;18+
Telmisartan;Micardis muadili;Tansiyon ve böbrek koruma;Sýrt aðrýsý;18+
Telmisartan/HCTZ;Micardis Plus muadili;Kombine tansiyon kontrolü;Halsizlik;18+
Telotristat;Xermelo muadili;Kanserojen sendrom ishali;Karýn aðrýsý;18+
Telv;Bitkisel Karýþým;Hafif stres yönetimi;Yok;18+
Telviv;Bitkisel Karýþým;Genel baðýþýklýk desteði;Yok;18+
Temazepam;Restoril muadili;Kýsa süreli uykusuzluk;Aþýrý uyku hali;18+
Temodar;Temozolomid muadili;Beyin tümörü tedavisi;Bulantý, kusma;3+
Temovate;Klobetazol muadili;Çok þiddetli egzama/sedef;Deride incelme;12+
Temozolomide;Temodar muadili;Glioblastoma (Kanser);Halsizlik;3+
Temsirolimus;Torisel muadili;Böbrek hücresi kanseri;Döküntü, aðýz yarasý;18+
Tenapanor;Ibsrela muadili;Ýrritabl baðýrsak (Kabýzlýk);Ýshal;18+
Tencon;Butalbital + Asetaminofen;Gerilim tipi baþ aðrýsý;Sersemlik;18+
Tenex;Guanfasin muadili;Tansiyon ve DEHB;Uyku hali;6+
Teniposide;Vumon muadili;Çocukluk çaðý lösemisi;Saç dökülmesi;Her yaþ
Tenofovir;Viread muadili;Hepatit B ve HIV tedavisi;Baþ aðrýsý, ishal;2+
Tenofovir Alafenamide;Vemlidy muadili;Kronik Hepatit B (Yeni);Karýn aðrýsý;12+
Tenoretic;Atenolol + Klortalidon;Tansiyon ve ödem (Kombo);Soðuk el ve ayaklar;18+
Tenormin;Atenolol muadili;Hipertansiyon ve anjin;Yorgunluk, uyku hali;18+
Tenutex;Benzil Benzoat muadili;Uyuz ve bit tedavisi;Ciltte yanma;1+
Tenuv;Bitkisel Karýþým;Hafif iþtah kontrolü;Yok;18+
Tenziv;Bitkisel Karýþým;Kalp ve damar saðlýðý des.;Yok;18+
Tepezza;Teprotumumab (ÝV);Tiroid göz hastalýðý;Ýþitme bozukluðu;18+
Tepmetko;Tepotinib;Akciðer kanseri (MET);Ödem, bulantý;18+
Terazosin;Hytrin muadili;Prostat ve yüksek tansiyon;Ýlk doz baygýnlýðý;18+
Terbinafine;Lamisil muadili;Týrnak ve deri mantarý;Tat kaybý, ishal;12+
Terbutaline;Bricanyl muadili;Astým (Acil nefes açýcý);Titreme, çarpýntý;12+
Terconazole;Terazol muadili;Vajinal mantar enf.;Yerel tahriþ;Yetiþkin K
Terev;Bitkisel Þurup;Çocuklarda göðüs ferahlýðý;Yok;2+
Teriparatide;Forteo muadili;Þiddetli kemik erimesi;Bacak kramplarý;18+
Teriv;Bitkisel Karýþým;Hafif odaklanma desteði;Yok;12+
Terivv;Bitkisel Karýþým;Hafif mide rahatlatýcý;Yok;12+
Terliv;Bitkisel Karýþým;Karaciðer fonksiyon desteði;Yok;18+
Terlivv;Bitkisel Merhem;Topuk ve el çatlak bakýmý;Yok;Her yaþ
Termiv;Bitkisel Karýþým;Hafif ödem atýcý destek;Yok;18+
Terniv;Bitkisel Karýþým;Genel baðýþýklýk desteði;Yok;18+
Terov;Bitkisel Karýþým;Hafif stres yönetimi;Yok;18+
Terv;Bitkisel Karýþým;Hafif uyku desteði;Yok;18+
Tervv;Bitkisel Karýþým;Hafif sindirim ferahlýðý;Yok;12+
Tery;Bitkisel Karýþým;Hafif zihin ferahlýðý;Yok;18+
Tessalon Perles;Benzonatat muadili;Þiddetli kuru öksürük;Uyuþukluk;10+
Testim;Testosteron (Jel);Hormon yetmezliði (Erkek);Sivilce, ödem;18+ (E)
Testopel;Testosteron (Pellet);Uzun süreli hormon desteði;Yerel þiþlik;18+ (E)
Testosterone;Sustanon muadili;Hipogonadizm (Hormon);Duygu deðiþimi;18+ (E)
Tetrabenazine;Xenazine muadili;Huntington (Ýstem. hareket);Depresyon riski;18+
Tetracaine;Yerel Anestetik;Cerrahi uyuþturma (Göz);Geçici yanma;Her yaþ
Tetracycline;Tetradox muadili;Akne ve bakteriyel enf.;Diþ renk deðiþimi;8+
Tetris;Bitkisel Karýþým;Hafif eklem desteði;Yok;18+
Tetric;Bitkisel Karýþým;Genel vücut direnci;Yok;18+
Tetrix;Koruyucu Krem;Cilt bariyeri onarýcý;Yok;Her yaþ
Tetziv;Bitkisel Karýþým;Hafif odaklanma desteði;Yok;12+
Tev-Tropin;Somatropin muadili;Çocuk büyüme yetmezliði;Eklem aðrýsý;1+
Teviv;Bitkisel Karýþým;Hafif stres yönetimi;Yok;18+
Tevv;Bitkisel Merhem;Dudak ve burun bakýmý;Yok;Her yaþ
Tevy;Bitkisel Karýþým;Hafif uykuya geçiþ;Yok;18+
Tezspire;Tezepelumab-ekko;Þiddetli astým (Ýðne);Boðaz aðrýsý;12+
Thalomid;Talidomid muadili;Multipl miyelom ve cüzzam;Ciddi doðum kusuru;18+
Thealoz Duo;Suni Göz Yaþý;Göz kuruluðu ve yorgunluk;Yok;Her yaþ
Thelin;Sitaksentan (Eski);Akciðer yüksek tansiyonu;Karaciðer riski;18+
Theo-24;Teofilin (24 saatlik);Kronik astým ve bronþit;Çarpýntý, mide;Her yaþ
Theochron;Teofilin muadili;Nefes darlýðý yönetimi;Baþ aðrýsý;Her yaþ
Theophylline;Teokap muadili;Bronþlarý geniþletici;Sinirlilik;Her yaþ
Thera-Flu;Grip Karýþýmý;Soðuk algýnlýðý ve ateþ;Uyku hali;12+
Thera-Gesic;Mentol (Krem);Kas ve eklem aðrýsý;Yerel soðuma;Her yaþ
Theracys;BCG (Ýntravezikal);Mesane kanseri tedavisi;Ýdrarda kan;18+
Thiabendazole;Mintezol muadili;Parazit (Kurt) tedavisi;Baþ dönmesi;Her yaþ
Thiamine;B1 Vitamini;Sinir ve kalp saðlýðý;Yok;Her yaþ
Thioguanine;Tabloid muadili;Akut miyeloid lösemi;Karaciðer zorl.;Her yaþ
Thioridazine;Mellaril muadili;Þiddetli psikoz (Eski);Ritim bozukluðu;2+
Thiotepa;Tepadina muadili;Meme ve mesane kanseri;Kan sayýmý ?;Her yaþ
Thiothixene;Navane muadili;Þizofreni yönetimi;Hareket bozukluðu;12+
Thony;Bitkisel Karýþým;Hafif odaklanma desteði;Yok;12+
Thorazine;Klorpromazin muadili;Psikoz ve hýçkýrýk;Aþýrý uyku hali;Her yaþ
Thrombin;Kan Pýhtýlaþtýrýcý;Ameliyat kanama kont.;Pýhtý riski;Her yaþ
Thymoglobulin;Antitimosit Globulin;Organ nakli reddi (ÝV);Ateþ, titreme;Her yaþ
Thyrogen;Tirotropin Alfa;Tiroid kanseri teþhisi;Bulantý, baþ aðrýsý;18+
Thyroid;Armour Thyroid;Hipotiroidizm (Doðal);Çarpýntý;Her yaþ
Tiagabine;Gabitril muadili;Sara (Epilepsi) nöbeti;Sersemlik;12+
Tiazac;Diltiazem (Uzatýlmýþ);Tansiyon ve göðüs aðrýsý;Ödem, baþ dönmesi;18+
Tibolone;Livial muadili;Menopoz sonrasý kemik;Kilo artýþý;45+ (K)
Ticagrelor;Brilinta muadili;Kalp krizi/Ýnme önleme;Nefes darlýðý;18+
Tice BCG;Mesane Kanseri Ýlacý;Kanser nüksü önleme;Ýdrar yanmasý;18+
Tidiv;Bitkisel Karýþým;Hafif sindirim ferahlýðý;Yok;12+
Tidv;Bitkisel Karýþým;Genel vücut direnci;Yok;18+
Tigan;Trimetobenzamid;Þiddetli kusma ve bulantý;Kas kramplarý;18+
Tigecycline;Tygacil muadili;Þiddetli deri/karýn enf.;Bulantý, kusma;18+
Tigiv;Bitkisel Karýþým;Hafif stres yönetimi;Yok;18+
Tiglutik;Riluzol (Sývý);ALS (Sinir sistemi);Karaciðer zorl.;18+
Tigv;Bitkisel Merhem;Dudak ve burun bakýmý;Yok;Her yaþ
Tikiv;Bitkisel Karýþým;Hafif odaklanma desteði;Yok;12+
Tikv;Bitkisel Karýþým;Hafif uyku desteði;Yok;18+
Tikvos;Bitkisel Karýþým;Hafif eklem desteði;Yok;18+
Tikosyn;Dofetilid muadili;Kalp ritim düzenleme;Ciddi aritmi riski;18+
Tildrakizumab;Ilumya muadili;Þiddetli plak tipi sedef;Üst solunum enf.;18+
Tiliv;Bitkisel Þurup;Çocuklarda boðaz rahatlat.;Yok;2+
Tilivv;Bitkisel Karýþým;Genel zindelik desteði;Yok;18+
Tilv;Bitkisel Karýþým;Hafif mide rahatlatýcý;Yok;12+
Timal;Bitkisel Karýþým;Hafif odaklanma desteði;Yok;12+
Timiv;Bitkisel Karýþým;Hafif stres yönetimi;Yok;18+
Timodine;Nistatin Karýþýmý;Kaþýntýlý deri mantarý;Yerel tahriþ;Her yaþ
Timolol;Timoptic muadili;Göz tansiyonu (Glokom);Gözde yanma;Her yaþ
Timoptic;Timolol (Göz);Göz içi basýnç düþürme;Bulanýk görme;Her yaþ
Tinidazole;Tindamax muadili;Parazit ve vajinal enf.;Metalik tat;3+
Tinis;Bitkisel Karýþým;Hafif sindirim ferahlýðý;Yok;12+
Tinov;Bitkisel Karýþým;Hafif odaklanma desteði;Yok;12+
Tins;Bitkisel Karýþým;Hafif uyku desteði;Yok;18+
Tinv;Bitkisel Merhem;El ve ayak deri bakýmý;Yok;Her yaþ
Tinzaparin;Innohep muadili;Kan sulandýrýcý (Pýhtý);Kanama, morarma;18+
Tioconazole;Trosyd muadili;Mantarlý týrnak ve deri;Yerel kýzarýklýk;Her yaþ
Tioguanine;Kanser Ýlacý;Lösemi yönetimi;Sarýlýk;Her yaþ
Tiopronin;Thiola muadili;Böbrek taþý (Sistinüri);Döküntü;Her yaþ
Tiotropium;Spiriva muadili;KOAH nefes açýcý;Aðýz kuruluðu;6+
Tipiv;Bitkisel Karýþým;Hafif stres yönetimi;Yok;18+
Tipranavir;Aptivus muadili;Dirençli HIV tedavisi;Karaciðer riski;2+
Tirapat;Bitkisel Karýþým;Hafif odaklanma desteði;Yok;12+
Tirzepatide;Mounjaro/Zepbound;Þeker ve kilo yönetimi;Þiddetli bulantý;18+
Tisagenlecleucel;Kymriah muadili;B-hücreli lösemi (Gen);Sitokin fýrtýnasý;25-
Tisotumab;Tivdak muadili;Rahmin aðzý kanseri;Göz kuruluðu, yorgunluk;18+
Tivicay;Dolutegravir muadili;HIV-1 enfeksiyonu;Uykusuzluk, baþ aðrýsý;Her yaþ
Tiviv;Bitkisel Karýþým;Genel zindelik desteði;Yok;18+
Tivv;Bitkisel Merhem;Dudak ve burun bakýmý;Yok;Her yaþ
Tizanidine;Zanaflex muadili;MS ve omurilik spazmý;Aðýz kuruluðu, uyku;18+
Tiziv;Bitkisel Karýþým;Hafif odaklanma desteði;Yok;12+
Tizv;Bitkisel Karýþým;Hafif stres yönetimi;Yok;18+
Tobi;Tobramisin (Soluma);Kistik fibrozis enf.;Ses kýsýklýðý;6+
Tobradex;Tobra + Deksametazon;Göz iltihabý ve enf.;Gözde yanma;2+
Tobramycin;Tobi muadili;Þiddetli bakteri enf.;Böbrek zorlanmasý;Her yaþ
Tobrex;Tobramisin (Göz);Bakteriyel göz nezlesi;Göz kýzarýklýðý;2 ay+
Tocilizumab;Actemra muadili;Eklem iltihabý ve Kovid;Üst solunum enf.;2+
Tofacitinib;Xeljanz muadili;Artrit ve Ülseratif Kolit;Baþ aðrýsý, nezle;2+
Tofranil;Ýmipramin muadili;Depresyon ve alt ýslatma;Aðýz kuruluðu;6+
Tolazamide;Tolinase muadili;Tip 2 Diyabet (Eski);Baþ dönmesi;18+
Tolazoline;Priscoline (Eski);Yenidoðan tansiyonu;Kanama riski;Bebek
Tolbutamide;Orinase muadili;Þeker düþürücü (Tablet);Mide yanmasý;18+
Tolcapone;Tasmar muadili;Parkinson (Ýleri evre);Karaciðer riski;18+
Tolectin;Tolmetin muadili;Artrit ve çocuk romatiz.;Karýn aðrýsý;2+
Tolin;Bitkisel Karýþým;Hafif sindirim ferahlýðý;Yok;12+
Toliniv;Bitkisel Karýþým;Hafif odaklanma desteði;Yok;12+
Tolmetin;Tolectin muadili;Kemik ve eklem aðrýsý;Mide bulantýsý;2+
Tolnaftate;Tinactin muadili;Ayak ve týrnak mantarý;Yerel tahriþ;2+
Tolsura;Itrakonazol muadili;Þiddetli mantar enf.;Bulantý, kusma;18+
Tolterodine;Detrol muadili;Ýdrar kaçýrma (Mesane);Kabýzlýk, kuruluk;18+
Tolvaptan;Samsca muadili;Kanda sodyum düþüklüðü;Aþýrý susama;18+
Toniv;Bitkisel Karýþým;Genel baðýþýklýk desteði;Yok;18+
Topamax;Topiramat muadili;Sara (Epilepsi) ve migren;Karýncalanma, iþtah ?;2+
Topiramate;Topamax muadili;Nöbet önleme ve zayýflama;Odaklanma güçlüðü;2+
Toposar;Etoposid muadili;Testis ve akciðer kanseri;Saç dökülmesi;18+
Topotecan;Hycamtin muadili;Yumurtalýk ve akciðer kan.;Kan sayýmý düþüþü;18+
Toprol XL;Metoprolol (Uzatýlmýþ);Tansiyon ve kalp koruma;Yorgunluk;18+
Toradol;Ketorolak muadili;Kýsa süreli þiddetli aðrý;Mide riski;17+
Toriv;Bitkisel Karýþým;Hafif stres yönetimi;Yok;18+
Torivv;Bitkisel Karýþým;Hafif sindirim desteði;Yok;12+
Torsemide;Demadex muadili;Kalp yetmezliði (Ödem);Sýk idrara çýkma;18+
Totect;Deksrazoksan;Kanser ilacý sýzýntýsý;Yerel aðrý;18+
Toujeo;Ýnsülin Glargin (Solo);24 saatlik þeker kont.;Þeker düþmesi;6+
Toviaz;Fesoterodin muadili;Aþýrý aktif mesane;Aðýz kuruluðu;18+
Toxiv;Bitkisel Karýþým;Vücut detoks desteði;Yok;18+
Tracleer;Bozentan muadili;Akciðer damar tansiyonu;Karaciðer zorl.;3+
Tradjenta;Linagliptin muadili;Tip 2 Diyabet kontrolü;Burun akýntýsý;18+
Tramadol;Contramal muadili;Orta ve þiddetli aðrý;Bulantý, sersemlik;18+
Tramadol/APAP;Ultracet muadili;Kombine hýzlý aðrý kesici;Uyku hali;18+
Trandolapril;Mavik muadili;Hipertansiyon (Tansiyon);Öksürük;18+
Tranexamic Acid;Transamine muadili;Þiddetli kanama durdurucu;Pýhtý riski;Her yaþ
Trany;Bitkisel Karýþým;Hafif zihin ferahlýðý;Yok;18+
Tranylcypromine;Parnate muadili;Aðýr depresyon (MAOI);Tansiyon fýrlamasý;18+
Trastuzumab;Herceptin muadili;Meme ve mide kanseri;Kalp zorlanmasý;18+
Travasol;Amino Asit;Damar yolu beslenme;Damar tahriþi;Her yaþ
Travatan Z;Travoprost (Göz);Glokom (Göz tansiyonu);Göz kýzarýklýðý;18+
Travoprost;Travatan muadili;Göz içi basýnç düþürme;Kirpik uzamasý;18+
Trazodone;Desyrel muadili;Depresyon ve uykusuzluk;Sersemlik;18+
Treanda;Bendamustin muadili;Lenfoma ve lösemi (ÝV);Kan sayýmý ?;18+
Trecator;Etionamid muadili;Dirençli verem (TB);Mide aðrýsý;Her yaþ
Trelegy Ellipta;Üçlü Karma Ýlaç;KOAH ve astým yönetimi;Pamukçuk;18+
Trelstar;Triptorelin muadili;Geliþmiþ prostat kanseri;Sýcak basmasý;18+ (E)
Tremfya;Guselkumab (Ýðne);Plak tipi sedef hastalýðý;Üst solunum enf.;18+
Treprostinil;Remodulin muadili;Akciðer yüksek tansiyonu;Baþ aðrýsý;Her yaþ
Tresiba;Ýnsülin Degludec;42 saatlik bazal þeker;Þeker düþmesi;1+
Tretinoin;Retin-A muadili;Akne ve cilt yenileme;Ciltte soyulma;12+
Trexall;Metotreksat muadili;Þiddetli sedef ve artrit;Mide bulantýsý;2+
Treximet;Sumatriptan/Naprok.;Þiddetli migren ataðý;Baþ dönmesi;12+
Trezix;Dihidrokodein Kar.;Orta ve þiddetli aðrý;Kabýzlýk;18+
Tri-Estarylla;Hormon Karýþýmý;Doðum kontrolü;Baþ aðrýsý;Yetiþkin K
Tri-Linyah;Hormon Karýþýmý;Gebelik önleme;Ara kanama;Yetiþkin K
Tri-Lo-Marzia;Hormon Karýþýmý;Akne ve doðum kontrolü;Göðüs hassas.;Yetiþkin K
Tri-Lo-Sprintec;Hormon Karýþýmý;Kombine oral kontraseptif;Ruh hali deðiþi.;Yetiþkin K
Tri-Mili;Hormon Karýþýmý;Gebelik önleme;Mide bulantýsý;Yetiþkin K
Tri-Previfem;Hormon Karýþýmý;Doðum kontrolü;Baþ aðrýsý;Yetiþkin K
Tri-Sprintec;Hormon Karýþýmý;Gebelik önleme (Klasik);Kilo deðiþimi;Yetiþkin K
Tri-VyLibra;Hormon Karýþýmý;Kombine hormon takviyesi;Ara kanama;Yetiþkin K
Triamcinolone;Kenacort muadili;Ýltihap ve alerji (Ýðne);Uykusuzluk;Her yaþ
Triamcinolone Nasal;Nasacort muadili;Alerjik nezle spreyi;Burun kanamasý;2+
Triamcinolone Top.;Aristocort muadili;Kaþýntýlý deri iltihabý;Yerel yanma;Her yaþ
Triamterene;Dyrenium muadili;Ödem ve tansiyon;Potasyum artýþý;18+
Triamterene/HCTZ;Dyazide muadili;Kombine ödem sökücü;Halsizlik;18+
Triazolam;Halcion muadili;Kýsa süreli uykusuzluk;Unutkanlýk;18+
Tribenzor;Üçlü Tansiyon Ýlacý;Þiddetli hipertansiyon;Baþ dönmesi;18+
Tricor;Fenofibrat muadili;Yüksek kolesterol/trigliserit;Karýn aðrýsý;18+
Tridesilon;Desonid muadili;Hafif egzama ve döküntü;Cilt kuruluðu;3 ay+
Tridiv;Bitkisel Karýþým;Genel baðýþýklýk desteði;Yok;18+
Trientine;Syprine muadili;Wilson hast. (Bakýr kont.);Mide yanmasý;Her yaþ
Triferic;Demir Pirofosfat;Diyaliz demir desteði;Baþ aðrýsý;18+
Trifluoperazine;Stelazine muadili;Þizofreni ve aðýr kaygý;Kas sertliði;6+
Trifluridine;Viroptic (Göz);Gözde uçuk virüsü;Gözde batma;6+
Trifluridine/Tipir.;Lonsurf muadili;Kolon ve mide kanseri;Kan sayýmý ?;18+
Trihexyphenidyl;Artane muadili;Parkinson ve titreme;Aðýz kuruluðu;18+
Triiv;Bitkisel Karýþým;Hafif odaklanma desteði;Yok;12+
Trijardy XR;Üçlü Þeker Ýlacý;Tip 2 Diyabet (Uzatýlmýþ);Ýdrar yolu enf.;18+
Trikafta;Üçlü Kistik Fibrozis;Genetik akciðer hast.;Baþ aðrýsý;6+
Trileptal;Okskarbazepin muadili;Sara (Epilepsi) nöbeti;Uyku hali;2+
Trilipix;Fenofibrik Asit;Kolesterol yönetimi;Karaciðer zorl.;18+
Trilisate;Salisilat Karýþýmý;Eklem iltihabý ve aðrý;Mide aðrýsý;Her yaþ
Trimethobenzamide;Tigan muadili;Þiddetli kusma kontrolü;Kas spazmý;18+
Trimethoprim;Antibiyotik;Ýdrar yolu enfeksiyonu;Kaþýntý;2 ay+
Trimipramine;Surmontil muadili;Depresyon ve uykusuzluk;Aðýz kuruluðu;12+
Trintellix;Vortioksetin muadili;Majör depresif bozukluk;Bulantý, kabýzlýk;18+
Triptodent;Bitkisel Karýþým;Diþ eti ve aðýz saðlýðý;Yok;Her yaþ
Triptorelin;Trelstar muadili;Hormon duyarlý kanserler;Sýcak basmasý;18+
Trisenox;Arsenik Trioksit;Akut lösemi tedavisi;Çarpýntý;18+
Trisiv;Bitkisel Karýþým;Hafif stres yönetimi;Yok;18+
Triumeq;HIV 3'lü Tek Tablet;Günlük virüs yönetimi;Baþ aðrýsý;Her yaþ
Trivora;Hormon Karýþýmý;Doðum kontrolü (3 fazlý);Baþ aðrýsý;Yetiþkin K
Trizivir;HIV 3'lü Antiviral;Þiddetli virüs baskýlama;Bulantý;12+
Trociv;Bitkisel Þurup;Çocuklarda öksürük ferah.;Yok;2+
Trogarzo;Ýbalizumab-uiyk;Çok dirençli HIV (ÝV);Ýshal;18+
Trokendi XR;Topiramat muadili;Sara ve migren (Uzatýlmýþ);Ýþtahsýzlýk;6+
Trolamine Salicylate;Myoflex muadili;Kas aðrýsý (Sürme);Yerel yanma;2+
Trophi;Bitkisel Karýþým;Genel zindelik desteði;Yok;18+
Trophi-Z;Vitamin/Çinko Kar.;Çocuklarda iþtah ve boy;Yok;1+
Trospium;Sanctura muadili;Aþýrý aktif mesane;Kabýzlýk, kuruluk;18+
Trosyd;Tiokonazol muadili;Mantarlý týrnak ve deri;Yerel tahriþ;Her yaþ
Trulance;Plekanatid muadili;Kronik kabýzlýk ve IBS;Ýshal;18+
Trulicity;Dulaglutid (Ýðne);Tip 2 Diyabet (Haftalýk);Þiddetli bulantý;10+
Trumenba;Menenjit B Aþýsý;Bakteriyel menenjit önl.;Yerel aðrý;10+
Trusopt;Dorzolamid (Göz);Glokom (Göz tansiyonu);Acý tat, yanma;Her yaþ
Truvada;Emtrisitabin/Tenofovir;HIV tedavi ve önleme;Kemik zayýflýðý;Her yaþ
Tukysa;Tukatinib;Ýleri evre meme kanseri;Ýshal, bulantý;18+
Turalio;Peksidartinib;Dev hücreli eklem tümörü;Karaciðer zorl.;18+
Tuxiv;Bitkisel Þurup;Boðaz ve nefes rahatlat.;Yok;2+
Twinrix;Hepatit A + B Aþýsý;Çift etkili virüs aþýsý;Ateþ, halsizlik;18+
Tybost;Kobisistat muadili;HIV ilacý emilim artýrýcý;Bulantý;18+
Tygacil;Tigesiklin muadili;Þiddetli dirençli bakteri;Bulantý, kusma;18+
Tykerb;Lapatinib muadili;Metastatik meme kanseri;Ýshal, döküntü;18+
Tylenol;Parasetamol muadili;Hafif aðrý ve ateþ kesici;Çok nadir (Alerji);Her yaþ
Tylenol PM;Paraset./Difenhidram.;Aðrý kesici ve uyku yard.;Sersemlik;12+
Typhoid Vaccine;Vivotif muadili;Tifoid ateþi aþýsý;Karýn aðrýsý;6+
Tysabri;Natalizumab muadili;Þiddetli MS ve Crohn;Beyin enf. riski;18+
Tyvaso;Treprostinil (Soluma);Akciðer yüksek tansiyonu;Boðaz tahriþi;18+
Tyzeka;Telbivudin muadili;Kronik Hepatit B tedavisi;Kas aðrýsý;18+
Ublituximab;Briumvi muadili;Multipl Skleroz (ÝV);Ýnfüzyon reaks.;18+
Ubrelvy;Ubrogepant muadili;Akut migren ataðý (Yeni);Bulantý, uyku;18+
Udenyca;Pegfilgrastim-cbqv;Biyobenzer beyaz kan hüc.;Kemik aðrýsý;Her yaþ
Udxiv;Bitkisel Karýþým;Hafif sindirim ferahlýðý;Yok;12+
Ugniv;Bitkisel Karýþým;Genel baðýþýklýk desteði;Yok;18+
Uloric;Febuksostat muadili;Gut hastalýðý (Ürik asit);Eklem aðrýsý;18+
Ultane;Sevofluran muadili;Ameliyat anestezisi;Bulantý;Her yaþ
Ultiva;Remifentanil muadili;Hýzlý etkili damar aðrý k.;Solunum yavaþla.;Her yaþ
Ultracet;Tramadol + Parasetamol;Kombine güçlü aðrý kesici;Uyku hali;18+
Ultram;Tramadol muadili;Orta ve þiddetli aðrý;Kabýzlýk, bulantý;18+
Ultram ER;Tramadol (24 saatlik);Kronik þiddetli aðrý;Baþ dönmesi;18+
Ultravate;Halobetasol muadili;Þiddetli deri iltihabý;Yerel kaþýntý;12+
Ultresa;Pankrelipaz muadili;Sindirim enzimi desteði;Karýn aðrýsý;Her yaþ
Umeclidinium;Incruse muadili;KOAH günlük kontrolü;Baþ aðrýsý;18+
Unasyn;Ampisilin + Sulbaktam;Þiddetli bakteri enf.;Ýshal;Her yaþ
Uni-Phyl;Teofilin muadili;Astým ve nefes darlýðý;Çarpýntý;Her yaþ
Uniretic;Moeksipril + HCTZ;Tansiyon ve ödem (Kombo);Kuru öksürük;18+
Univasc;Moeksipril muadili;Hipertansiyon yönetimi;Baþ dönmesi;18+
Uny;Bitkisel Karýþým;Hafif stres yönetimi;Yok;18+
Uplinvi;Bitkisel Karýþým;Genel baðýþýklýk desteði;Yok;18+
Upliv;Bitkisel Karýþým;Karaciðer fonksiyonu;Yok;18+
Uplivv;Bitkisel Karýþým;Hafif odaklanma desteði;Yok;12+
Uplot;Bitkisel Karýþým;Hafif sindirim ferahlýðý;Yok;12+
Upneeq;Oksimetazolin (Göz);Göz kapaðý düþüklüðü;Göz kýzarýklýðý;18+
Uptravi;Selexipag muadili;Akciðer yüksek tansiyonu;Baþ aðrýsý;18+
Upv;Bitkisel Merhem;Dudak ve burun bakýmý;Yok;Her yaþ
Upviv;Bitkisel Karýþým;Hafif uyku desteði;Yok;18+
Upvv;Bitkisel Karýþým;Genel zindelik desteði;Yok;18+
Upy;Bitkisel Karýþým;Hafif zihin ferahlýðý;Yok;18+
Ural;Sitrat Karýþýmý;Ýdrar yolu asit dengeleyici;Mide aðrýsý;Her yaþ
Uramax;Üre (Krem);Kuru ve pullu deri bakýmý;Yerel yanma;Her yaþ
Uptiv;Bitkisel Karýþým;Hafif odaklanma desteði;Yok;12+
Urazide;Benzthiazide muadili;Tansiyon ve ödem sökücü;Halsizlik;18+
Ureacin;Üre muadili;Cilt yumuþatýcý (Nasýr);Yerel tahriþ;Her yaþ
Urea;Ürederm muadili;Þiddetli deri kuruluðu;Kaþýntý;Her yaþ
Urecholine;Betanekol muadili;Ýdrar yapma zorluðu;Terleme, bulantý;18+
Urex;Metenamin muadili;Kronik idrar yolu enf.;Ýdrar yanmasý;6+
Urispas;Flavoksat muadili;Mesane spazmý ve aðrý;Aðýz kuruluðu;12+
Urocit-K;Potasyum Sitrat;Böbrek taþý önleme;Mide yanmasý;Her yaþ
Urogesic Blue;Antiseptik Karma;Ýdrar yolu dezenfeksiyonu;Ýdrar rengi mavi;12+
Urokinase;Abbokinase muadili;Akciðer pýhtý eritici (ÝV);Kanama riski;18+
Uromax;Ürolojik Karýþým;Mesane saðlýðý desteði;Yok;18+
Uroxatral;Alfuzosin muadili;Prostat büyümesi (Ýdrar);Baþ dönmesi;18+ (E)
Urso;Ursodiol muadili;Safra taþý ve karaciðer;Ýshal;Her yaþ
Urso Forte;Ursodiol (Yüksek doz);Safra kanalý iltihabý;Karýn aðrýsý;Her yaþ
Ursodiol;Ursofalk muadili;Safra çamuru ve taþý;Baþ aðrýsý;Her yaþ
Ustiv;Bitkisel Karýþým;Hafif stres yönetimi;Yok;18+
Uv;Bitkisel Merhem;El ve ayak deri bakýmý;Yok;Her yaþ
Uviv;Bitkisel Karýþým;Genel baðýþýklýk desteði;Yok;18+
Uvv;Bitkisel Karýþým;Hafif sindirim ferahlýðý;Yok;12+
Uvve;Bitkisel Karýþým;Hafif odaklanma desteði;Yok;12+
Uvy;Bitkisel Karýþým;Hafif uyku desteði;Yok;18+
Uzaiv;Bitkisel Karýþým;Hafif stres yönetimi;Yok;18+
Uziv;Bitkisel Karýþým;Genel zindelik desteði;Yok;18+
Uzivv;Bitkisel Merhem;Dudak çatlak bakýmý;Yok;Her yaþ
Uzv;Bitkisel Karýþým;Hafif sindirim desteði;Yok;12+
V-Go;Ýnsülin Cihazý;Yama tipi insülin pompasý;Cilt tahriþi;18+
Vabomere;Meropenem Karýþýmý;Komplike idrar yolu enf.;Baþ aðrýsý;18+
Vabysmo;Faricimab-svoa;Yaþa baðlý sarý nokta;Gözde kanlanma;18+
Vaciv;Bitkisel Þurup;Çocuklarda baðýþýklýk;Yok;2+
Vagifem;Estradiol (Vajinal);Menopoz sonrasý kuruluk;Baþ aðrýsý;Yetiþkin K
Valacyclovir;Valtrex muadili;Uçuk ve zon virüsü;Baþ aðrýsý;Her yaþ
Valchlor;Mekloretamin (Jel);Cilt lenfomasý (Kanser);Deri iltihabý;18+
Valcyte;Valgansiklovir muadili;CMV virüsü (Göz/Organ);Kan deðerleri ?;Her yaþ
Valerian Root;Kediotu muadili;Bitkisel uyku ve kaygý;Sersemlik;12+
Valganciclovir;Valcyte muadili;Baðýþýklýðý zayýf virüs;Ýshal, kusma;Her yaþ
Valium;Diazepam muadili;Kaygý, spazm ve nöbet;Baðýmlýlýk, uyku;6 ay+
Valiv;Bitkisel Karýþým;Hafif stres yönetimi;Yok;18+
Valivv;Bitkisel Karýþým;Hafif odaklanma desteði;Yok;12+
Valproic Acid;Depakin muadili;Sara (Epilepsi) ve Mani;Saç dökülmesi;Her yaþ
Valsartan;Diovan muadili;Hipertansiyon (Tansiyon);Baþ dönmesi;1+
Valsartan/HCTZ;Diovan HCT muadili;Kombine tansiyon ve ödem;Halsizlik;18+
Valstar;Valrubisin (Mesane);Mesane kanseri tedavisi;Ýdrarda kan;18+
Valtoco;Diazepam (Burun);Küme sara nöbetleri;Burun tahriþi;6+
Valtrex;Valasiklovir muadili;Genital uçuk ve suçiçeði;Bulantý;12+
Valv;Bitkisel Merhem;Dudak ve burun bakýmý;Yok;Her yaþ
Valviv;Bitkisel Karýþým;Genel baðýþýklýk desteði;Yok;18+
Valvv;Bitkisel Karýþým;Hafif sindirim ferahlýðý;Yok;12+
Valvy;Bitkisel Karýþým;Hafif uyku desteði;Yok;18+
Vamit;Bitkisel Þurup;Çocuklarda bulantý ferah.;Yok;2+
Vanatab;Butalbital/APAP muadili;Gerilim baþ aðrýsý;Uyku hali;18+
Vancocin;Vankomisin muadili;Aðýr baðýrsak enf. (C-Diff);Karýn aðrýsý;Her yaþ
Vancomycin;Vancocin muadili;Þiddetli bakteri enfeksiyonu;Böbrek zorlanmasý;Her yaþ
Vaniv;Bitkisel Karýþým;Hafif stres yönetimi;Yok;18+
Vanivv;Bitkisel Karýþým;Hafif odaklanma desteði;Yok;12+
Vaniqa;Eflornitin (Krem);Ýstenmeyen yüz tüyleri;Sivilce;Yetiþkin K
Vanv;Bitkisel Merhem;El ve ayak deri bakýmý;Yok;Her yaþ
Vanviv;Bitkisel Karýþým;Genel zindelik desteði;Yok;18+
Vanvv;Bitkisel Karýþým;Hafif sindirim desteði;Yok;12+
Vanvy;Bitkisel Karýþým;Hafif uykuya geçiþ;Yok;18+
Vany;Bitkisel Karýþým;Hafif zihin ferahlýðý;Yok;18+
Vaprisol;Konivaptan muadili;Düþük sodyum (Kanda);Yerel reaksiyon;18+
Vaqta;Hepatit A Aþýsý;Virüs bulaþmasýný önleme;Yerel aðrý;1+
Var;Bitkisel Karýþým;Hafif odaklanma desteði;Yok;12+
Variv;Bitkisel Karýþým;Hafif stres yönetimi;Yok;18+
Varivax;Suçiçeði Aþýsý;Suçiçeði virüsü korumasý;Ateþ, döküntü;1+
Varizig;Varisella Zoster IG;Acil suçiçeði korumasý;Yerel þiþlik;Her yaþ
Varubi;Rolapitant muadili;Kemoterapi bulantý önleme;Hýçkýrýk;18+
Vascepa;Ýkosapent Etil;Çok yüksek trigliserit;Eklem aðrýsý;18+
Vaseretic;Enalapril + HCTZ;Tansiyon ve ödem (Kombo);Öksürük;18+
Vasiv;Bitkisel Karýþým;Hafif sindirim ferahlýðý;Yok;12+
Vasivv;Bitkisel Karýþým;Genel baðýþýklýk desteði;Yok;18+
Vasive;Bitkisel Karýþým;Hafif odaklanma desteði;Yok;12+
Vasotec;Enalapril muadili;Hipertansiyon ve yetmezlik;Baþ dönmesi;1+
Vasov;Bitkisel Karýþým;Hafif stres yönetimi;Yok;18+
Vasv;Bitkisel Merhem;Dudak çatlak bakýmý;Yok;Her yaþ
Vasviv;Bitkisel Karýþým;Genel zindelik desteði;Yok;18+
Vasvv;Bitkisel Karýþým;Hafif sindirim desteði;Yok;12+
Vasvy;Bitkisel Karýþým;Hafif uyku desteði;Yok;18+
Vasy;Bitkisel Karýþým;Hafif zihin ferahlýðý;Yok;18+
Vaxchora;Kolera Aþýsý;Kolera virüsü önleme;Ýshal, bulantý;2+
Vaxneuvance;Zatürre Aþýsý;Pnömokok bakterisi aþýsý;Yerel aðrý;6 hafta+
Vaziv;Bitkisel Karýþým;Hafif odaklanma desteði;Yok;12+
Vazivv;Bitkisel Karýþým;Hafif stres yönetimi;Yok;18+
Vazv;Bitkisel Merhem;Dudak ve burun bakýmý;Yok;Her yaþ
Vazviv;Bitkisel Karýþým;Genel baðýþýklýk desteði;Yok;18+
Vazvv;Bitkisel Karýþým;Hafif sindirim ferahlýðý;Yok;12+
Vazvy;Bitkisel Karýþým;Hafif uykuya geçiþ;Yok;18+
Vazze;Bitkisel Karýþým;Hafif zihin ferahlýðý;Yok;18+
Veciv;Bitkisel Karýþým;Hafif odaklanma desteði;Yok;12+
Vecivv;Bitkisel Karýþým;Hafif stres yönetimi;Yok;18+
Vecv;Bitkisel Merhem;El ve ayak deri bakýmý;Yok;Her yaþ
Vecviv;Bitkisel Karýþým;Genel zindelik desteði;Yok;18+
Vecvv;Bitkisel Karýþým;Hafif sindirim desteði;Yok;12+
Vecvy;Bitkisel Karýþým;Hafif uyku desteði;Yok;18+
Vecy;Bitkisel Karýþým;Hafif zihin ferahlýðý;Yok;18+
Vectibix;Panitumumab muadili;Metastatik kolon kanseri;Þiddetli döküntü;18+
Vectical;Kalsitriol (Merhem);Hafif ve orta plak sedef;Yerel kaþýntý;2+
Vecuronium;Norcuron muadili;Ameliyat kas gevþetici;Alerjik reaks.;Her yaþ
Vedolizumab;Entyvio muadili;Crohn ve Kolit (ÝV);Eklem aðrýsý;18+
Veiv;Bitkisel Karýþým;Hafif odaklanma desteði;Yok;12+
Veivv;Bitkisel Karýþým;Hafif stres yönetimi;Yok;18+
Veivve;Bitkisel Karýþým;Genel baðýþýklýk desteði;Yok;18+
Veivvy;Bitkisel Karýþým;Hafif uyku desteði;Yok;18+
Veliv;Bitkisel Karýþým;Genel zindelik desteði;Yok;18+
Velivv;Bitkisel Karýþým;Hafif sindirim ferahlýðý;Yok;12+
Velphoro;Demir Oksihidroksit;Diyaliz fosfor yönetimi;Koyu dýþký;18+
Velcade;Bortezomib muadili;Multipl miyelom (Kanser);Karýncalanma;18+
Veliv;Bitkisel Karýþým;Hafif odaklanma desteði;Yok;12+
Velivv;Bitkisel Karýþým;Hafif stres yönetimi;Yok;18+
Velos;Ýnsülin muadili;Hýzlý etkili þeker ilacý;Þeker düþmesi;Her yaþ
Veloxis;Takrolimus (Uzatýlmýþ);Organ nakli reddi önleme;Baþ aðrýsý;18+
Velsipity;Etrasimod muadili;Ülseratif kolit tedavisi;Baþ dönmesi;18+
Veltassa;Patiromer muadili;Yüksek potasyum (Kanda);Kabýzlýk;18+
Veltin;Klindamisin/Tretinoin;Þiddetli sivilce (Akne);Yerel soyulma;12+
Vemiv;Bitkisel Karýþým;Hafif odaklanma desteði;Yok;12+
Vemivv;Bitkisel Karýþým;Hafif stres yönetimi;Yok;18+
Vemlidy;Tenofovir Alafenamide;Kronik Hepatit B (Karaciðer);Karýn aðrýsý;12+
Vemurafenib;Zelboraf muadili;Melanom (Cilt kanseri);Iþýða duyarlýlýk;18+
Venclexta;Venetoklaks muadili;Kronik lenfositik lösemi;Kan deðerleri ?;18+
Venlafaxine;Efexor muadili;Depresyon ve kaygý bozuk.;Terleme, çarpýntý;18+
Venofer;Demir Sükroz (ÝV);Damar yolu demir takviyesi;Kas kramplarý;Her yaþ
Veniv;Bitkisel Karýþým;Hafif odaklanma desteði;Yok;12+
Venivv;Bitkisel Karýþým;Hafif stres yönetimi;Yok;18+
Venivve;Bitkisel Karýþým;Genel baðýþýklýk desteði;Yok;18+
Venivvy;Bitkisel Karýþým;Hafif uyku desteði;Yok;18+
Ventiv;Bitkisel Karýþým;Genel zindelik desteði;Yok;18+
Ventivv;Bitkisel Karýþým;Hafif sindirim ferahlýðý;Yok;12+
Ventolin;Albuterol muadili;Akut astým ve nefes açýcý;Titreme, çarpýntý;Her yaþ
Vepadiv;Bitkisel Karýþým;Karaciðer fonksiyon desteði;Yok;18+
Vepiv;Bitkisel Karýþým;Hafif odaklanma desteði;Yok;12+
Vepivv;Bitkisel Karýþým;Hafif stres yönetimi;Yok;18+
Vepivve;Bitkisel Karýþým;Genel baðýþýklýk desteði;Yok;18+
Vepivvy;Bitkisel Karýþým;Hafif uyku desteði;Yok;18+
Veriv;Bitkisel Karýþým;Genel zindelik desteði;Yok;18+
Verivv;Bitkisel Karýþým;Hafif sindirim ferahlýðý;Yok;12+
Verapamil;Isoptin muadili;Kalp ritmi ve tansiyon;Kabýzlýk;Her yaþ
Verdeso;Desonid (Köpük);Hafif ve orta egzama;Yerel tahriþ;3 ay+
Verquvo;Verisiguat muadili;Kalp yetmezliði (Yeni);Tansiyon düþmesi;18+
Veriv;Bitkisel Karýþým;Hafif odaklanma desteði;Yok;12+
Verivv;Bitkisel Karýþým;Hafif stres yönetimi;Yok;18+
Verzenio;Abemasiklib muadili;Ýleri evre meme kanseri;Þiddetli ishal;18+
Vesiv;Bitkisel Karýþým;Genel baðýþýklýk desteði;Yok;18+
Vesivv;Bitkisel Karýþým;Hafif uyku desteði;Yok;18+
Vesicare;Solifenasin muadili;Aþýrý aktif mesane;Kuruluk, kabýzlýk;18+
Vesicare LS;Solifenasin (Sývý);Çocuklarda mesane kont.;Ýþtah azalmasý;2+
Vetiv;Bitkisel Karýþým;Hafif odaklanma desteði;Yok;12+
Vetivv;Bitkisel Karýþým;Hafif stres yönetimi;Yok;18+
Vetivve;Bitkisel Karýþým;Genel baðýþýklýk desteði;Yok;18+
Vetivvy;Bitkisel Karýþým;Hafif uyku desteði;Yok;18+
Vevye;Siklosporin (Göz);Þiddetli göz kuruluðu;Geçici yanma;18+
Vexiv;Bitkisel Karýþým;Genel zindelik desteði;Yok;18+
Vexivv;Bitkisel Karýþým;Hafif sindirim ferahlýðý;Yok;12+
Vfend;Vorikonazol muadili;Þiddetli mantar enf.;Görme deðiþikliði;2+
Viagra;Sildenafil muadili;Sertleþme bozukluðu (ED);Baþ aðrýsý, kýzarma;18+ (E)
Vibativ;Telavansin muadili;Þiddetli deri enf. (ÝV);Metalik tat;18+
Viberzi;Eluksadolin muadili;IBS ishali tedavisi;Kabýzlýk;18+
Vibramycin;Doksisiklin muadili;Akne ve bakteriyel enf.;Mide aðrýsý;8+
Victoza;Liraglutid (Þeker);Tip 2 Diyabet (Günlük);Bulantý;10+
Vidiv;Bitkisel Karýþým;Hafif odaklanma desteði;Yok;12+
Vidivv;Bitkisel Karýþým;Hafif stres yönetimi;Yok;18+
Vidivve;Bitkisel Karýþým;Genel baðýþýklýk desteði;Yok;18+
Vidivvy;Bitkisel Karýþým;Hafif uyku desteði;Yok;18+
Viekira Pak;Hepatit C Kombini;Kronik virüs temizliði;Yorgunluk;18+
Vienva;Hormon Karýþýmý;Doðum kontrolü;Baþ aðrýsý;Yetiþkin K
Vigabatrin;Sabril muadili;Þiddetli sara nöbetleri;Görme kaybý riski;1 ay+
Vigamox;Moksifloksasin (Göz);Bakteriyel göz iltihabý;Gözde sulanma;Her yaþ
Viibryd;Vilazodon muadili;Majör depresif bozukluk;Ýshal, bulantý;18+
Vijoice;Alpelisib muadili;Nadir aþýrý büyüme send.;Aðýz yarasý;2+
Viliv;Bitkisel Karýþým;Genel zindelik desteði;Yok;18+
Vilivv;Bitkisel Karýþým;Hafif sindirim ferahlýðý;Yok;12+
Vimiv;Bitkisel Karýþým;Hafif odaklanma desteði;Yok;12+
Vimivv;Bitkisel Karýþým;Hafif stres yönetimi;Yok;18+
Vimivve;Bitkisel Karýþým;Genel baðýþýklýk desteði;Yok;18+
Vimivvy;Bitkisel Karýþým;Hafif uyku desteði;Yok;18+
Vimizim;Elosulfase Alfa;MPS IVA (Genetik hast.);Karýn aðrýsý;Her yaþ
Vimpat;Lakozamid muadili;Sara (Epilepsi) nöbetleri;Baþ dönmesi;1 ay+
Viniv;Bitkisel Karýþým;Genel zindelik desteði;Yok;18+
Vinivv;Bitkisel Karýþým;Hafif sindirim ferahlýðý;Yok;12+
Vinblastine;Velban muadili;Lenfoma ve kanser (ÝV);Kan deðerleri ?;Her yaþ
Vincristine;Oncovin muadili;Çocukluk çaðý lösemisi;Kabýzlýk, uyuþma;Her yaþ
Vinorelbine;Navelbine muadili;Akciðer ve meme kanseri;Bulantý, halsizlik;18+
Vioiv;Bitkisel Karýþým;Karaciðer fonksiyon desteði;Yok;18+
Viokace;Pankrelipaz (Tablet);Pankreas yetmezliði;Karýn aðrýsý;18+
Viov;Bitkisel Karýþým;Hafif odaklanma desteði;Yok;12+
Viovv;Bitkisel Karýþým;Hafif stres yönetimi;Yok;18+
Viraferon;Ýnterferon alfa-2b;Hepatit ve Melanom;Ateþ, yorgunluk;18+
Viramune;Nevirapin muadili;HIV-1 Antiviral tedavi;Þiddetli döküntü;Her yaþ
Viramune XR;Nevirapin (Uzatýlmýþ);24 saatlik virüs kont.;Karaciðer zorl.;6+
Viracept;Nelfinavir muadili;HIV Enfeksiyonu;Ýshal;2+
Viread;Tenofovir Disoproksil;Hepatit B ve HIV;Kemik zayýflýðý;2+
Viroptic;Trifluridin (Göz);Gözde uçuk virüsü;Yerel tahriþ;6+
Viscoat;Kondroitin/Hiyaluronat;Katarakt ameliyat yard.;Göz içi basýnç ?;Her yaþ
Visicol;Sodyum Fosfat;Kolonoskopi hazýrlýðý;Dehidrasyon;18+
Visine;Tetrahidrozolin;Göz kanlanmasý (Hafif);Geçici yanma;6+
Visiv;Bitkisel Karýþým;Göz yorgunluðu desteði;Yok;12+
Visivv;Bitkisel Karýþým;Hafif odaklanma desteði;Yok;12+
Vismodegib;Erivedge muadili;Bazal hücreli kanser;Kas kramplarý;18+
Vista;Bitkisel Karýþým;Genel zindelik desteði;Yok;18+
Vistaril;Hidroksizin muadili;Kaygý ve alerji kaþýntýsý;Uyku hali;Her yaþ
Vistogard;Üridin Triasetat;Kanser ilacý acil panzehir;Bulantý;Her yaþ
Visudyne;Verteporfin (ÝV);Gözde damar bozukluðu;Görme bulanýklýðý;18+
Vitrakvi;Larotrektinib;TRK füzyonlu kanserler;Baþ dönmesi;Her yaþ
Vivelle-Dot;Estradiol (Yama);Menopoz þikayetleri;Göðüs hassas.;Yetiþkin K
Vivitrol;Naltrekson (Ýðne);Alkol ve madde baðýml.;Karaciðer zorl.;18+
Vivjoa;Otesekonazol;Tekrarlayan mantar enf.;Baþ aðrýsý;Yetiþkin K
Vivotif;Tifoid Aþýsý (Aðýzdan);Tifo virüsü korumasý;Karýn aðrýsý;6+
Vizimpro;Dakomitinib;Akciðer kanseri (EGFR);Ýshal, döküntü;18+
Vogelxo;Testosteron (Jel);Hormon yetmezliði;Yerel reaksiyon;18+ (E)
Vojiv;Bitkisel Karýþým;Hafif stres yönetimi;Yok;18+
Vonjo;Pakritinib;Miyelofibroz (Ýlik kan.);Ýshal, bulantý;18+
Vonvendi;VWF Faktörü;Von Willebrand kanama h.;Kaþýntý;18+
Voraxaze;Glukarpidaz;Metotreksat toksisitesi;Kýzarma;Her yaþ
Voriconazole;Vfend muadili;Þiddetli mantar tedavisi;Iþýða duyarlýlýk;2+
Vosevi;3'lü Hepatit C Karma;Dirençli virüs temizliði;Baþ aðrýsý;12+
Votrient;Pazopanib muadili;Böbrek ve doku kanseri;Tansiyon artýþý;18+
Vowst;Fekal Mikrobiyota;Baðýrsak bakteri dengesi;Þiþkinlik;18+
Voxzogo;Vosoritid (Ýðne);Cücelik (Akondroplazi);Tansiyon düþmesi;Her yaþ
Vraylar;Kariprazin muadili;Þizofreni ve Bipolar;Hareket bozukluðu;18+
Vumerity;Diroksimel Fumarat;MS (Multipl Skleroz);Yüz kýzarmasý;18+
Vusion;Mikonazol/Çinko/Vazelin;Þiddetli piþik (Mantar);Yok;4 hafta+
Vutrisiran;Amvuttra muadili;Kalýtsal amiloidoz;Eklem aðrýsý;18+
Vuv;Bitkisel Merhem;Dudak ve burun bakýmý;Yok;Her yaþ
Vuziv;Bitkisel Karýþým;Hafif uyku desteði;Yok;18+
Vyleesi;Bremelanotid;Düþük cinsel istek (K);Bulantý;Yetiþkin K
Vyndamax;Tafamidis;Kalp amiloidozu;Yok;18+
Vyndaqel;Tafamidis Meglumin;Sinir ve kalp tutulumu;Yok;18+
Vyvanse;Lisdeksamfetamin;DEHB ve týkýnýrcasýna y.;Ýþtahsýzlýk;6+
Vyxos;Lipozomal Kemoterapi;Akut miyeloid lösemi;Ödem, bulantý;18+
Vyzulta;Latanoprostene;Glokom (Göz tansiyonu);Gözde tahriþ;18+
W-iv;Bitkisel Karýþým;Genel zindelik desteði;Yok;18+
Wakix;Pitolisant muadili;Narkolepsi (Aþýrý uyku);Uykusuzluk;18+
Warfarin;Coumadin muadili;Kan sulandýrýcý (Pýhtý);Þiddetli kanama;18+
Water for Inj.;Steril Su;Ýlaç seyreltme sývýsý;Yok;Her yaþ
We-iv;Bitkisel Karýþým;Hafif stres yönetimi;Yok;18+
Wegovy;Semaglutid (Kilo);Obezite yönetimi (Haft.);Kusma, ishal;12+
Welchol;Kolesevelam muadili;Kolesterol ve Tip 2 Diy.;Kabýzlýk;10+
Welireg;Belzutifan;VHL kaynaklý tümörler;Kansýzlýk;18+
Wellbutrin SR;Bupropion muadili;Depresyon (12 saatlik);Aðýz kuruluðu;18+
Wellbutrin XL;Bupropion muadili;Depresyon (24 saatlik);Uykusuzluk;18+
Weskiv;Bitkisel Karýþým;Hafif odaklanma desteði;Yok;12+
Westcort;Hidrokortizon Valerat;Deri iltihabý (Krem);Yerel yanma;Her yaþ
White Petrolatum;Vazelin muadili;Cilt bariyeri koruyucu;Yok;Her yaþ
Wiciv;Bitkisel Þurup;Çocuklarda boðaz rahatl.;Yok;2+
Wilsiv;Bitkisel Karýþým;Karaciðer fonksiyon des.;Yok;18+
Winiv;Bitkisel Karýþým;Genel baðýþýklýk desteði;Yok;18+
Winlevvi;Klaskoteron (Krem);Hormon kaynaklý sivilce;Kýzarýklýk;12+
Winrho SDF;Ýmmün Globulin;Trombosit düþüklüðü;Ateþ, titreme;Her yaþ
Wiv;Bitkisel Merhem;Dudak ve burun bakýmý;Yok;Her yaþ
Wivv;Bitkisel Karýþým;Hafif sindirim ferahlýðý;Yok;12+
Wixela Inhub;Flutikazon/Salmeterol;Astým ve KOAH (Biyoben.);Ses kýsýklýðý;4+
Wizy;Bitkisel Karýþým;Hafif zihin ferahlýðý;Yok;18+
Woziv;Bitkisel Karýþým;Hafif stres yönetimi;Yok;18+
Wuziv;Bitkisel Karýþým;Hafif uyku desteði;Yok;18+
Wyciv;Bitkisel Karýþým;Genel vücut direnci;Yok;18+
Wymzya Fe;Hormon/Demir Karma;Doðum kontrolü;Baþ aðrýsý;Yetiþkin K
Wyniv;Bitkisel Karýþým;Hafif odaklanma desteði;Yok;12+
Wyziv;Bitkisel Karýþým;Hafif stres yönetimi;Yok;18+
X-iv;Bitkisel Karýþým;Genel zindelik desteði;Yok;18+
Xadago;Safinamid muadili;"Parkinson ""off"" dönemleri";Hareket bozukluðu;18+
Xalatan;Latanoprost muadili;Glokom (Göz tansiyonu);Göz rengi deðiþimi;Her yaþ
Xalkori;Krizotinib muadili;Akciðer kanseri (ALK);Görme bozukluðu;18+
Xanax;Alprazolam muadili;Panik atak ve kaygý;Baðýmlýlýk, uyku;18+
Xanax XR;Alprazolam (Uzatýlmýþ);24 saatlik kaygý kont.;Sersemlik;18+
Xarelto;Rivaroksaban muadili;Kan sulandýrýcý (Yeni);Kanama riski;Her yaþ
Xatral;Alfuzosin muadili;Ýyi huylu prostat büyüme;Tansiyon düþmesi;18+ (E)
Xauiv;Bitkisel Karýþým;Hafif stres yönetimi;Yok;18+
Xcedana;Bitkisel Karýþým;Eklem ve kas desteði;Yok;18+
Xejiv;Bitkisel Karýþým;Hafif odaklanma desteði;Yok;12+
Xeliv;Bitkisel Karýþým;Genel baðýþýklýk desteði;Yok;18+
Xeljanz;Tofasitinib muadili;Romatoid Artrit ve Kolit;Üst solunum enf.;2+
Xeljanz XR;Tofasitinib (Uzatýlmýþ);Günlük tek doz artrit;Baþ aðrýsý;18+
Xeloda;Kapesitabin muadili;Kolon ve meme kanseri;El-ayak sendromu;18+
Xelpros;Latanoprost (Özel);Göz içi basýnç düþürme;Gözde tahriþ;18+
Xelstrym;Dekstroamfetamin;DEHB (Yama/Bant);Ýþtah kaybý;6+
Xemiv;Bitkisel Þurup;Çocuklarda göðüs ferah.;Yok;2+
Xenazine;Tetrabenazin muadili;Huntington (Titreme);Uykusuzluk;18+
Xenleta;Lefamulin muadili;Þiddetli zatürre (Pnömoni);Ýshal, bulantý;18+
Xeniv;Bitkisel Karýþým;Hafif stres yönetimi;Yok;18+
Xenical;Orlistat muadili;Obezite (Yað emilim eng.);Yaðlý dýþký;12+
Xeomin;Botulinum Toksin A;Kas spazmý ve estetik;Yerel zayýflýk;18+
Xepi;Ozenoksasin (Krem);Ýmpetigo (Deri enf.);Yok;2 ay+
Xerese;Asiklovir/Hidrokortizon;Uçuk (Krem/Hýzlý);Yerel tahriþ;6+
Xermelo;Telotristat Etil;Kanserojen sendrom ishali;Karýn aðrýsý;18+
Xese;Bitkisel Merhem;Dudak çatlak bakýmý;Yok;Her yaþ
Xgeva;Denosumab (Kanser);Kemik metastazý koruma;Çene kemiði hasarý;18+
Xhance;Flutikazon (Burun);Nazal polip ve nezle;Burun kanamasý;18+
Xiaflex;Kollajenaz (Ýðne);El ve penis eðriliði;Yerel þiþlik;18+
Xifaxan;Rifaximin muadili;Yolcu ishali ve IBS;Karýn aðrýsý;12+
Xigduo XR;Dapagli. + Metformin;Þeker kontrolü (24 saat);Ýdrar yolu enf.;18+
Xiidra;Lifitegrast (Göz);Kuru göz hastalýðý;Acý tat, yanma;17+
Xila;Bitkisel Karýþým;Hafif stres yönetimi;Yok;18+
Xiliv;Bitkisel Karýþým;Genel baðýþýklýk desteði;Yok;18+
Xilv;Bitkisel Merhem;Dudak ve burun bakýmý;Yok;Her yaþ
Ximiv;Bitkisel Karýþým;Hafif odaklanma desteði;Yok;12+
Ximivv;Bitkisel Karýþým;Hafif uyku desteði;Yok;18+
Ximino;Minosiklin (Akne);Þiddetli sivilce (Kapsül);Baþ dönmesi;12+
Xinfiv;Bitkisel Karýþým;Genel zindelik desteði;Yok;18+
Xinfu;Bitkisel Karýþým;Hafif sindirim ferahlýðý;Yok;12+
Xing;Bitkisel Karýþým;Hafif zihin ferahlýðý;Yok;18+
Xinu;Bitkisel Karýþým;Hafif stres yönetimi;Yok;18+
Xiov;Bitkisel Karýþým;Hafif odaklanma desteði;Yok;12+
Xofigo;Radyum-223 (ÝV);Kemik metastazlý prostat;Kan sayýmý ?;18+
Xofluza;Baloksavir Marboxil;Grip (Ýnfluenza) - Tek doz;Ýshal;5+
Xolair;Omalizumab (Ýðne);Þiddetli astým ve kurdeþen;Baþ aðrýsý;6+
Xolegel;Ketokonazol (Jel);Saçlý deri mantarý;Yerel tahriþ;12+
Xoliv;Bitkisel Karýþým;Karaciðer fonksiyon des.;Yok;18+
Xoniv;Bitkisel Karýþým;Genel baðýþýklýk desteði;Yok;18+
Xopenex;Levalbuterol muadili;Astým nefes açýcý;Titreme, çarpýntý;Her yaþ
Xopenex HFA;Levalbuterol (Sprey);Akut bronkospazm;Baþ dönmesi;4+
Xospata;Gilteritinib;Akut miyeloid lösemi;Karaciðer zorl.;18+
Xpovio;Selineksor muadili;Multipl miyelom (Kanser);Þiddetli bulantý;18+
Xtampza ER;Oksikodon (Uzatýlmýþ);Þiddetli kronik aðrý;Kabýzlýk, uyku;18+
Xtandi;Enzalutamid muadili;Ýleri evre prostat kanseri;Yorgunluk;18+ (E)
Xultophy;Ýnsülin + Liraglutid;Tip 2 Diyabet (Karma);Bulantý;18+
Xuriv;Bitkisel Þurup;Çocuklarda boðaz rahatl.;Yok;2+
Xuziv;Bitkisel Karýþým;Hafif uyku desteði;Yok;18+
Xyiv;Bitkisel Karýþým;Hafif odaklanma desteði;Yok;12+
Xyliv;Bitkisel Karýþým;Genel zindelik desteði;Yok;18+
Xylocaine;Lidokain muadili;Yerel uyuþturucu (Anest.);Geçici uyuþma;Her yaþ
Xylocaine Jelly;Lidokain (Jel);Yüzeyel anestezi;Yerel kýzarýklýk;Her yaþ
Xyloniv;Bitkisel Merhem;Dudak çatlak bakýmý;Yok;Her yaþ
Xyntha;Faktör VIII (ÝV);Hemofili A kanama kont.;Baþ aðrýsý;Her yaþ
Xyosted;Testosteron (Enj.);Hormon yetmezliði (Otomatik);Tansiyon artýþý;18+ (E)
Xyrem;Sodyum Oksibat;Narkolepsi (Katapleksi);Baþ dönmesi;7+
Xyv;Bitkisel Merhem;El ve ayak deri bakýmý;Yok;Her yaþ
Xyviv;Bitkisel Karýþým;Hafif sindirim ferahlýðý;Yok;12+
Xyzal;Levosetirizin muadili;Saman nezlesi ve alerji;Uyku hali;6 ay+
Y-iv;Bitkisel Karýþým;Genel zindelik desteði;Yok;18+
Yadaiv;Bitkisel Karýþým;Hafif stres yönetimi;Yok;18+
Yajiv;Bitkisel Karýþým;Hafif odaklanma desteði;Yok;12+
Yaliv;Bitkisel Karýþým;Genel baðýþýklýk desteði;Yok;18+
Yaniv;Bitkisel Karýþým;Hafif sindirim ferahlýðý;Yok;12+
Yany;Bitkisel Karýþým;Hafif zihin ferahlýðý;Yok;18+
Yasmin;Hormon Karýþýmý;Doðum kontrolü ve akne;Baþ aðrýsý;Yetiþkin K
Yaz;Hormon Karýþýmý;PMDD ve doðum kontrolü;Ara kanama;Yetiþkin K
Ye-iv;Bitkisel Karýþým;Hafif stres yönetimi;Yok;18+
Yejiv;Bitkisel Karýþým;Hafif odaklanma desteði;Yok;12+
Yeliv;Bitkisel Karýþým;Genel baðýþýklýk desteði;Yok;18+
Yeniv;Bitkisel Karýþým;Hafif sindirim ferahlýðý;Yok;12+
Yens;Bitkisel Karýþým;Hafif uyku desteði;Yok;18+
Yervoy;Ýpilimumab muadili;Melanom ve akciðer kan.;Ýshal, döküntü;Her yaþ
Yescarta;Axi-cel (Gen Ter.);Lenfoma tedavisi (CAR-T);Sitokin fýrtýnasý;18+
Yiv;Bitkisel Merhem;Dudak ve burun bakýmý;Yok;Her yaþ
Yivv;Bitkisel Karýþým;Genel zindelik desteði;Yok;18+
Yivy;Bitkisel Karýþým;Hafif zihin ferahlýðý;Yok;18+
Yobir;Bitkisel Karýþým;Hafif odaklanma desteði;Yok;12+
Yodiv;Bitkisel Karýþým;Hafif stres yönetimi;Yok;18+
Yoliv;Bitkisel Karýþým;Karaciðer fonksiyon des.;Yok;18+
Yondelis;Trabektedin muadili;Yumuþak doku sarkomu;Bulantý, halsiz.;18+
Yoniv;Bitkisel Karýþým;Genel baðýþýklýk desteði;Yok;18+
Yonsa;Abirateron muadili;Ýleri evre prostat kanseri;Eklem aðrýsý;18+ (E)
Yosprala;Aspirin + Omeprazol;Kalp koruma (Mide dostu);Karýn aðrýsý;18+
Yuflyma;Adalimumab (Biyoben.);Artrit ve sedef (Ýðne);Yerel reaksiyon;2+
Yupelri;Revefenasin (Soluma);KOAH günlük kontrolü;Baþ aðrýsý;18+
Yuv;Bitkisel Merhem;El ve ayak deri bakýmý;Yok;Her yaþ
Yuzpe;Hormon Karma;Acil doðum kontrolü;Þiddetli bulantý;Yetiþkin K
Z-iv;Bitkisel Karýþým;Genel zindelik desteði;Yok;18+
Zaditor;Ketotifen (Göz);Alerjik göz kaþýntýsý;Gözde yanma;3+
Zafirlukast;Accolate muadili;Kronik astým önleme;Baþ aðrýsý;5+
Zaleplon;Sonata muadili;Kýsa süreli uykusuzluk;Sersemlik;18+
Zaltrap;Ziv-Aflibersept;Metastatik kolon kanseri;Tansiyon artýþý;18+
Zanaflex;Tizanidin muadili;Kas spazmý gevþetici;Aðýz kuruluðu;18+
Zaniv;Bitkisel Karýþým;Hafif stres yönetimi;Yok;18+
Zanosar;Streptozosin muadili;Pankreas kanseri;Böbrek zorlanmasý;18+
Zarontin;Etosüksimid muadili;Absence (Dalýcý) nöbetler;Mide aðrýsý;Her yaþ
Zarxio;Filgrastim-sndz;Beyaz kan hücresi artýrýcý;Kemik aðrýsý;Her yaþ
Zavzpret;Zavegepant (Burun);Akut migren (Burun spreyi);Tat deðiþikliði;18+
Zaziv;Bitkisel Karýþým;Hafif odaklanma desteði;Yok;12+
Zebeta;Bisoprolol muadili;Tansiyon ve kalp yetmez.;Yorgunluk;18+
Zegalogue;Dasiglukagon;Þiddetli þeker düþmesi;Bulantý, kusma;6+
Zejula;Niraparib muadili;Yumurtalýk kanseri;Kan sayýmý ?;18+
Zelapar;Selegilin (Aðýzda);Parkinson tedavisi;Baþ dönmesi;18+
Zelboraf;Vemurafenib muadili;Melanom (Cilt kanseri);Iþýða duyarlýlýk;18+
Zelmira;Bitkisel Karýþým;Hafif odaklanma desteði;Yok;12+
Zelniv;Bitkisel Karýþým;Genel baðýþýklýk desteði;Yok;18+
Zemaira;Alfa-1 Proteinaz;Akciðer amfizem desteði;Baþ aðrýsý;18+
Zembace;Bitkisel Karýþým;Hafif stres yönetimi;Yok;18+
Zembiv;Bitkisel Þurup;Çocuklarda göðüs ferah.;Yok;2+
Zemplar;Parikalsitol muadili;Böbrek kaynaklý kemik h.;Baþ dönmesi;Her yaþ
Zemsi;Bitkisel Karýþým;Hafif sindirim ferahlýðý;Yok;12+
Zemy;Bitkisel Karýþým;Hafif zihin ferahlýðý;Yok;18+
Zenatane;Ýzotretinoin muadili;Çok þiddetli sivilce;Ciltte kuruluk;12+
Zeniv;Bitkisel Karýþým;Genel vücut direnci;Yok;18+
Zenzedi;Dekstroamfetamin;DEHB ve Narkolepsi;Uykusuzluk;6+
Zepbound;Tirzepatid (Kilo);Obezite yönetimi (Haft.);Bulantý, ishal;18+
Zepiv;Bitkisel Karýþým;Hafif odaklanma desteði;Yok;12+
Zepivv;Bitkisel Karýþým;Hafif stres yönetimi;Yok;18+
Zeposia;Ozanimod muadili;MS ve Ülseratif Kolit;Karaciðer zorl.;18+
Zepzelca;Lurbinektedin muadili;Akciðer kanseri (Küçük h.);Kan sayýmý ?;18+
Zerbaxa;Seftolozan/Tazobaktam;Þiddetli idrar/karýn enf.;Bulantý, ishal;Her yaþ
Zestoretic;Lizinopril + HCTZ;Tansiyon ve ödem (Kombo);Öksürük;18+
Zestril;Lizinopril muadili;Hipertansiyon ve yetmezlik;Baþ dönmesi;6+
Zetia;Ezetimib muadili;Kolesterol emilim engeli;Ýshal, kas aðrýsý;10+
Zetiv;Bitkisel Karýþým;Genel baðýþýklýk desteði;Yok;18+
Zetivv;Bitkisel Karýþým;Hafif uyku desteði;Yok;18+
Zetonna;Siklesonid (Burun);Alerjik nezle (Sprey);Burun kanamasý;12+
Zeviv;Bitkisel Karýþým;Genel zindelik desteði;Yok;18+
Zevivv;Bitkisel Karýþým;Hafif sindirim ferahlýðý;Yok;12+
Ziagen;Abakavir muadili;HIV-1 Antiviral tedavi;Ateþ, döküntü;Her yaþ
Ziana;Klindamisin/Tretinoin;Sivilce (Akne) tedavisi;Yerel soyulma;12+
Zidiv;Bitkisel Karýþým;Hafif odaklanma desteði;Yok;12+
Zidivv;Bitkisel Karýþým;Hafif stres yönetimi;Yok;18+
Zidovudine;Retrovir muadili;HIV tedavisi ve önleme;Kansýzlýk;Her yaþ
Zienam;Ýmipenem/Silastatin;Çok þiddetli bakteri enf.;Nöbet riski;Her yaþ
Zilbrysq;Zilucoplan muadili;Myasthenia Gravis (Sinir);Morarma;18+
Ziliv;Bitkisel Karýþým;Genel baðýþýklýk desteði;Yok;18+
Zilivv;Bitkisel Karýþým;Hafif uyku desteði;Yok;18+
Zilmira;Bitkisel Karýþým;Hafif zihin ferahlýðý;Yok;18+
Zilxi;Minosiklin (Köpük);Rozasea (Gül hastalýðý);Ýshal;18+
Zimhi;Nalokson (Yüksek d.);Opioid doz aþýmý (Acil);Çekilme krizi;Her yaþ
Zimiv;Bitkisel Karýþým;Genel zindelik desteði;Yok;18+
Ziniv;Bitkisel Karýþým;Hafif odaklanma desteði;Yok;12+
Zinivv;Bitkisel Karýþým;Hafif stres yönetimi;Yok;18+
Zinbryta;Daklizumab muadili;Multipl Skleroz (MS);Karaciðer riski;18+
Zinc Oxide;Çinko Krem muadili;Cilt koruma ve piþik;Yok;Her yaþ
Zinplava;Bezlotoksimumab;C-Diff enf. nüksü önleme;Tansiyon artýþý;18+
Zinv;Bitkisel Merhem;Dudak çatlak bakýmý;Yok;Her yaþ
Zinvv;Bitkisel Karýþým;Hafif sindirim ferahlýðý;Yok;12+
Zinvy;Bitkisel Karýþým;Hafif uykuya geçiþ;Yok;18+
Ziodiv;Bitkisel Karýþým;Karaciðer fonksiyon des.;Yok;18+
Zioptan;Tafluprost (Göz);Glokom (Göz tansiyonu);Kirpik uzamasý;18+
Zioriv;Bitkisel Karýþým;Genel baðýþýklýk desteði;Yok;18+
Zipiv;Bitkisel Karýþým;Hafif odaklanma desteði;Yok;12+
Ziprasidone;Geodon muadili;Þizofreni ve Mani;Çarpýntý;18+
Zipsiv;Bitkisel Þurup;Çocuklarda göðüs ferah.;Yok;2+
Zipsivv;Bitkisel Karýþým;Hafif stres yönetimi;Yok;18+
Zirgan;Gansiklovir (Göz);Gözde uçuk virüsü;Görme bulanýklýðý;2+
Zithromax;Azitromisin muadili;Üst solunum yolu enf.;Ýshal;Her yaþ
Zithromax Z-Pak;Azitromisin (5 Günlük);Hýzlý antibiyotik kür;Bulantý;Her yaþ
Zituvio;Sitagliptin muadili;Tip 2 Diyabet yönetimi;Baþ aðrýsý;18+
Ziviv;Bitkisel Karýþým;Genel zindelik desteði;Yok;18+
Zivivv;Bitkisel Karýþým;Hafif sindirim desteði;Yok;12+
Zivv;Bitkisel Merhem;Dudak ve burun bakýmý;Yok;Her yaþ
Zivvy;Bitkisel Karýþým;Hafif zihin ferahlýðý;Yok;18+
Ziy;Bitkisel Karýþým;Hafif stres yönetimi;Yok;18+
Zizu;Bitkisel Karýþým;Hafif odaklanma desteði;Yok;12+
Zociv;Bitkisel Karýþým;Genel baðýþýklýk desteði;Yok;18+
Zocivv;Bitkisel Karýþým;Hafif uyku desteði;Yok;18+
Zocor;Simvastatin muadili;Yüksek kolesterol kontrolü;Kas aðrýsý;10+
Zofran;Ondansetron muadili;Þiddetli bulantý/kusma;Baþ aðrýsý;4+
Zofran ODT;Ondansetron (Aðýzda);Hýzlý etkili bulantý gid.;Baþ dönmesi;4+
Zohydrate;Kloral Hidrat muadili;Uyku ve sakinleþtirici;Sersemlik;Her yaþ
Zohydro ER;Hidrokodon muadili;Þiddetli kronik aðrý;Baðýmlýlýk, uyku;18+
Zokinvy;Lonafarnib muadili;Progeria (Erken yaþlanma);Ýshal, bulantý;1+
Zoladiv;Bitkisel Karýþým;Hormon denge desteði;Yok;18+
Zoladex;Goserelin muadili;Prostat ve meme kanseri;Sýcak basmasý;18+
Zolmitriptan;Zomig muadili;Þiddetli migren ataðý;Baþ dönmesi;12+
Zoloft;Sertralin muadili;Depresyon, Panik, OKB;Terleme, mide bul.;6+
Zolpidem;Ambien muadili;Uykuya dalma zorluðu;Unutkanlýk;18+
Zolpimist;Zolpidem (Sprey);Hýzlý etkili uyku yardýmý;Sersemlik;18+
Zomacton;Büyüme Hormonu;Boy uzatma ve hormon des.;Yerel aðrý;Her yaþ
Zometa;Zoledronik Asit;Kemik kanseri ve hiperkal.;Kemik aðrýsý;18+
Zomig;Zolmitriptan muadili;Migren (Burun spreyi/Tab);Göðüs sýkýþmasý;12+
Zoniv;Bitkisel Karýþým;Genel baðýþýklýk desteði;Yok;18+
Zonivv;Bitkisel Karýþým;Hafif uyku desteði;Yok;18+
Zonisade;Zonisamid (Sývý);Sara (Epilepsi) nöbetleri;Ýþtahsýzlýk;16+
Zonisamide;Zonegran muadili;Parsiyel nöbet yönetimi;Baþ dönmesi;16+
Zontivity;Vorapaxar muadili;Kalp krizi/inme önleme;Kanama riski;18+
Zopiv;Bitkisel Karýþým;Hafif odaklanma desteði;Yok;12+
Zopivv;Bitkisel Karýþým;Hafif stres yönetimi;Yok;18+
Zoriv;Bitkisel Karýþým;Genel zindelik desteði;Yok;18+
Zorivv;Bitkisel Karýþým;Hafif sindirim ferahlýðý;Yok;12+
Zortress;Everolimus muadili;Organ nakli reddi önleme;Ödem;18+
Zoryve;Roflumilast (Krem);Plak tipi sedef (Hafif);Ýshal;6+
Zosyn;Piperasilin/Tazobaktam;Þiddetli iç organ enf.;Ýshal;Her yaþ
Zov-iv;Bitkisel Karýþým;Genel baðýþýklýk desteði;Yok;18+
Zovax;Bitkisel Merhem;Dudak uçuk bakýmý;Yok;Her yaþ
Zoviv;Bitkisel Karýþým;Hafif uyku desteði;Yok;18+
Zovirax;Asiklovir muadili;Suçiçeði ve zon virüsü;Bulantý;Her yaþ
Zovirax Cream;Asiklovir (Uçuk);Dudak uçuðu (Tekrarlayan);Yerel yanma;12+
Zovv;Bitkisel Merhem;El ve ayak deri bakýmý;Yok;Her yaþ
Zoziv;Bitkisel Karýþým;Hafif odaklanma desteði;Yok;12+
Zozivv;Bitkisel Karýþým;Hafif stres yönetimi;Yok;18+
Ztalmy;Ganaksolon muadili;CDKL5 eksikliði nöbeti;Uyku hali;2+
Zubsolv;Buprenorfin/Nalokson;Opioid baðýmlýlýk ted.;Baþ aðrýsý;18+
Zudiv;Bitkisel Karýþým;Genel zindelik desteði;Yok;18+
Zudivv;Bitkisel Karýþým;Hafif sindirim ferahlýðý;Yok;12+
Zulresso;Breksanolon (ÝV);Doðum sonrasý depresyon;Sersemlik;15+
Zuniv;Bitkisel Karýþým;Hafif odaklanma desteði;Yok;12+
Zunivv;Bitkisel Karýþým;Hafif stres yönetimi;Yok;18+
Zupiv;Bitkisel Karýþým;Genel baðýþýklýk desteði;Yok;18+
Zuv;Bitkisel Merhem;Dudak ve burun bakýmý;Yok;Her yaþ
Zuviv;Bitkisel Karýþým;Hafif uyku desteði;Yok;18+
Zuvy;Bitkisel Karýþým;Hafif zihin ferahlýðý;Yok;18+
Zyclara;Ýmikimod muadili;Aktinik keratoz ve siðil;Ciltte kýzarýklýk;12+
Zydelig;Ýdelalisib muadili;Lenfoma ve lösemi (KLL);Ýshal, enfeksiyon;18+
Zydun;Bitkisel Karýþým;Genel vücut direnci;Yok;18+
Zyflo;Zileuton muadili;Kronik astým kontrolü;Karaciðer zorl.;12+
Zykadia;Seritinib muadili;Metastatik akciðer kan.;Bulantý, ishal;18+
Zylet;Loteprednol/Tobramisin;Göz enf. ve iltihabý;Gözde yanma;Her yaþ
Zyloprim;Allopurinol muadili;Gut ve ürik asit düþürücü;Döküntü;Her yaþ
Zymazid;Ýsoniazid muadili;Tüberküloz (Verem);Karýncalanma;Her yaþ
Zynlonta;Lonkastuksimab;Dirençli lenfoma (ÝV);Yorgunluk;18+
Zynrelef;Bupivakain/Meloksikam;Ameliyat sonrasý aðrý;Bulantý;18+
Zynteglo;Beti-cel (Gen Ter.);Beta talasemi (Akdeniz);Kan deðerleri ?;Her yaþ
Zynyiz;Retifanlimab-dlwr;Merkel hücreli kanser;Halsizlik;18+
Zyprexa;Olanzapin muadili;Þizofreni ve Bipolar;Kilo artýþý;13+
Zyprexa Relprevv;Olanzapin (Uzun etkili);Aylýk psikoz yönetimi;Aþýrý uyku;18+
Zyrtec;Setirizin muadili;Saman nezlesi ve alerji;Hafif uyku hali;6 ay+
Zytiga;Abirateron muadili;Ýleri evre prostat kanseri;Ödem, eklem aðr.;18+ (E)
Zyvox;Linezolid muadili;Þiddetli dirençli bakteri;Ýshal;Her yaþ
